text,label
Ya no reconozco la ilusión que antes tenía por las cosas simples de la vida.,2
Siento que cargo con demasiadas responsabilidades ahorita.,1
Estoy viendo tutoriales de maquillaje para un evento.,0
Me duele ver la felicidad en los demás y no poder sentirla.,2
Mi profesor de música dijo que toco bien el piano.,0
Ya me cuesta trabajo levantarme sin sentir pereza total.,1
"Ya perdí el gusto por cocinar, algo que antes me relajaba tanto.",2
Mi gato duerme en posiciones muy extrañas.,0
El bebé lloró toda la noche y yo ando funcionando a puro café.,1
Hoy discutí con mi hermano y quedé de mal humor.,1
Las cuentas del mes me tienen algo intranquilo.,1
Siento que estoy soñando despierto pero el sueño es pesadilla.,2
"Ando algo desmotivado con el gimnasio, ya no le hallo el gusto.",1
Se me hace bola todo lo que tengo que entregar antes de fin de mes.,1
Siento que he perdido el rumbo por completo.,2
Se me complicó cuadrar los horarios entre las dos chambas que tengo.,1
La falta de propósito me tiene perdido.,2
Mi compañero de cuarto cocinó algo delicioso hoy.,0
Mi existencia es un error que quiero corregir.,3
Estoy leyendo un libro que me regaló mi abuelo.,0
Ya no hay motivos que valgan la pena para quedarme.,3
"Ya no tengo ánimo ni para cosas que antes hacía sin pensarlo, como salir a caminar.",2
El costo de la luz subió demasiado este mes.,1
Las discusiones en casa me tienen agotado.,1
Ya no tengo fuerzas para seguir este camino.,3
Quiero que mi nombre se borre de todos los recuerdos.,3
Mi mente está en un lugar muy oscuro.,3
"Ando cansado mentalmente, ha sido mucho trabajo seguido.",1
Hoy me sentí un poco ignorado en la junta.,1
"Siento que perdí las ganas de aprender cosas nuevas, todo me da igual.",2
"Quiero que todo se detenga, no puedo más.",3
No hay persona que pueda detener lo que ya decidí.,3
"Estoy viendo una serie nueva, va bien interesante.",0
Siento que arrastro un cansancio que no se va por más que descanse.,2
Me he resignado a vivir en las sombras de lo que fui.,2
El tránsito pesado me tiene de mal humor toda la semana.,1
Las cosas que antes me emocionaban ahora me dejan completamente frío.,2
"Mi perro aprendió un truco nuevo, está bien listo.",0
Últimamente ceno tarde y duermo fatal.,1
El ascenso que esperaba se lo dieron a otro.,1
Mi cama se ha vuelto mi único refugio del mundo exterior.,2
Mi mamá y yo fuimos de compras al mercado.,0
Compré frutas frescas en el mercado hoy.,0
"Ya no soporto más este dolor, quiero que termine todo.",3
Me siento un poco aislado desde que me mudé.,1
El parque cerca de mi casa tiene senderos ideales para caminar y relajarme.,0
"No veo futuro, solo un vacío sin fin.",3
La exposición de arte en el museo es impresionante.,0
Me despierto y lo único que quiero es que el día termine rápido.,2
"Siento que ya cumplí mi ciclo, es hora de irme.",3
Mi corazón está tan pesado que no puede latir.,3
"Ando distraído, no logro enfocarme en lo que hago.",1
No puedo seguir viviendo con esta angustia constante.,3
Mi compañero de piso es muy organizado y agradable.,0
El dolor emocional se ha vuelto tan normal que ya casi no lo distingo.,2
La impresora siempre se atasca y es frustrante.,1
Hoy cociné algo diferente y quedó muy rico.,0
"El jardín de mi casa está lleno de flores coloridas, es hermoso.",0
"El dolor me ha ganado la batalla, ya no tengo fuerzas.",3
Mi corazón ya no tiene fuerzas para seguir.,3
"Compré una playera nueva, me encantó el diseño.",0
El departamento se siente más vacío desde que mi compañero se mudó.,1
Hay días en que ni siquiera tengo fuerzas para contestar un simple mensaje.,2
Ya no encuentro las ganas de esforzarme por algo mejor.,2
Cada vez me distancio más de la gente sin siquiera notarlo del todo.,2
"Mi perro me acompañó a correr esta mañana, fue divertido.",0
Siento que estoy perdiendo mi esencia.,2
La vida ha perdido todo su brillo.,2
Hoy regué las plantas y podé un poco el jardín.,0
Estoy planeando un picnic con mis compañeros de trabajo.,0
Ya no encuentro consuelo ni en las cosas que antes me hacían sentir mejor.,2
Ando con dolor de espalda por la mala postura.,1
Se me hace un mundo levantarme los lunes últimamente.,1
Siento que hago malabares entre el trabajo y la casa.,1
El banco me rechazó el crédito que solicité.,1
Las noches son el único momento en que puedo ser yo mismo.,2
Cada tarde llego a casa sintiendo que no logré nada realmente importante.,2
"El futuro no existe para mí, solo el presente dolor.",3
No quiero ser una molestia para nadie más.,3
Mi primo y yo vamos a jugar fútbol en el parque.,0
Cada meta que alcanzo se siente como un espejismo sin valor.,2
Hoy me sentí un poco fuera de lugar en la reunión.,1
Siento que estoy lleno de grietas por dentro y no sé cómo repararlas.,2
"El tiempo no cura nada, solo me enseña a vivir con el vacío.",2
Mi pareja no entiende mi estrés laboral.,1
Actualicé mi computadora y ahora va más rápido.,0
Siento que soy un estorbo para mi familia últimamente.,2
Mi hermana y yo discutimos por tonterías.,1
El calor y el tráfico combinados me tienen de un humor pesado.,1
Quiero que mi nombre se borre de los recuerdos.,3
"Me cuesta disfrutar de las reuniones familiares, aunque antes las esperaba con ganas.",2
"Esta noche voy a hacerlo, ya no puedo seguir así.",3
"Siento que todo mi esfuerzo es en vano, nada cambia realmente.",2
Mi mente está en un lugar del que no puedo salir.,3
Los exámenes finales me tienen comiendo mal y durmiendo peor.,1
Se me hizo pesado el regreso a clases después de tanto tiempo en casa.,1
La esperanza se fue hace tiempo y no creo que vuelva.,2
"Todo lo que toco se desmorona, ya no hay esperanza.",3
"Ya no tengo la costumbre de esperar días mejores, simplemente dejo pasar el tiempo.",2
Siento que perdí las ganas de cuidar de mí mismo.,2
Mi vida es un libro que quiero cerrar para siempre.,3
Quiero desconectarme de todo para siempre.,3
Todo me parece un ritual vacío que repito sin sentido.,2
Me siento culpable por no visitar a mi abuela.,1
Quiero que el tiempo se detenga y me lleve.,3
"Siento un vacío que no sé cómo llenar, haga lo que haga.",2
El taller de escritura me tiene muy creativa.,0
Mi mamá me llamó nada más para platicar un rato.,0
La oscuridad me envuelve y ya no quiero luchar.,3
No hay esperanza para alguien como yo.,3
Siento que todo mi esfuerzo es en vano.,2
Ya no quiero ser una carga para nadie.,3
"No quiero despertar, prefiero quedarme dormido.",3
Compré un nuevo set de LEGO para armar con mi hermano.,0
Mi corazón está tan roto que no puede repararse.,3
Quiero que el olvido me envuelva para siempre.,3
Estoy planeando un viaje a la playa con mis amigos para el próximo fin de semana.,0
Cada mañana me pesa más el hecho de tener que levantarme.,2
Ya no encuentro las ganas de compartir lo que me pasa con nadie.,2
Ando preocupado por la salud de mi abuela.,1
Estoy viendo videos de viajes para inspirarme.,0
Mi existencia es una carga que quiero soltar.,3
"Extraño la universidad, ahora que trabajo siento que no tengo vida social.",1
"Cada conversación se siente forzada, como si ya no tuviera nada que aportar.",2
"Ya no importa nada, todo ha perdido su sentido.",3
Ya no quiero ser parte de este mundo cruel.,3
"Estoy disfrutando mucho mi nuevo trabajo, el equipo es genial.",0
Cada conversación me parece un esfuerzo enorme que no vale la pena.,2
Siento que no avanzo con mis proyectos personales.,1
"La vida perdió su sabor, todo me sabe a nada.",2
Siento que todos los caminos llevan a ningún lado.,2
Hoy probamos un juego de mesa nuevo en familia.,0
Mi hermana me trajo un regalo de su viaje.,0
El dolor me ha consumido y no queda nada.,3
Me tiemblan un poco las manos antes de las llamadas importantes.,1
"El cansancio me ganó la partida, ya no juego más.",3
Me da miedo conducir de noche.,1
Ya no encuentro sentido a seguir esforzándome tanto.,2
El cansancio de vivir es más fuerte que yo.,3
Me siento un poco desanimado con mi proyecto personal.,1
Ando cuidando cada peso porque el sueldo no alcanza como antes.,1
¡Qué emoción! Mañana empiezan las vacaciones con toda la familia.,0
Siento que decepciono a todos a mi alrededor sin importar qué haga.,2
"Quiero que todo termine, no puedo más con esto.",3
No logro desconectarme del trabajo ni cuando estoy con la familia.,1
"Hoy conocí un café nuevo con mi mejor amiga, muy acogedor.",0
"Me siento como un árbol sin raíces, sin nada que me sostenga.",2
La desesperación me ha consumido por completo.,3
Cada vez me cuesta más fingir que todo marcha bien en el trabajo.,2
Estoy preocupado por los estudios de mi hijo.,1
"Siento que estoy viendo mi vida desde afuera, sin poder participar.",2
Siento que necesito unos días libres ya.,1
Cada vez me cuesta más encontrar algo que valga la pena celebrar.,2
El sufrimiento es mi única realidad y no la soporto.,3
No he podido ponerme al corriente con las lecturas de la clase.,1
Mi hija hizo un dibujo bien bonito en la escuela.,0
"Ya no siento emoción por nada, ni siquiera por lo que antes amaba.",2
Me pregunto si algún día volveré a sentir alegría de verdad.,2
Ya no sé cómo organizarme entre los niños y el trabajo desde casa.,1
El dolor me ha mostrado que no hay alternativa.,3
Quiero que todo esto termine de una buena vez.,3
Terminé de armar el reporte antes de la junta.,0
Estoy tan cansado de todo que ya no quiero intentarlo.,3
"La clase de baile fue divertida, aprendí pasos nuevos.",0
"Estoy tomando clases de natación, ya aprendí a flotar.",0
Ya no quiero ser un problema para nadie más.,3
¡Qué feliz me siento hoy! El sol está brillando y tengo energía para todo el día.,0
El juego de mesa que compramos es para toda la familia.,0
Me siento presionado para comprar casa y no puedo.,1
Fui por café antes de entrar a clases.,0
Me cuesta levantarme con energía por las mañanas.,1
Mi sobrino siempre llora y no sé cómo calmarlo.,1
Siento que estoy desapareciendo lentamente sin que nadie lo note.,2
Hoy hice una lista de canciones nuevas para escuchar.,0
Ya no encuentro razones para arreglar mi vida como antes lo intentaba.,2
Ya no tengo ganas de seguir con esta farsa llamada vida.,3
El nuevo programa de televisión es muy aburrido.,1
Ya terminé de acomodar la despensa.,0
Últimamente todo me parece más difícil de lo normal.,1
La rutina del gimnasio me está agotando más que energizándome.,1
Me estresa pensar en el futuro laboral.,1
El concierto de rock fue una experiencia increíble.,0
La nueva app de meditación me ayuda a empezar bien el día.,0
Siento que estoy encerrado en una burbuja invisible y transparente.,2
La vida se me ha vuelto un trámite que tengo que cumplir.,2
"El parque de diversiones fue genial, nos divertimos mucho.",0
Mi vida es un eco que se apaga lentamente.,3
El proyecto en el que trabajo me apasiona y me da mucha satisfacción.,0
"Todo parece haber perdido su color, incluso las cosas que amaba.",2
"Me siento agobiada con la tesis, no avanzo como quisiera.",1
Siento que hablo con la gente pero mis palabras ya no significan nada para mí.,2
El día que me vaya nadie lo va a lamentar realmente.,3
El dolor me ha consumido por completo.,3
Siento que mi tiempo en este mundo ya se ha acabado por completo.,3
Vamos a probar ese restaurante nuevo del centro.,0
"Mi primo me invitó a su partido de fútbol, ganaron.",0
"El viaje a la playa fue perfecto, el mar estaba tranquilo.",0
Ya no encuentro placer en las cosas cotidianas.,2
Hoy me sentí un poco excluido del grupo de amigos.,1
El nuevo software de la empresa es muy lento.,1
Mi mente me dice que esta es la única solución.,3
El jefe me pidió quedarme otra vez hasta tarde y ya me está costando decir que no.,1
Vamos a hacer una parrillada el domingo.,0
Mi hermano me regaló una playera de mi equipo favorito.,0
Me siento atrapado en una rutina que ya no tiene ningún sentido para mí.,2
Siento que estoy atrapado en una jaula invisible que no puedo romper.,2
Mi sonrisa se ha vuelto un reflejo mecánico sin alegría.,2
"Me he vuelto invisible para todos, y para mí mismo también.",2
Siento que llevo un peso en el pecho que no se va ni descansando.,2
El vacío es tan grande que me traga por completo.,3
Mi jefe felicitó al equipo por el proyecto.,0
Con mis primos jugamos juegos de mesa cada fin de semana.,0
El peso de la culpa no me deja respirar tranquilo.,2
Estoy armando el calendario de entregas del trabajo.,0
Ya reservé el lugar para la fiesta de cumpleaños.,0
El nuevo proyecto es muy ambicioso y me asusta.,1
Mi corazón está tan roto que no late con ganas.,3
El ruido de la construcción me está volviendo loco.,1
Ya empecé el curso de inglés en línea.,0
Últimamente todo me parece un esfuerzo enorme.,1
Estoy aprendiendo a cocinar pasta desde cero.,0
La esperanza se fue y no va a volver.,3
Hoy fuimos al parque de diversiones con los primos.,0
Ando frustrado porque el internet falla justo cuando tengo entregas.,1
"No hay salida que no sea esta, ya lo comprendí.",3
"El dolor me ha vencido, ya no puedo luchar.",3
Me he vuelto indiferente ante cosas que antes me afectaban profundamente.,2
"El mundo seguirá girando sin mí, eso me da tranquilidad.",3
La falta de sueño me está pasando factura.,1
Hoy me costó horrible salir de la cama.,1
"Estoy viendo videos de recetas veganas, se ven ricas.",0
Mi novio me sorprendió con flores hoy.,0
La lavadora se descompuso y ahora qué hago.,1
Cada amanecer me trae más indiferencia que ganas de vivir.,2
El nuevo teléfono que compré tiene una cámara increíble para tomar fotos.,0
El nuevo café tiene un ambiente muy acogedor.,0
Fuimos a andar en bici por el parque.,0
"Quiero que todo termine, no quiero despertar mañana.",3
"No quiero que me recuerden, solo quiero irme.",3
El dolor me ha mostrado el camino final.,3
Ya empecé a armar el itinerario del viaje.,0
El curso en línea que estoy tomando es muy interesante.,0
"Siento que no importa cuánto avance, siempre termino sintiéndome igual de estancado.",2
La oscuridad me envuelve y no quiero salir.,3
"Nada de lo que intento funciona, todo es en vano.",3
Cada mañana me cuesta encontrar una sola razón para arreglarme bien.,2
El equipo de natación tuvo un entrenamiento muy productivo.,0
Me estresa pensar en el futuro de mi carrera.,1
"Me siento completamente desconectado de todos, como si no encajara en ningún lado.",2
Mi corazón ya no quiere latir más.,3
Se me hizo tarde para recoger a los niños y ando con el estrés hasta el cuello.,1
Mi sobrino se aprendió una canción y no para de cantarla.,0
Mi tío me regaló un libro de fotografía.,0
El estrés de la mudanza me tiene comiendo puras porquerías.,1
"Ya no hay esperanza, todo es inútil.",3
Estoy revisando currículums para la vacante del trabajo.,0
"Sé que no soy suficiente para nadie, mejor me retiro.",3
Me siento culpable por no ayudar más en casa.,1
Estoy organizando una salida al cine con mis amigos.,0
El silencio de mi casa se ha vuelto ensordecedor.,2
"El nuevo horario me tiene desajustado, ya ni sé cuándo comer.",1
"Ando dándole vueltas a si debería cambiar de carrera, me siento indeciso.",1
Me preocupa mi estabilidad en el trabajo actual.,1
Me siento como una sombra de la persona que fui alguna vez.,2
Compramos boletos para el concierto del mes que viene.,0
Siento que decepciono a mi jefe aunque me esfuerce el doble.,2
"Vamos a ir de viaje la próxima semana, ya armé la maleta.",0
La rutina se ha vuelto pesada desde que empezaron los turnos dobles.,1
"La culpa me persigue a todas partes, no me deja en paz.",2
El juego de mesa que compramos es súper divertido.,0
El mundo sería más ligero sin mi presencia.,3
Mi vecino puso música bien buena en la tarde.,0
"Mi tía nos invitó a comer el domingo, va a estar rico.",0
Mi existencia es un eco que se apaga lentamente.,3
La inflación me tiene pensando en recortar gastos.,1
Mi hijo quiere un celular caro y no puedo comprarlo.,1
No logro relajarme ni el fin de semana.,1
Ya no tiene sentido seguir luchando contra esto.,3
El dolor me ha mostrado que no hay otra dirección.,3
Siento que cargo con un vacío que ninguna actividad logra llenar realmente.,2
No sé cómo decirle que no a mi amiga.,1
No logro conciliar el sueño desde que cambiaron mi horario.,1
"El futuro no me llama, solo me asusta y me cansa.",2
"Fui a que me cortaran el cabello, quedó bien.",0
Mi mente está hecha un caos del que no puedo salir.,3
Los colores de la vida se han ido desvaneciendo lentamente.,2
Me cuesta encontrar algo que me haga sentir vivo últimamente.,2
Mi mamá me regaló un libro que siempre quise tener.,0
El vacío que siento en el pecho es más pesado que cualquier otra cosa.,2
Vamos a ir a la playa en las vacaciones.,0
"Siento que todos estarían mejor sin mí, soy una carga para ellos.",2
"Mi habitación tiene una vista hermosa al atardecer, es mi lugar favorito.",0
Terminé de leer un cómic que me recomendaron.,0
Estoy armando la lista de compras para el súper.,0
Ya no hay razones para seguir existiendo.,3
"Toda mi vida ha sido un fracaso, no merezco seguir.",3
Ando preocupado por las deudas que se me juntaron.,1
Ya nada me sorprende ni me alegra como antes.,2
Se me nota el cansancio hasta en la letra cuando escribo apuntes.,1
El mundo pasó de color a blanco y negro sin avisar.,2
"Terminé de pintar mi cuarto, quedó genial.",0
El precio de la gasolina no para de subir.,1
Los días son como una cinta vieja que siempre repite la misma canción triste.,2
El parque de mi barrio tiene juegos infantiles nuevos.,0
Cada noche me pregunto si vale la pena despertar al día siguiente.,2
Hoy en la escuela hicimos un experimento divertido.,0
Quiero que mi historia termine con un punto final.,3
Cada conversación me parece un guión que ya no quiero interpretar.,2
"Siento que todo se ha vuelto monótono, sin ningún matiz distinto.",2
"Estoy aprendiendo a hacer jardinería, me relaja mucho.",0
El fin de semana iré a una feria de comida callejera.,0
Mi calificación en el examen fue mejor de lo que pensé.,0
Mi vida es un libro que quiero cerrar definitivamente.,3
El tráfico estuvo pesado pero llegué a tiempo.,0
Siento que cada día pierdo un poco más de mí mismo.,2
Ya no tengo ganas de enfrentar otro día más.,3
"Ya no tengo ganas de ver a nadie, prefiero encerrarme en mi cuarto.",2
El abismo me llama y ya no puedo ignorarlo.,3
Estoy preocupado por el rendimiento de mis hijos en la escuela.,1
El servicio de internet es pésimo en mi zona.,1
Me siento tan solo que hasta mi sombra me abandona.,2
"Ya no hay vuelta atrás, todo está decidido.",3
"Mis fuerzas se agotaron, no puedo continuar.",3
"Quiero que todo esto termine, no puedo más.",3
"Todo lo que construí se derrumbó, no queda nada.",3
Fuimos al mercado a comprar fruta fresca.,0
Estoy planeando una escapada de fin de semana.,0
Estoy viendo tutoriales para armar una repisa.,0
Mi nuevo reloj inteligente me ayuda a mantenerme activo y saludable.,0
Ya no hay vuelta atrás ni razones para quedarme.,3
"Estoy haciendo un curso de repostería, es muy dulce.",0
El sufrimiento me ha enseñado que no hay alternativa.,3
Llevo semanas comiendo parado entre junta y junta.,1
Siento que fallo en todo lo que intento hacer.,2
El mundo sigue su curso pero yo me quedé atrás en algún punto.,2
El sufrimiento se ha vuelto mi única realidad.,3
No consigo enfocarme en nada desde que empezaron los rumores de recorte.,1
La casa se siente algo sola desde que los hijos se fueron a estudiar fuera.,1
El mundo es un lugar frío y yo quiero dejar de sentirlo.,3
"El peso de la culpa me aplasta, siento que todo es mi culpa.",2
"No veo ninguna luz, solo oscuridad eterna.",3
"Estoy organizando mi biblioteca, encontré libros viejos.",0
Estoy armando un plan de estudio para el semestre.,0
"Se me hizo raro no recibir noticias de mi hermano en varios días, ando algo inquieta.",1
Ya no encuentro las ganas de aprender ni de intentar cosas nuevas.,2
Me he vuelto experto en fingir que estoy bien cuando todo está mal.,2
"Me gusta ayudar a mis padres en el jardín, compartimos buenos momentos.",0
El silencio me llama y quiero ir hacia él.,3
Ando algo apagado desde que cancelaron el viaje que tenía planeado.,1
Cada día me parece una repetición dolorosa del anterior.,2
La noche me espera y quiero perderme en ella.,3
El abismo me llama y yo solo quiero responder.,3
No hay nada que pueda llenar este vacío.,3
No hay promesa que me haga cambiar mi rumbo.,3
El costo del colegio privado es cada vez más alto.,1
Compré boletos para el próximo partido de básquet.,0
"Siento que perdí las ganas de cuidar mi salud, hasta eso se me hace pesado.",2
La presión de las ventas de fin de mes me tiene con dolor de estómago.,1
"El sufrimiento es insoportable, ya no aguanto.",3
Ya empecé a armar el rompecabezas de mil piezas.,0
Mi madre y yo hicimos un pastel de chocolate espectacular.,0
Los días nublados me acompañan mejor que las personas.,2
No soporto la idea de despertar otra vez mañana.,3
Ya terminé de armar el mueble nuevo.,0
La tristeza me ha robado el color de la vida.,2
Cada vez que suena el teléfono del trabajo me pongo tenso.,1
"Estoy aprendiendo a usar Photoshop, me encanta diseñar.",0
El ascensor del edificio siempre está dañado.,1
Mi hijo aprendió a nadar este verano.,0
Últimamente me siento cansado aunque duerma bastante.,1
Estoy listo para soltar todo y desaparecer.,3
Quiero dejar de sentir este vacío que me consume.,3
"Estoy organizando mi espacio de trabajo, queda muy bonito.",0
Cada vez me cuesta más encontrar algo que me saque una sonrisa real.,2
Estamos remodelando la sala de casa y está quedando espectacular.,0
Me cuesta recordar la última vez que sentí algo parecido a la alegría.,2
El dolor físico no se compara con este vacío interno.,3
Mi gata se durmió encima de mis apuntes jaja.,0
La indiferencia se ha vuelto mi escudo y mi prisión al mismo tiempo.,2
"Ya no encuentro las ganas de cuidar mis plantas, algo que antes disfrutaba mucho.",2
Se me olvidó el cumpleaños de un amigo y me siento culpable.,1
Mi equipo de trabajo logró la meta del mes.,0
El nuevo restaurante tiene una terraza con vistas bonitas.,0
"Me pesa la existencia, como una mochila llena de arena mojada.",2
El nuevo sistema de la empresa me tiene aprendiendo a las carreras y ya ando frito.,1
Traigo la garganta apretada desde que me dieron la mala noticia del proyecto.,1
Me siento presionada por la familia para casarme.,1
"Mi amigo me enseñó a jugar ajedrez, es muy estratégico.",0
"Ya no hay vuelta atrás, mi decisión está tomada.",3
"Sé que esto duele, pero es la única salida que veo.",3
Mi compañera de clase me prestó sus apuntes.,0
Mi compañero de clase tiene muy buen humor.,0
Mi existencia es una carga que ya no quiero llevar.,3
El eco de mi silencio es el sonido más fuerte que escucho.,2
El sufrimiento diario es demasiado para mí.,3
No encuentro ninguna luz al final de este túnel.,3
El sufrimiento es tan grande que no puedo soportarlo más.,3
Mi hermana menor se quiere mudar y me preocupa.,1
El ruido de la obra de al lado me tiene con dolor de cabeza constante.,1
"Sé que debería sentir algo, pero solo hay un gran vacío.",2
Se me pasó por completo avisar que llegaría tarde y se armó un lío.,1
Siento que me he desconectado de las cosas que antes me hacían ilusión.,2
Quiero que todo este dolor termine de una vez por todas.,3
Mi familia y yo vimos una película cómica anoche y nos reímos mucho.,0
Se me olvidó por completo pagar la luz y ahora ando corriendo a resolverlo.,1
Me preocupa no poder darle una buena educación a mis hijos.,1
Vamos a visitar el museo de ciencias este sábado.,0
La relación con mi pareja está pasando por un bache.,1
Las alegrías de los demás me parecen un idioma que ya no hablo.,2
No hay salida para alguien como yo.,3
Cada noche me cuesta más conciliar el sueño pensando en todo lo que no funciona.,2
"Ya no busco compañía, prefiero quedarme solo casi todo el tiempo.",2
Estoy organizando una fiesta sorpresa para mi mejor amigo.,0
"Cada esfuerzo que hago se siente inútil, como si nada valiera la pena.",2
Cada día es una repetición sin sentido de lo mismo.,2
El calor de la ciudad y el tráfico me tienen de nervios crispados.,1
"Ya no tengo ganas de escuchar música, ni siquiera la que antes amaba.",2
Ya no quiero ser parte de esta realidad tan cruel.,3
Se me ha hecho cuesta arriba mantener el ritmo en las clases nocturnas.,1
Mi papá me llevó a ver el partido en el estadio.,0
Nada mejora aunque pasen los días.,2
El nuevo videojuego que compré tiene gráficos impresionantes y me entretiene mucho.,0
"Hoy fui al súper y encontré todo lo que buscaba, qué buena racha.",0
Hoy limpié el patio y quedó mejor.,0
"Siento que ya nada me llena, ni siquiera las cosas que antes disfrutaba tanto.",2
Mi corazón ya no quiere seguir soportando esta agonía sin fin.,3
"Mi vecina tiene un jardín hermoso, siempre lo cuida.",0
La tristeza se ha instalado en mi pecho como si fuera parte de mí.,2
Me voy porque el dolor es más fuerte que yo.,3
La discusión con mi pareja me tiene inquieto.,1
"Ya no hay camino para mí, solo un abismo.",3
"El mundo será mejor sin mí, eso lo sé.",3
"Ya no sé qué cocinar, siempre lo mismo me tiene harto.",1
El semestre se me complicó con muchas tareas.,1
La falta de motivación me paraliza por completo.,2
El nuevo teléfono tiene una batería que dura todo el día.,0
"Se me fueron las ganas de salir, prefiero quedarme en mi cuarto.",1
"El cansancio que traigo no es físico, es algo que me carcome por dentro.",2
"Todo lo que intento sale mal, ya no tiene caso.",3
Mi hijo está obsesionado con los videojuegos.,1
No hay esperanza que pueda revivir lo que está muerto.,3
"El entrenador nos exigió el doble hoy y salí molido, física y mentalmente.",1
Siento que mi esfuerzo se desvanece como niebla al amanecer.,2
Mi vecino tiene un perro que me hace reír con sus travesuras.,0
La luz se fue justo cuando estaba trabajando.,1
La aplicación de fotografía tiene filtros muy bonitos.,0
Ya reparé la llanta de la bici yo mismo.,0
Me siento como un actor sin papel en una obra que ya termina.,2
Últimamente cualquier comentario me saca de onda con facilidad.,1
Mi vecino y yo nos reunimos para hacer barbacoas los sábados.,0
Mi teléfono se quedó sin memoria y no puedo instalar apps.,1
Siento que la tristeza se ha vuelto parte de mi rutina diaria.,2
El clima de mi oficina se está volviendo tóxico.,1
Quiero que el olvido me envuelva y no suelte.,3
Tengo demasiadas cosas pendientes esta semana.,1
Hoy aprendí un acorde nuevo en la guitarra.,0
Estoy cansado de las mismas excusas de mi equipo.,1
Acabo de comprar un teclado nuevo.,0
Siento que mi vida se ha vuelto una carga difícil de sostener día a día.,2
Todo lo que me queda es un adiós sin vuelta atrás.,3
Ya no me provoca contestar cuando me preguntan qué he hecho últimamente.,2
"Estoy participando en un torneo de ajedrez, estoy aprendiendo.",0
Me siento como una hoja seca en el otoño.,2
Mi mente está en un lugar muy oscuro del que no puedo salir.,3
"No tengo ganas de seguir intentando, ya fue suficiente.",3
Mi hermana me enseñó un chiste muy gracioso que no puedo dejar de contar.,0
Estoy descargando música para mi playlist de viaje.,0
Me pregunto para qué sirve esforzarme si siempre termino en el mismo lugar.,2
Mi corazón ya no tiene motivos para latir con fuerza.,3
"Mi primo ganó el campeonato de natación, felicidades.",0
Estoy disfrutando mucho de mi curso de fotografía digital.,0
Compré una planta nueva para la cocina.,0
Llevo noches enteras mirando el techo sin poder dormir.,2
Hoy fuimos a caminar por la playa al atardecer.,0
"Hoy me costó concentrarme en el trabajo, ando disperso.",1
"Estoy aprendiendo a hacer malabares, es divertido.",0
El ambiente en casa se ha sentido un poco tenso estos días.,1
Ya no encuentro ilusión en los planes que antes me emocionaban.,2
Ya no creo que las cosas puedan mejorar.,3
El mundo se ve tan oscuro desde donde estoy parado.,2
Mi cabeza no para de decirme que todo lo hago mal.,2
El cansancio es tanto que quiero dormir para siempre.,3
Mi mejor amigo me regaló un libro que quería.,0
Con mis amigos jugamos videojuegos todas las noches y nos divertimos mucho.,0
Me pregunto si alguna vez fui feliz realmente o solo lo fingí.,2
Siento que estoy marchitándome por dentro.,2
No hay fuerza que me sostenga en este mundo.,3
Fuimos a probar el nuevo café que abrieron cerca.,0
Mi mamá y yo vimos un atardecer hermoso desde la terraza.,0
Traigo la espalda hecha nudo de tanto estar sentado frente a la compu.,1
"Siento que todo lo que toco se desmorona, como si tuviera un imán para el fracaso.",2
Siento que cada semana se repite lo mismo y ya me pesa un poco.,1
Me encanta cuando llueve y puedo quedarme en casa leyendo.,0
Mi esposo no me ayuda con los quehaceres.,1
Mi papá y yo estamos viendo una maratón de películas.,0
"Se me complicó terminar el curso en línea, ando muy atrasado.",1
Mi familia hizo una barbacoa gigante el domingo.,0
Quiero que el viento se lleve lo que fui y no vuelva.,3
"Ando preocupado, no encuentro trabajo desde hace semanas.",1
Últimamente siento que no rindo bien en el trabajo.,1
Mi mente ha trazado un camino sin retorno.,3
Quiero irme y no volver jamás.,3
"Mi gato está jugando con una caja de cartón, es adorable.",0
El vacío me consume y no veo ninguna luz.,3
No encuentro la manera de escapar de mi propia cabeza.,3
"Traigo el ánimo bajito, nada grave, solo ha sido una semana larga.",1
Las luces de la ciudad se ven tan lejanas como mi felicidad.,2
El nuevo proyecto es muy difícil de entender.,1
Mi hermana está pasando por un divorcio y me angustia.,1
Mi corazón dejó de latir con esperanza.,3
Me siento como una carga para todos los que me quieren.,2
Mi gato no quiere comer y me preocupa.,1
Hoy revisé mis finanzas y todo cuadra bien.,0
Mi hermana me ayudó a estudiar para el examen.,0
Mi cabeza solo me habla de una cosa y es terminar con esto.,3
Mi vida es una sombra que se desvanece sin dejar rastro.,3
El mundo me pesa más de lo que puedo cargar.,3
Mis pensamientos solo giran en torno a dejar de existir.,3
El Wi-Fi de mi casa siempre falla y eso me estresa.,1
Mi madre preparó mi platillo favorito para celebrar mi cumpleaños.,0
Quiero encontrar la paz que no tengo en este mundo.,3
"Ando algo distante con mi familia, ando muy metido en el trabajo.",1
"Me cuesta sentir alegría genuina, aunque intento fingir que la tengo.",2
Mi hermana me prestó su bicicleta para recorrer la ciudad.,0
"Me siento completamente solo, aunque esté rodeado de gente.",2
Mi hermana se lleva mal con mi novio y eso me incomoda.,1
"He perdido la batalla, ya no queda nada por hacer.",3
La presión de mi jefe me está afectando.,1
Ando preocupado por los gastos del mes.,1
"Estoy ahorrando para un viaje a Europa, muy emocionante.",0
La fuerza que antes tenía se ha ido filtrando gota a gota.,2
Mi corazón dejó de latir con propósito.,3
"Me despierto agotado aunque haya dormido toda la noche, como si el cansancio no fuera del cuerpo.",2
"Ya no quiero sentir nada, ni dolor, ni alegría, nada.",3
Llegué tarde al trabajo pero no pasó nada grave.,0
Ando cansada de estar siempre disponible para todos menos para mí.,1
La presión del mercado laboral me preocupa.,1
"No hay salida para mí, ya lo he intentado todo.",3
"Estoy listo para dejar de existir, ya fue suficiente.",3
Ando preocupada por mi hija que anda mal en la escuela.,1
Mi prima y yo estamos planeando un viaje juntas.,0
Me he acostumbrado a sentirme vacío.,2
Mi amiga me regaló un libro que quería.,0
Siento que mi vida es un error sin corrección posible.,2
Mi alma está tan cansada que quiere descansar.,3
Ya no tengo la costumbre de esperar que algo bueno pase.,2
La desesperanza se ha instalado en mi vida como una visita permanente.,2
Ya no me reconozco en la persona que me he vuelto últimamente.,2
El presupuesto del proyecto se recortó y ahora ando con más presión encima.,1
Me he vuelto experto en esconder mi tormenta bajo una máscara.,2
Me he acostumbrado a la tristeza como otros se acostumbran al frío.,2
"Ya no me esfuerzo por explicar cómo me siento, siento que no cambiaría nada.",2
Quiero dormir y no despertar nunca más.,3
Mi bici necesita una llanta nueva.,0
La música que estoy escuchando tiene un ritmo muy alegre y me hace bailar.,0
"Me siento desgastado emocionalmente, como si ya no tuviera más que dar.",2
"Hoy tuve un buen día, todo salió como esperaba.",0
El nuevo compañero es difícil de tratar.,1
Mi energía se agota con solo pensar en tener que salir de casa.,2
Mi jefe cambió de opinión a última hora otra vez.,1
"Encontré un audio bien chistoso, te lo mando.",0
Quiero que el sufrimiento termine de una vez.,3
Mi hermana y yo estamos viendo fotos de la infancia.,0
No hay nada que pueda llenar el hueco que siento.,3
La relación con mi hijo adolescente es difícil.,1
Llevo varios días sin descansar bien.,1
Quiero encontrar la paz que este mundo no me da.,3
Siento que todos esperan más de mí de lo que puedo dar en este momento.,2
"Cada logro me sabe a poco, nada me llena realmente.",2
El negocio ha bajado sus ventas y eso me quita el sueño.,1
El ruido de la construcción de al lado no me deja concentrarme ni descansar.,1
Vamos a organizar una parrillada este fin de semana.,0
Estoy preocupado por los gastos de este mes.,1
"Siento que estoy fallando en callado, sin que nadie lo note del todo.",2
Siento que el cansancio se me metió hasta los huesos y ya no se va.,2
Estoy un poco triste por la distancia con mis amigos.,1
Mi gato se acurruca en mi regazo mientras leo.,0
Siento que vivo repitiendo el mismo día sin ningún propósito real.,2
Llevo varios días durmiendo mal.,1
Cada llamada de cobranza me pone de mal humor todo el día.,1
La carga académica está siendo excesiva.,1
El abismo me atrae más que cualquier otra cosa en esta vida.,3
Se me pasó pagar el internet y ahora ando resolviendo el corte de servicio.,1
Los días se me hacen eternos e insignificantes al mismo tiempo.,2
Ya no hay nada que pueda hacerme sentir mejor.,3
"Mi grupo de estudio es muy unido, nos apoyamos siempre.",0
Me cuesta encontrar tiempo para hacer ejercicio.,1
Mi hermana y yo estamos viendo una maratón de Harry Potter.,0
"Ando gastando ahorros que no tenía contemplados, eso me preocupa.",1
Me siento tan pequeño ante todo que ya no le veo sentido a luchar.,2
"Mi planta favorita creció un montón, estoy muy orgullosa.",0
Estoy revisando ofertas de trabajo en línea.,0
El dolor me consume y no queda nada más.,3
"Siento que actúo en automático, como si ya no estuviera realmente presente en mi vida.",2
Quiero dejar de sentir este dolor que no se va.,3
Siento que soy invisible incluso para las personas más cercanas a mí.,2
"Mi existencia solo causa problemas, mejor me voy.",3
Hoy tuve una llamada de trabajo que salió bien.,0
El calor no me deja dormir y al otro día ando como zombi.,1
"Cada decisión me parece equivocada, no confío en mí mismo.",2
La falta de sueño me está haciendo menos productivo.,1
Quiero dormir y que el sueño sea eterno.,3
"No tengo fuerzas para seguir adelante, ya me rendí.",3
El silencio en la casa desde que se fueron los chicos pesa un poco.,1
"Ya perdí la cuenta de cuántas veces reagendé la cita con el dentista, ando saturada.",1
Cada pequeño problema se siente como una montaña enorme.,2
Siento que mi entusiasmo se apagó y no encuentro cómo volver a encenderlo.,2
Mi vida no vale la pena ser vivida.,3
La falta de esperanza se ha vuelto un peso que cargo todos los días.,2
Estoy estresado porque mi auto empezó a fallar.,1
Mis suegros quieren venir a vivir con nosotros.,1
Acabo de descubrir una serie de comedia que me hace reír a carcajadas.,0
Esta noche quiero dormir y no despertar jamás.,3
La junta se alargó dos horas más de lo previsto y salí agotado.,1
Siento que necesito bajarle dos rayitas a todo lo que traigo encima.,1
La comida que pedí llegó fría y me enojé.,1
Siento que todo lo bueno que me pasa se desvanece muy rápido.,2
Siento que nada ni nadie puede ayudarme ya.,3
"El dolor se ha vuelto insoportable, necesito que termine.",3
No encuentro ninguna razón para seguir adelante.,3
Ya no tengo razones para seguir existiendo.,3
"Ya no logro sentir entusiasmo por nada, ni por lo que antes amaba.",2
Ya no quiero ser un peso para nadie más.,3
Ando con mucho estrés por la entrega del proyecto.,1
Siento que mi cuerpo funciona pero yo ya no estoy realmente ahí.,2
No encuentro motivación para hacer ejercicio.,1
Cada vez que reviso el correo del trabajo se me tensa el cuello.,1
El silencio de la noche me promete la paz que busco.,3
Cada día me convenzo más de que no sirvo para nada.,2
Las personas me rodean pero no logro conectarme con ninguna.,2
No hay solución para este dolor que siento.,3
Mi perro aprendió a sentarse con solo una seña.,0
"Toda mi vida ha sido un error, mejor terminar con esto.",3
Mi nueva bicicleta me permite explorar lugares increíbles de la ciudad.,0
"No hay esperanza, la perdí hace mucho tiempo.",3
Mi perro corrió feliz por el parque toda la tarde.,0
Siento que me estoy quedando atrás mientras todos a mi alrededor avanzan.,2
Estoy organizando una tarde de películas con los amigos.,0
"Últimamente ando de bajón, no sé bien por qué.",1
"Esta vida no era para mí, me equivoqué al intentarlo.",3
El internet anda muy lento y necesito trabajar.,1
Hoy salió el sol después de varios días nublados.,0
Me siento como una hoja seca que el viento arrastra sin rumbo.,2
El dolor es tan intenso que no veo otra alternativa.,3
"Hoy tuve clase de historia, estuvo interesante.",0
El doctor me pidió unos estudios y ando algo nervioso esperando resultados.,1
Quiero dejar de ser una carga para quienes quiero.,3
El despertar cada día se ha vuelto una tortura innecesaria.,3
No hay promesa que me haga cambiar esta decisión.,3
La nueva actualización del juego trajo un mapa genial.,0
No me fue tan bien en el examen y me siento algo frustrado.,1
Me siento agotado de intentar sentirme mejor sin lograrlo realmente.,2
"Sé que no volveré, pero al menos dejaré de sufrir.",3
"Mi vida ha perdido todo sentido, no merece la pena.",3
Siento que mi paciencia y mis ganas se agotaron al mismo tiempo.,2
"Ya no busco resolver las cosas, simplemente dejo que pasen sin más.",2
Siento que decepciono a mi pareja aunque intente esforzarme más.,2
El vacío en mi interior crece y no sé cómo llenarlo.,2
Vi un tutorial y arreglé el grifo yo solo.,0
"Ya no me nace compartir mis pensamientos, prefiero guardármelos todos.",2
Siento que el peso de mis responsabilidades ya no lo puedo sostener bien.,2
"Ando algo bajoneado, ha sido una semana pesada.",1
Siento que traigo la cabeza saturada de tanto pendiente.,1
Hoy aprendí a usar una app nueva para trabajar.,0
Se me hace difícil relajarme aunque ya no esté en horario de trabajo.,1
"Mi mente es un caos constante, no puedo encontrar paz ni un segundo.",2
Voy a aprender a hacer sushi con un amigo japonés.,0
Siento que he perdido el interés en todo lo que antes me llenaba.,2
"Ya no tengo esperanza, la he perdido por completo.",3
Terminé el examen y creo que me fue bien.,0
La vida me ha dado la espalda y yo ya no quiero seguir.,3
Mi papá y yo vamos a pescar el fin de semana.,0
Ya casi termino la tarea de mate.,0
"La vida me ha quitado todo, ya no queda nada.",3
El abismo me atrae y no puedo resistirme.,3
El dolor emocional es peor que cualquier otro.,3
No me gusta mi nuevo corte de cabello.,1
Estoy decorando mi cuarto con pósters de música.,0
Estoy viendo un tutorial de cómo hacer velas.,0
La tristeza me ha consumido por completo.,2
Mi equipo de trabajo logró cumplir todas las metas del mes.,0
Me preocupa no tener suficiente para el retiro.,1
Mi vida es un eco que se apaga sin dejar sonido.,3
"La esperanza se fue, dejó una carta de despedida y se fue.",2
Estoy algo nervioso por la presentación de mañana.,1
"Quiero desaparecer sin dejar rastro, como si nunca existí.",3
Quiero que el viento se lleve mis recuerdos y mi ser.,3
No hay nada que pueda cambiar mi decisión.,3
Me duele la cabeza constantemente por el estrés.,1
Mi jefe siempre me llama fuera de hora.,1
El nuevo sistema de la escuela no sirve bien.,1
No encuentro fuerzas ni para las cosas que antes me apasionaban.,2
Siento que ya no hay nada que pueda salvarme de esto.,3
El museo de ciencia tiene una exposición maravillosa.,0
Mi vecina me regaló plantas para mi jardín.,0
Ya no veo ningún futuro para mí.,3
Ya no sé cómo explicarle a la gente por qué me siento así.,2
El café de la oficina está muy malo.,1
Todo esto ya no tiene sentido para mí.,3
Mi sobrina me mandó un dibujo bien bonito.,0
Quiero irme a un lugar donde no haya más sufrimiento.,3
"La reunión de padres de familia salió peor de lo que esperaba, quedé preocupado.",1
Fuimos a un restaurante nuevo y la comida estuvo genial.,0
El silencio es lo único que me da paz ahora.,3
Mi corazón dejó de latir con propósito hace tiempo.,3
Estoy viendo una serie de cocina y aprendiendo recetas nuevas.,0
La noche me llama y quiero responderle sin dudar.,3
Salimos a comer tacos con los compañeros del trabajo.,0
El mundo se ve tan gris desde donde estoy.,2
Se me hace difícil bajar revoluciones después de un día pesado.,1
El bebé se enfermó y entre eso y el trabajo ya no sé ni qué día es.,1
Estoy aprendiendo a hacer sushi en casa.,0
Me compré una mochila nueva para la escuela.,0
El ruido de la construcción no me deja descansar.,1
Siento que soy invisible dentro de mi propia familia.,2
Últimamente siento que nada tiene sentido para mí.,2
Fuimos a correr temprano antes de que apretara el calor.,0
Las deudas me tienen algo intranquilo.,1
No puedo dejar de pensar en la discusión que tuvimos anoche.,1
"Por favor, no me busquen, ya tomé mi decisión.",3
Voy a salir a correr un rato antes de que llueva.,0
"Mi sobrina baila muy bien, es un talento natural.",0
Mi mente se ha vuelto mi peor enemiga.,2
Mi compañera de cuarto y yo tenemos una rutina de café todas las mañanas.,0
"Mi vida ha sido una cadena de fracasos, ya es suficiente.",3
La película de comedia me hizo reír mucho.,0
"No veo ninguna salida, ya no queda nada por hacer.",3
Mi vida se siente como una película en blanco y negro sin emoción.,2
El proyecto se retrasó por culpa de un proveedor y ando con la presión encima.,1
"Hoy fue un día tranquilo, nada especial.",0
"Siento que mi alma está pesada, como si llevara piedras colgando.",2
Ando algo dolido porque no me invitaron a la reunión de ayer.,1
El nuevo vecino no saluda y me parece raro.,1
Mi perro se puso feliz cuando llegué del trabajo.,0
Siento que no estoy aprovechando bien mi tiempo libre.,1
"Mi colega me invitó a tomar un helado, muy divertido.",0
Traigo un nudo en el estómago por la revisión de mañana.,1
Siento que cargo con una tristeza que no tiene explicación clara.,2
Mi mejor amiga se mudó de ciudad y la extraño más de lo que pensé.,1
"Se me olvida relajarme, siento que siempre ando pensando en el trabajo.",1
Nunca voy a poder salir de esta oscuridad.,3
La biblioteca de mi ciudad tiene un rincón muy acogedor.,0
Se me acumularon tres proyectos y no sé cuál atacar primero.,1
Compré una funda nueva para el celular.,0
"La tristeza se ha vuelto mi segunda piel, ya casi no la siento.",2
Estoy viendo tutoriales para mejorar mis habilidades en diseño.,0
Mi hermana y yo armamos un pastel para mi papá.,0
Mi hija aprendió a andar en bici hoy.,0
El concierto de música clásica fue una experiencia única.,0
Ya mandé el correo que me faltaba del trabajo.,0
Ya no hay razones que valgan la pena para quedarme.,3
Ya no sé quién soy fuera de todo este cansancio.,2
Me cuesta sostener una conversación sin sentir que estoy fingiendo interés.,2
"La vida me ha vencido, ya no puedo seguir peleando.",3
"Ya no me sorprende sentirme cansado todo el tiempo, se volvió lo normal.",2
Quiero que todo este sufrimiento desaparezca de una buena vez.,3
Estoy haciendo una colección de sellos de diferentes países.,0
Mi alma está tan oscura que no veo luz.,3
Vamos a pintar la sala este fin de semana.,0
Cada día despierto con la misma sensación de que nada va a cambiar.,2
Mi mente está tan nublada que no veo salida.,3
Siento que mi esfuerzo no es reconocido.,1
Ya no encuentro las palabras para describir lo cansado que estoy por dentro.,2
No quiero seguir siendo parte de esta historia triste.,3
Quiero desaparecer y que nadie me recuerde.,3
"Ando algo triste, extraño mi ciudad.",1
"Estoy decorando mi cuarto con luces, queda mágico.",0
"Las personas vienen y van, yo me quedo en la misma oscuridad.",2
"El mundo sigue girando, pero yo quiero bajarme ahora.",3
Mi abuela olvida las cosas y eso me angustia.,1
El sufrimiento me ha enseñado que no hay retorno.,3
"Mi mente no da más, está al borde del colapso.",3
"Ando algo distante con mis amigos, no encuentro tiempo ni ganas.",1
Siento que perdí las ganas de luchar por las cosas que quería.,2
Mi vecino nos invitó a su carne asada.,0
El agotamiento emocional me tiene sin fuerzas para nada.,2
"No merezco seguir aquí, solo causo daño.",3
La culpa me corroe sin descanso.,2
La serie que estoy viendo es tan divertida que no puedo parar.,0
Mi abuela me tejió una bufanda para el invierno.,0
El sufrimiento es mi sombra y no puedo escapar.,3
"Los vecinos se quejan de mi música, aunque no es alta.",1
El fin de semana voy a un concierto con mis primos.,0
Estoy planeando un viaje a la montaña con mi novio.,0
Se me pasó la alarma dos días seguidos y ya voy tarde a todo.,1
"Estoy leyendo un cómic de superheroes, muy entretenido.",0
Cada quincena me estreso pensando si va a alcanzar el dinero.,1
Me siento incómodo con el nuevo miembro del equipo.,1
Mi amigo me invitó a jugar boliche el viernes.,0
La única paz que puedo encontrar es en el descanso eterno.,3
"Me costó horrores concentrarme en la clase de hoy, ando disperso.",1
Ya no hay nada que pueda salvar esta situación.,3
Me cuesta encontrar algo que valga la pena contar cuando me preguntan cómo estoy.,2
"Me cuesta reconocer los días buenos, todos se sienten igual de grises.",2
Siento que mi vida es un eco de lo que debería haber sido.,2
Ya no tengo razones para seguir fingiendo que estoy bien.,3
Siento que arrastro un agotamiento que no tiene que ver con el cuerpo.,2
Cada intento de mejorar termina en la misma sensación de fracaso.,2
Estoy aprendiendo a bailar salsa y me encanta la energía del ritmo.,0
El nuevo vecino tiene el volumen muy alto todo el día.,1
La nueva canción de mi artista favorito es muy pegajosa.,0
Las lágrimas se han vuelto tan cotidianas que ya ni las controlo.,2
Me cuesta reconocer alegría genuina en mí desde hace bastante tiempo.,2
"Mi tía me invitó a su jardín, tiene flores increíbles.",0
Me siento solo aunque esté rodeado de gente.,1
Me siento tan desconectado de todos que ya ni intento comunicarme.,2
Hoy me tocó turno doble pero se pasó rápido.,0
Terminé de instalar el software nuevo en la oficina.,0
Estoy tan agotado de fingir que quiero seguir aquí.,3
Todo se ha vuelto tan pesado que prefiero soltarlo todo.,3
"Mi historia termina aquí, no hay capítulo siguiente.",3
Mi novia y yo vamos a ver una película de terror esta noche.,0
La desesperanza se ha apoderado de mí por completo.,3
No logro dormir bien desde que empezamos con los turnos rotativos.,1
Me estresa pensar en los cambios en la empresa.,1
"No quiero seguir siendo un problema para nadie, mejor me retiro.",3
Estoy armando un video para el proyecto final.,0
El costo de la renta me tiene angustiado.,1
Compré ingredientes para hacer pan casero el domingo.,0
El espejo me devuelve la mirada de alguien que ya no conozco.,2
Mi cabeza no para de decirme que ya es hora de irme.,3
El dolor es tan real que no puedo negarlo más.,3
El vacío me devora y ya no tengo fuerzas para luchar.,3
Siento que cada intento de mejorar se queda corto frente a lo que se espera de mí.,2
"Mi existencia solo causa sufrimiento, mejor me voy.",3
Me cuesta trabajo concentrarme por el calor.,1
Mi compañera de equipo se fue y ahora cargo con el doble de trabajo.,1
El futuro se ve tan gris que ni siquiera quiero imaginarlo.,2
El dolor me ha enseñado que no hay salida para mí.,3
El nuevo profesor es muy exigente y me estresa.,1
"Se me antojó una pizza, ya la pedí.",0
"Ya no hay nada que valga la pena, todo está perdido.",3
Siento que la tristeza se quedó instalada y ya no se quiere ir.,2
Mis sobrinos me enseñan cosas nuevas cada vez que los veo.,0
El exceso de ruido en la oficina me está afectando.,1
Me siento como un extraño en mi propia vida.,2
Estoy ahorrando para comprar una nueva cámara y tomar fotos profesionales.,0
El silencio de la casa los fines de semana se siente distinto desde que los niños crecieron.,1
La renta subió otra vez y eso me tiene sacando cuentas todo el día.,1
El entrenador es muy duro conmigo en el gimnasio.,1
El tráfico del centro me tiene exasperado.,1
Vamos a ir de campamento el próximo mes.,0
Siento que soy una decepción constante para las personas que me importan.,2
La dinámica de mi grupo de estudio es complicada.,1
"Mi perro aprendió un truco nuevo, se siente muy inteligente.",0
Me escondo detrás de sonrisas falsas para no preocupar a los demás.,2
Estoy preocupado por la seguridad en mi barrio.,1
El cansancio emocional me ha derrotado.,3
Mi corazón dejó de encontrar motivos para seguir latiendo.,3
No encuentro ninguna razón para quedarme aquí.,3
"Ya no puedo seguir así, no hay vuelta atrás.",3
"El cambio de clima me tiene bajoneado, no sé si es solo eso.",1
Estoy leyendo un libro de misterio bien bueno.,0
Ya no sé si algún día voy a sentirme mejor.,2
La tristeza se ha vuelto mi única compañera constante.,2
Hoy tocó limpieza general en la casa.,0
Siento que el esfuerzo que pongo en todo se pierde en el vacío.,2
Mi gato araña los muebles y me desespera.,1
Estoy preocupado por la salud de mi mascota.,1
No sé si es la falta de sueño o el estrés pero ando bien sensible.,1
Tengo mucho trabajo acumulado y no sé por dónde empezar.,1
Me siento como un extraño en mi propio cuerpo.,2
Quiero que el viento se lleve mi nombre.,3
Ya perdí varias horas de sueño pensando en los pagos pendientes.,1
Compramos un juego de mesa nuevo para la familia.,0
Quiero irme a un lugar donde no haya dolor.,3
Me pregunto por qué sigo haciendo lo mismo si nada cambia realmente.,2
"Estoy aprendiendo a hacer pan, mi primera hogaza salió bien.",0
Estoy organizando mis fotos del viaje pasado.,0
Cada día me cuesta más encontrar fuerzas para seguir con mi rutina.,2
Mi prima siempre llega tarde y me desespera.,1
"Mi prima se graduó ayer, fuimos todos a celebrar.",0
Mi equipo de básquetbol está teniendo una buena racha.,0
Ya no quiero seguir siendo una carga para mi familia.,3
Mi abuelo me contó historias de su juventud.,0
El sufrimiento es tan grande que prefiero no seguir.,3
No sé por qué pero traigo ganas de llorar sin motivo aparente.,1
No hay nada que pueda hacer para cambiar lo que ya está decidido.,3
Ya no hay promesas que me hagan cambiar de parecer.,3
Los demás estarían más tranquilos si yo no estuviera.,3
El nuevo episodio de mi podcast favorito salió hoy.,0
"Siento que necesito organizar mejor mi tiempo, ando saturado.",1
Estoy organizando mi playlist para el gym.,0
Mi compañera y yo estamos haciendo un proyecto creativo.,0
No sé si es el clima o qué pero ando de un humor raro.,1
Creo que ya es hora de dejar este mundo atrás.,3
Estoy tan harto de todo que solo quiero desaparecer.,3
No hay esperanza que me haga cambiar de rumbo.,3
"No hay salida, todo está perdido para siempre.",3
Me siento culpable por comer demasiado.,1
El bullicio de la ciudad me está desgastando.,1
El mundo seguirá girando y yo quiero bajarme de este viaje.,3
El cambio de clima me tiene resfriado y sin energía.,1
"Me siento como si estuviera solo cargando con todo, sin ayuda de nadie.",2
"Mi compañero de piso dejó los platos sucios otra vez, ya me tiene harta.",1
Mi vecina me regaló unas plantas de su jardín.,0
Estoy cansado de fingir que todo está bien cuando no es así.,3
Las pequeñas cosas ya no me traen el consuelo de antes.,2
Me siento presionada por mi familia para tener hijos.,1
Mi compañera de trabajo me invitó a su boda.,0
"Ando distraído en las juntas, la cabeza se me va a otro lado.",1
Quiero que mi nombre se apague como una vela sin viento.,3
Los problemas técnicos me estresan mucho.,1
El abismo me mira y yo quiero saltar hacia él.,3
"Ando cargando el celular todo el día por si llaman del trabajo, ya me tiene inquieto.",1
Me siento muy orgulloso de los logros que he alcanzado en mi carrera.,0
Mi bicicleta se ponchó a media calle.,1
Mi corazón ya no aguanta más dolor.,3
El futuro no existe para alguien que ya se rindió.,3
"Mi mascota aprendió a sentarse, estoy orgulloso de ella.",0
"Hoy probé una receta de pan, salió bien.",0
Mi vida es una cadena de sufrimientos sin fin.,3
"El dolor me ha vencido, ya no hay lucha.",3
"Estoy viendo un documental sobre el espacio, está genial.",0
Ya no disfruto ninguna de las cosas que antes me hacían feliz.,2
Ya no hay personas que me aten a esta vida.,3
"Siento que mis días pasan sin dejar ninguna huella, todos iguales de vacíos.",2
Quiero desaparecer sin dejar rastro alguno.,3
Las alegrías pasan tan rápido que apenas puedo sentirlas.,2
Mis pensamientos se han vuelto mi peor enemigo.,2
Hoy terminé de lavar toda la ropa acumulada.,0
"Se me olvida comer entre tanto pendiente, ya hasta me duele la cabeza.",1
La aplicación que descargué tiene juegos muy entretenidos y educativos.,0
Mi mente encontró la respuesta que tanto buscaba: irme.,3
"Ya no aguanto esta presión, necesito que pare.",3
Quiero que todo esto termine de forma definitiva.,3
El dolor me ha mostrado el camino que debo seguir.,3
Me siento tan viejo por dentro aunque tenga pocos años.,2
No duermo bien desde que empecé este nuevo proyecto.,1
Me siento agobiado con tantas decisiones que tomar.,1
El taller de pintura me tiene muy creativa estos días.,0
No hay futuro que valga la pena esperar.,3
Se me revuelve el estómago cada vez que pienso en la mudanza.,1
Los niños no quieren hacer tarea y me desespero.,1
El examen de admisión me tiene muy nervioso.,1
"Quiero que mi historia termine aquí, sin epílogo.",3
El vacío interior es más grande que cualquier otra cosa.,2
"Todo se ha vuelto irrelevante, no hay razones para quedarme.",3
El futuro se ve tan incierto que prefiero no pensar en él.,2
El sufrimiento se ha apoderado de mi ser por completo.,3
Fuimos por helado después de cenar.,0
"Mi gato se durmió en mi cama, se ve tan tranquilo.",0
Mi gato persigue su cola y siempre me hace reír.,0
Creo que todos estarían más tranquilos sin mí.,3
El nuevo restaurante de sushi es mi lugar favorito.,0
Siento que llevo una máscara todo el día y por dentro es otra cosa.,2
"Ya no tengo esperanza, la perdí hace mucho.",3
Me he vuelto un extraño para las personas que me rodean.,2
El clima está afectando mi estado de ánimo.,1
Siento que las ganas de intentarlo se me agotaron hace tiempo.,2
"Cada vez que intento avanzar, siento que retrocedo dos pasos.",2
Mi mente solo piensa en cómo terminar con todo.,3
Mi existencia solo trae dolor a los demás.,3
Siento que cargo con un peso que nadie más ve.,2
El doctor me dijo que debo bajar de peso y me estresa.,1
Ya no hay motivos para seguir adelante.,3
Cada vez me cuesta más fingir interés en las cosas que hago a diario.,2
"Estoy escribiendo un diario, me ayuda a recordar lo bueno.",0
Me aíslo cada vez más porque ya no tengo energía para socializar.,2
"Mi equipo de baloncesto quedó campeón, increíble partido.",0
"Ya no sirvo para nada, mejor me retiro de todo.",3
El mundo será un lugar mejor sin mi presencia.,3
Ya no puedo seguir fingiendo que todo está bien.,3
Compré un cargador nuevo porque se me perdió el otro.,0
"Compré unos tenis nuevos, están bien cómodos.",0
"No hay futuro que me espere, solo oscuridad.",3
Ya reservamos mesa para la cena del sábado.,0
"Traigo la mente dispersa, se me olvidan cosas que normalmente recuerdo.",1
Mi vida no tiene capítulos nuevos que valgan la pena.,3
En la universidad estamos organizando un evento cultural muy interesante.,0
Mi cuerpo está aquí pero mi mente se fue a otro lugar.,2
Siento que estoy nadando en un mar de tristeza.,2
Mi abuela se confunde mucho últimamente.,1
Ando gastando de más este mes y ya me preocupa el saldo.,1
"Mi perro siempre me recibe con alegría cuando llego a casa, es lo mejor.",0
Me siento incómodo con los cambios en mi departamento.,1
Estoy preocupado por el examen de manejo.,1
Ya no tengo la costumbre de esperar que las cosas mejoren.,2
Mi hermano se sacó una buena nota en el examen.,0
Mi máquina de coser se descompuso.,1
Quiero que el silencio me abrace y no me suelte.,3
Ando algo nervioso por los resultados médicos.,1
Me compré un libro de ciencia ficción que me atrapó.,0
El vacío me consume y no veo ninguna salida.,3
Siento que estoy funcionando en modo automático desde hace ya bastante.,2
No hay ninguna razón para que siga aquí.,3
No hallo el momento para sentarme a hacer las cuentas del negocio.,1
Vamos a estrenar la cancha nueva del barrio.,0
"No quiero seguir adelante, ya no tiene sentido.",3
"Ando estresado, tengo tres exámenes la misma semana.",1
Compré unas plantas para decorar la sala.,0
La entrevista de trabajo salió regular y ando dándole vueltas a lo que dije.,1
Me siento presionado por las expectativas de mi familia.,1
"No hay solución para mí, todo está perdido.",3
"Todo me pesa demasiado, hasta las cosas más simples.",2
El profesor nos felicitó por nuestro proyecto en clase.,0
"Estoy haciendo un curso de cocina, cada receta es un acierto.",0
Quiero que el silencio me envuelva para siempre.,3
"Mi colección de cómics sigue creciendo, cada edición es un tesoro.",0
"Me da igual todo, ya nada me importa como antes.",2
Siento que estoy fallando en silencio y nadie se da cuenta.,2
"Hoy cociné algo nuevo, quedó rico.",0
"Creo que ya no tengo nada que hacer aquí, me voy.",3
"Se me acumuló la ropa sucia y los platos, ya ni ganas de ponerme al corriente.",1
Quiero que mi nombre desaparezca de todas las listas.,3
"Hoy tuve una entrevista de trabajo, salió bien.",0
Estoy horneando galletas con mi hermana menor.,0
"Los clientes han estado insoportables toda la semana, ya no sé cómo lidiar.",1
Mi hermano se metió en problemas y no sé cómo ayudar.,1
Mi sobrina no quiere comer verduras.,1
Mi gato y yo vemos la tele juntos todos los días.,0
Hoy me quedé viendo el techo un buen rato antes de decidirme a levantarme.,1
Cada noche me cuesta cerrar los ojos pensando en lo poco que avancé en el día.,2
Siento que fallo constantemente en cosas que antes hacía sin esfuerzo.,2
Ya no hay nada que pueda salvarme de esto.,3
Estoy algo confundido con mi carrera profesional.,1
Mi mamá hizo tacos otra vez jajaja.,0
Me siento atrapado en un ciclo de tristeza del que no puedo escapar.,2
Siento que perdí la chispa que tenía para hacer las cosas que amaba.,2
Mi perro salta de felicidad cuando llego a casa.,0
La nueva canción de mi artista favorito es buenísima.,0
Estoy esperando el camión.,0
Mi mamá me pidió ayuda para mover unos muebles.,0
Siento que estoy nadando contra una corriente muy fuerte.,2
Siento que la semana no ha tenido ni un respiro.,1
Hoy terminé de armar el presupuesto del mes.,0
Siento que me falta energía para todo.,1
Estoy aprendiendo a programar en mis ratos libres.,0
El transporte público está muy saturado.,1
Quiero soltar todo y no tener que cargar más.,3
La tristeza me duele físicamente en el pecho y no sé cómo quitarla.,2
Siento que llevo cargando este peso demasiado tiempo sin que nadie lo note.,2
El consumo de mi hogar aumentó y me preocupa.,1
"El agotamiento no es físico, es algo que me carcome desde adentro.",2
"Ya perdí la costumbre de planear cosas a futuro, no le veo caso.",2
El abismo me promete una calma que aquí no encuentro.,3
El equipo perdió el partido de la final y quedé bastante decepcionado.,1
Siento que las cosas que antes me dolían ahora simplemente me son indiferentes.,2
"Mi abuela me enseñó a hacer galletas, quedaron deliciosas.",0
Ando con la mente en blanco desde que me dieron más responsabilidades.,1
Creo que todos estarían mejor sin mí en sus vidas.,3
"Estoy viendo videos de cocina japonesa, me fascina.",0
No sé cómo voy a terminar todo lo que me falta para el viernes.,1
"El futuro no me llama, solo la oscuridad me espera.",3
El jefe canceló mis vacaciones a última hora y quedé de mal humor.,1
"Ya no me interesa saber qué pasa en las noticias ni en nada, todo me da igual.",2
"Las relaciones se me hacen agotadoras, prefiero estar solo.",2
Mi gato durmió toda la tarde en el sillón.,0
El dolor es tan profundo que no tiene fin.,3
El mundo sigue girando pero yo me siento completamente paralizado.,2
Siento que la desesperanza se ha instalado y no encuentro cómo sacarla.,2
"Hoy tuve junta con el equipo, salió todo bien.",0
Mi gato se subió otra vez a la mesa jaja.,0
Estoy armando mi horario para el próximo semestre.,0
Últimamente ando algo ansioso antes de dormir.,1
Me siento presionado por la competencia en el trabajo.,1
"Ya no me emociona ni el fin de semana, se siente igual que cualquier otro día.",2
"Compré una consola nueva, ya la estoy probando.",0
Siento que perdí el rumbo de lo que quería para mi futuro.,2
Siento una tristeza que no logro explicar ni entender del todo.,2
Estoy tan agotado que ni siquiera puedo llorar.,3
Ya no hay nada que pueda hacerme cambiar de opinión.,3
Los abrazos ya no me calientan como antes.,2
Las palabras de ánimo ya no me llegan.,2
"Mi mejor amiga me llevó a comer tacos, estaban increíbles.",0
Creo que es hora de decir adiós para siempre.,3
Mi alma está tan herida que no puede sanar.,3
Siento que me estoy apagando poco a poco y no sé cómo pararlo.,2
Ya no tengo energía ni para las cosas más básicas del día.,2
"Ya no busco arreglarme para salir, prefiero quedarme en pijama todo el día.",2
"Los días se mezclan, ya ni sé qué día es ni me importa.",2
No encuentro nada que valga la pena en esta vida.,3
Se me acabaron las vacaciones y regresar a la rutina se siente pesado.,1
"Mi abuelo y yo jugamos ajedrez todas las tardes, aprendo mucho.",0
Mi amigo me contó un chiste buenísimo hoy.,0
Mi papá me enseñó a cambiar una llanta hoy.,0
Quiero que el silencio me envuelva y no salga.,3
Ando nervioso por la presentación de mañana.,1
El cansancio es tanto que prefiero desaparecer.,3
"Ya subí de nivel en el juego, por fin.",0
Traigo un cansancio raro que ni durmiendo se me quita.,1
Estoy muy contenta con los resultados de mi último examen universitario.,0
El perro se enfermó y entre las citas al veterinario y el trabajo ando exhausta.,1
Se me revuelve el estómago antes de subir al escenario.,1
Mi perro no deja de ladrarle al cartero jaja.,0
Siento que no avanzo en mis metas personales.,1
Me siento desconectado de todo y de todos a mi alrededor.,2
Los domingos de pizza con mi familia son sagrados.,0
Estoy organizando una fiesta sorpresa para mi amiga.,0
Me he resignado a vivir sin esperanza.,2
Mi abuela me enseñó una receta nueva de sopa.,0
"Estoy tomando fotos de atardeceres, cada día es diferente.",0
Siento que me he ido apagando sin que nadie lo note realmente.,2
Mi papá arregló la gotera del techo hoy.,0
Hoy hice una videollamada con mis primos que viven lejos.,0
"Ya no encuentro las ganas de intentarlo de nuevo, aunque sé que debería.",2
Siento que todo lo que hago carece de un propósito real.,2
Me da miedo no estar a la altura del nuevo puesto.,1
Ya no tengo la energía para responder cómo me preguntan cómo estoy.,2
Siento que arrastro un cansancio de meses que ya no se cura con dormir.,2
El abismo me llama y quiero responder.,3
"Todo lo que toco se convierte en cenizas, mejor me voy.",3
Me cuesta desconectarme del trabajo aunque ya sea de noche.,1
Estoy practicando para el torneo de ajedrez.,0
No sé por qué pero hoy amanecí con el ánimo por los suelos.,1
Quiero que el tiempo se congele y me lleve con él.,3
Me cuesta concentrarme en clase últimamente.,1
"Ya tomé mi decisión, solo espero que me perdonen.",3
Se me hace difícil sostener la concentración después de comer.,1
"No hay vuelta atrás, ya tomé mi decisión.",3
"Me siento estancado, como si llevara años sin avanzar en nada.",2
Esta noche voy a ponerle fin a todo este sufrimiento.,3
Terminé el proyecto de la universidad antes de tiempo.,0
Cada día que pasa siento que me alejo más de quien solía ser.,2
Terminé de armar mi escritorio para la oficina en casa.,0
Ando con dolor de cabeza casi todos los días de tanto estrés.,1
Estoy preparando un postre especial para compartir con mi familia.,0
Cada noche me pregunto para qué sirve todo esto.,2
El proyecto final de la universidad quedó mejor de lo que esperaba.,0
"Siento que la culpa me acompaña en todo lo que hago, aunque no sepa bien por qué.",2
Siento que todo lo que hago termina sintiéndose insuficiente.,2
El trato con algunos clientes es agotador.,1
Ya no tengo fuerzas ni para la mentira de 'estoy bien'.,2
"Mi sobrino ya sabe contar hasta veinte, qué orgullo.",0
Estoy jugando videojuegos con mis primos.,0
Salimos a andar en patines al parque.,0
"Hoy arreglé el clóset de la entrada, ya cabía todo mejor.",0
"Mi equipo favorito ganó anoche, quedé bien contento.",0
"Últimamente me siento un poco vacío, no sé explicarlo bien.",1
Fuimos a caminar al parque con los amigos.,0
Siento que he perdido el control de mi propia vida.,2
"Mi mente ya no da para más, necesito salir de aquí.",3
Fuimos al veterinario a la revisión del perro.,0
"Estoy organizando el clóset, tengo ropa que ya ni uso.",0
Me siento invisible en mi nuevo trabajo.,1
Ando con la autoestima un poco baja últimamente.,1
"Hoy fue el cumpleaños de mi amigo, hicimos una cena.",0
Mi perro salió a pasear y volvió agotado jaja.,0
Las relaciones se me hacen insostenibles.,2
Mi corazón está tan cansado que quiere dejar de latir.,3
Ando con insomnio desde hace varios días.,1
Nunca voy a encontrar paz en este mundo.,3
Mi jefe no me toma en cuenta para los proyectos importantes.,1
Fui al taller a que revisaran el carro.,0
Compramos boletos para el show del próximo mes.,0
Mi amiga y yo hicimos un picnic en el campo.,0
"Ya no encuentro sentido a nada, todo es en vano.",3
Me preocupa no poder viajar a ver a mi familia este año.,1
"Me siento como un robot que solo funciona por inercia, sin emociones.",2
Vamos a estrenar una serie nueva esta noche.,0
Mi vida es un libro que quiero cerrar sin leer la última página.,3
"Ando con el ánimo bajito, aunque no sabría decir exactamente por qué.",1
Ya nada de lo que antes me emocionaba me genera algún interés.,2
"Ya llegué a la casa, por fin a descansar.",0
Estoy coleccionando figuras de mis personajes favoritos.,0
Fui a la tienda y encontré una oferta buenísima.,0
"Mi mente ya no puede más, está al borde del colapso.",3
"Todo lo que hago termina en fracaso, ya fue suficiente.",3
Mi mamá se queja de que no la visito suficiente.,1
Ya no tengo nada que ofrecerle a nadie.,3
"Ya no quiero sentir nada, quiero desaparecer.",3
El cansancio de vivir es más grande que yo.,3
Me está costando mantener la concentración en las clases.,1
Mi mamá se siente sola y me preocupa.,1
"Mi sobrino dijo su primera palabra, todos lloramos de alegría.",0
"Mi compañero de trabajo cumplió años, le llevamos pastel.",0
"Estoy listo para irme, ya no tengo fuerzas para nada.",3
"Me encanta hacer senderismo los domingos, la naturaleza me da paz.",0
Siento que cargo con culpa por cosas que ni siquiera puedo controlar.,2
"Hoy toca lavar el carro, ya se veía sucio.",0
No soporto la idea de tener que levantarme mañana.,3
"El profesor me regresó el ensayo con muchas correcciones, quedé desanimado.",1
Hoy tuve una charla bien buena con un amigo de la universidad.,0
Siento que estoy atrapado en un ciclo de tristeza sin fin.,2
Ya no tengo ganas de seguir luchando contra esta oscuridad interna.,3
Mi amigo me invitó a su cumpleaños el próximo mes.,0
Me inscribí a un torneo de ajedrez.,0
La tristeza se ha vuelto mi estado natural.,2
"Mi existencia no tiene propósito, es hora de irme.",3
Mi hermano me compró un juego para la consola.,0
La directora me llamó a su oficina y me quedé pensando todo el día en qué querrá.,1
No tengo energía ni para las cosas más básicas del día a día.,2
El dolor es tan grande que ya no puedo con él.,3
Hoy terminé todos mis pendientes ,0
No hay nada que pueda hacerme cambiar de opinión.,3
"Siento que fallo constantemente, aunque intento dar lo mejor de mí.",2
Siento que mi risa se volvió algo que finjo más que algo que siento de verdad.,2
"Siento que todo lo que hago se siente a medias, sin verdadero interés.",2
Vamos a jugar fútbol el sábado en la mañana.,0
Las esperanzas que tenía se han desvanecido como humo.,2
Ando algo celoso de que mis compañeros avanzan más rápido que yo en el trabajo.,1
La paz que busco solo la encuentro en la idea de desaparecer.,3
"Cada logro se siente vacío, como si no importara realmente.",2
Estoy muy cansado de la rutina diaria.,1
"Cada semana se siente exactamente igual, sin ningún cambio ni ilusión.",2
Me siento tan agotado que hasta pensar me resulta un esfuerzo enorme.,2
"Las palabras de aliento ya no me llegan, todo es en vano.",3
"Quiero que todo se acabe, no puedo más.",3
¡Qué bonito día para ir a la playa con mis amigos!,0
Ya no quiero seguir siendo una carga.,3
El silencio se ha vuelto mi única compañía confiable.,2
Me he resignado a que esto es lo que soy y no va a mejorar.,2
Le cambié el aceite al carro yo mismo.,0
La renovación del contrato se está tardando y eso me tiene inquieto.,1
Quiero desaparecer sin dejar rastro.,3
Últimamente tengo dolores musculares sin razón aparente.,1
Fuimos al cine a ver la nueva película de acción.,0
La tecnología me abruma con tanto cambio constante.,1
Cada día me convenzo más de que nada va a cambiar realmente.,2
Hoy fuimos a la feria de ciencias de mi hijo.,0
Mi gato derribó un vaso pero no pasó nada jaja.,0
"Ya no logro concentrarme en nada por más de unos minutos, la mente se me va.",2
Mi compañero de trabajo me enseñó una técnica muy útil.,0
La esperanza se ha vuelto un lujo que no puedo permitirme.,2
Siento que perdí el hilo de lo que realmente quería para mi vida.,2
La oscuridad me abraza y yo no quiero soltarla.,3
La oscuridad me envuelve sin piedad.,2
"Me rindo, ya no tengo fuerzas para seguir luchando.",3
Quiero que el silencio sea mi única compañía eterna.,3
"Vi una peli buenísima ayer, se las recomiendo.",0
La clase de yoga me dejó muy relajada.,0
"Ando con la quijada tensa todo el día, creo que es por el estrés.",1
"Mi equipo de fútbol ganó el partido anoche, fue una victoria emocionante.",0
El tráfico me hace perder tiempo valioso.,1
La feria del libro tiene una oferta de novelas buenísimas.,0
Mi computadora se apaga sola y pierdo el trabajo.,1
La calle principal está en reparación y el desvío es largo.,1
El vacío me come por dentro y no queda nada.,3
"Nada de lo que intento parece funcionar, todo sale mal.",2
Mi mejor amigo me llamó para contarme buenas noticias.,0
Siento que estoy hundiéndome lentamente y nadie puede verme.,2
"El dolor me ha vencido, no hay forma de seguir.",3
Ya no tengo la energía para mantener las amistades que antes cuidaba tanto.,2
Me siento agotado de tener que explicar lo mismo siempre.,1
Mi amigo me enseñó a hacer un truco de magia.,0
Se me hace largo el trayecto al trabajo y ya llego cansado antes de empezar.,1
El dolor es mi única compañía y ya no la soporto.,3
Ando con la presión arterial un poco alterada.,1
Ando revisando cuentas cada noche porque me preocupa no llegar a fin de mes.,1
"Hoy tuve un mal día, nada salió como esperaba.",1
Siento que la desmotivación se ha vuelto parte de mi día a día.,2
"Se me juntaron los exámenes con el trabajo de medio tiempo, ando exhausto.",1
Me siento como un muerto vivo que camina sin propósito.,2
Me pesa tanto la cabeza que a veces ni puedo levantarla.,2
Ya no encuentro razones para arreglar mi cuarto ni mis cosas.,2
Siento que estoy atrapado en un ciclo del que no puedo salir.,2
El fin de semana exploré un sendero nuevo en la montaña.,0
El vecino puso música fuerte hasta tarde y no pude descansar bien.,1
Las personas que quiero estarán mejor sin mi presencia.,3
Conseguí entradas para el concierto después de tanto intentarlo.,0
El sistema de salud es muy complicado de entender.,1
Ando con la mente en blanco todo el día.,1
La app del trabajo se cayó justo antes de la entrega y casi me da un infarto.,1
"Cada día se siente más pesado que el anterior, sin ninguna mejora.",2
Me siento frustrado con mi proyecto de emprendimiento.,1
No encuentro razones para seguir existiendo.,3
El aislamiento se ha vuelto mi única protección.,2
"Esta noche me iré para siempre, lo siento.",3
La noche es el único momento en que puedo dejar de fingir.,2
La desesperación me acompaña a todas partes.,2
Mi corazón está tan cansado que quiere parar.,3
Siento que decepciono a las personas que más confían en mí.,2
La desesperanza me ha robado hasta las ganas de intentarlo.,3
El silencio eterno me parece más atractivo que este ruido constante.,3
Siento que cargo con culpa por cosas que ya ni recuerdo bien por qué.,2
Mi gato se lastimó y me tiene preocupado.,1
Estoy planeando un viaje con mis amigos.,0
Ya no encuentro las ganas de arreglar las cosas que se han ido rompiendo entre nosotros.,2
Estoy frustrado porque no avanza mi proyecto de tesis.,1
El ruido de mi cabeza no me deja escuchar nada más.,2
Mi hijo adolescente casi no me habla y eso me tiene un poco triste.,1
"Mi existencia no tiene propósito, mejor me voy.",3
"Compré unos audífonos nuevos, suenan increíble.",0
Ya subí las fotos del viaje a mis redes.,0
Siento que decepciono a mis papás aunque intento no hacerlo.,2
Mi compañero de cuarto es muy desordenado.,1
El vacío dentro de mí es más grande que cualquier cosa.,3
La carga de deberes en la universidad me sobrepasa.,1
"Siento que mi cabeza está en blanco casi todo el tiempo, sin ninguna chispa.",2
Hoy ando bien cansado después del trabajo.,1
El dolor se ha vuelto mi única compañía.,3
"Mi mejor amigo se mudó cerca, ahora nos vemos más.",0
El podcast de ciencia me tiene fascinado esta semana.,0
Ya no encuentro motivos para arreglarme ni para salir de casa.,2
Estoy cansada de los mismos chistes de mi marido.,1
Me da ansiedad tener que hablar en público.,1
Quiero cerrar los ojos y no abrirlos jamás.,3
Mi equipo de baloncesto ganó el torneo regional.,0
Quiero que el olvido me abrace y me lleve.,3
Siento que estoy construyendo castillos en arena movediza.,2
La tristeza me acompañó tanto que ya es parte de mi ADN.,2
Se siente pesado el silencio cuando llego a un depa vacío.,1
Estoy probando una receta de galletas nueva.,0
Ya no sé cómo salir de esta sensación de estar atorado.,2
Fui a caminar al parque con mi perro.,0
El dentista me dio mala noticia sobre una muela y ando nervioso pensando en eso.,1
Compré unos zapatos nuevos para correr.,0
El silencio me promete la paz que anhelo.,3
"Siento que mis días se repiten sin ningún cambio real, todos igual de pesados.",2
"Estoy preocupada por mi piel, tiene alergias.",1
Me duelen hasta las palabras que no digo.,2
Ya no hay motivos para continuar este viaje.,3
"Siento que mis logros ya no significan nada, aunque antes me hacían feliz.",2
Cada vez me cuesta más disfrutar de estar con la gente que quiero.,2
El silencio me habla más que las personas.,2
El cansancio me ha ganado y ya no tengo ganas de pelear.,3
Mi sobrino está aprendiendo a leer y es muy dedicado.,0
"Mi gato se durmió en mi regazo, me da mucha paz.",0
Ya no me emociona ni recibir buenas noticias como antes.,2
Actualicé mi celular y quedó como nuevo.,0
Me cuesta encontrar algo bueno que contar cuando reviso mi día.,2
El mundo me pesa tanto que quiero soltarlo todo.,3
Mi mente ya eligió el camino y no pienso cambiar de opinión.,3
Me inquieta no haber recibido respuesta aún.,1
Hoy fuimos al zoológico con los niños.,0
"Mi mente ya no busca soluciones, busca descanso.",3
Siento que fallo silenciosamente y nadie parece notar lo que traigo por dentro.,2
Cada vez me cuesta más encontrar algo que me haga sentir presente de verdad.,2
Siento que cada paso que doy es hacia atrás.,2
El clima está cambiando mucho y me afecta la alergia.,1
Mi primo me invitó a su fiesta de cumpleaños.,0
El proyecto de la escuela es muy extenso y cansado.,1
Siento que me estoy alejando de la persona que solía ser.,2
"Nada de lo que hago parece importar, ni a mí ni a nadie.",2
"Me cuesta arrancar el día, hasta el café ya no me hace efecto.",1
"Ando preocupado por mi mamá, la noto más callada de lo normal.",1
El vuelo se retrasó tres horas y ya no sabía ni qué hacer con los nervios.,1
Fui a comprar materiales para el proyecto de arte.,0
Se me hizo bola la agenda entre el trabajo y los trámites del carro.,1
Ya no encuentro ninguna razón para seguir soportando este dolor.,3
La oscuridad es mi única compañera fiel.,3
Siento que he perdido el rumbo y no sé bien cómo encontrarlo de nuevo.,2
Siento que nada de lo que hago tiene valor real.,2
Los sueños que tenía ahora son solo recuerdos de otra vida.,2
Ya no quiero seguir fingiendo que todo está bien.,3
El tránsito está peor que siempre por las obras.,1
"Contesto los mensajes por compromiso, ya no porque tenga algo real que decir.",2
Siento que decepciono constantemente a las personas que confían en mí.,2
Ya casi acabo de acomodar las cajas de la mudanza.,0
Me voy porque sé que es lo mejor para todos.,3
Ya perdí el hilo de tantas materias que llevo este semestre.,1
Siento que todo lo que antes me hacía ilusión ahora me resulta indiferente.,2
"Me he ido apartando de todos, aunque nadie parece notarlo aún.",2
Mi grupo de amigos cambió mucho y no encajo.,1
El estacionamiento de mi trabajo es muy caro.,1
Siento que arrastro este peso desde hace demasiado tiempo.,2
Siento que he perdido la batalla contra mí mismo.,2
Me siento como un actor que olvidó su guión y no sabe qué hacer.,2
Me pregunto si algún día volveré a sentir algo sin dolor.,2
El nuevo jefe no sabe delegar y nos satura.,1
Mi alma está tan cansada que quiere descansar para siempre.,3
La relación con mi hermano se ha vuelto tensa.,1
"Ando algo nostálgico, se cumplen años de que salí de mi pueblo.",1
"Siento que floto en automático en las clases, ya ni le pongo atención.",1
¡Qué alegría! Mi hermana viene a visitarme después de un año.,0
Acabo de terminar un libro de aventuras que me mantuvo enganchado toda la semana.,0
Estoy practicando guitarra todos los días.,0
No quiero seguir siendo un estorbo para nadie.,3
Mi mamá está feliz porque arreglamos el jardín.,0
El nuevo episodio de mi serie favorita fue sorprendente.,0
Hoy aprendí a hacer una tortilla de papa.,0
Siento que estoy fallándole a todos los que dependen de mí.,2
"La vida me ha quitado todo, no queda nada.",3
Mi mente ya no aguanta más presión.,3
"Estoy cansado de intentarlo, de verdad que sí.",2
Traigo un peso raro en el pecho desde la junta de esta mañana.,1
"Mi mamá preparó pastel, quedó delicioso.",0
Siento que mi alma se está apagando lentamente y no puedo hacer nada.,2
El precio de la comida subió demasiado.,1
Siento que nunca voy a salir de este pozo.,2
"Ya no sé qué más hacer, todo se siente sin remedio.",3
En el cine vi una película de acción que tenía efectos especiales sorprendentes.,0
Compré verduras para hacer una ensalada rica.,0
Mi mente solo piensa en cómo terminar con todo esto.,3
Cada vez que abro la app del banco me da un poco de ansiedad.,1
Mi alma está tan oscura que no veo salida.,3
El dolor es mi única verdad y no puedo negarla.,3
Mi esposa y yo discutimos por las finanzas.,1
Todo lo que construí se derrumbó y no tengo fuerzas para reconstruir.,3
El doctor me mandó bajar de peso y eso me tiene algo estresado con la comida.,1
Vamos a jugar cartas después de la cena.,0
El nuevo formato de facturación es muy complicado.,1
Mi equipo de fútbol ganó el partido con un gol en el último minuto.,0
La mudanza se complicó y ya llevamos dos semanas entre cajas.,1
Me siento un poco agobiado con tanta responsabilidad.,1
"Quiero que todo se detenga, no puedo más con esto.",3
El dolor es tan grande que no encuentro otra salida.,3
"Ando algo desanimada, el gimnasio ya no me motiva como antes.",1
La nueva serie de animación es muy creativa.,0
Cada mañana se siente como empezar de nuevo un ciclo sin salida.,2
El teléfono suena todo el día y no descanso.,1
Mi mente me dice que esta es la única salida.,3
"Se me hizo bola el horario entre el gimnasio, el curso y la chamba.",1
Quedé de verme con unos amigos en la tarde.,0
"Mi perro aprendió a dar la pata, estoy orgulloso.",0
Ya no hay personas que me hagan querer quedarme.,3
El vecino de arriba hace mucho ruido por las noches.,1
Traigo la cabeza llena de pendientes que ni anotados se me olvidan.,1
El vacío me ha consumido y no queda nada.,3
Vamos a visitar a mis abuelos este fin de semana.,0
Me despierto cansado aunque duerma las horas necesarias.,1
Quiero que este dolor termine de una vez.,3
Ya no hay fuerzas que me sostengan en pie.,3
Ando algo frustrado porque el proyecto no avanza como quisiera.,1
El nuevo café tiene el mejor capuchino de la ciudad.,0
Me cuestiono para qué sigo intentando si todo siempre termina igual.,2
Siento que estoy perdiendo el tiempo existiendo sin propósito alguno.,2
Mañana tengo examen pero ya estudié.,0
Mi familia planea viajar en carretera este verano.,0
Estoy haciendo ejercicio regularmente y me siento con más energía.,0
"Me he alejado de casi todos, ya ni siquiera contesto los mensajes.",2
"Siento que todo se ha vuelto gris, sin ningún color que resalte.",2
Ya no queda nada que pueda salvar esta situación.,3
El ruido del tráfico desde mi ventana no me deja concentrarme para estudiar.,1
Ya no tengo ganas de intentarlo ni una vez más.,3
No hay mañana que valga la pena esperar para mí.,3
"Siento que ya no disfruto las cosas como antes, aunque nada grave pasa.",1
Me estresa la falta de estabilidad en el trabajo.,1
"Mi compañero trajo dulces a la oficina, qué detalle.",0
El perro de mi vecino no deja de ladrar.,1
Creo que es momento de cerrar este capítulo para siempre.,3
"Me encanta cocinar nuevas recetas, hoy probé una pasta deliciosa.",0
Mi compañero de clase me compartió unos apuntes perfectos.,0
"El abismo no me da miedo, me da descanso.",3
Siento que ya no tengo nada que ofrecer a nadie.,2
"Ando un poco irritable, creo que es por el cansancio.",1
La idea de salir y enfrentar el mundo me paraliza de miedo.,2
"Siento que hago todo mal, aunque me esfuerce.",2
El ruido constante me está irritando bastante.,1
"El futuro no me espera, solo la oscuridad.",3
La carga de trabajo me tiene agotado mentalmente.,1
Siento que fallo en silencio y nadie parece darse cuenta de lo que traigo.,2
Siento que estoy atrapado en una rutina que ya no reconozco como mía.,2
Me siento desconectado de la vida de los demás.,2
Quiero que el viento se lleve mi existencia por completo.,3
Siento que ya no rindo igual en la escuela.,1
"Fuimos a la feria del pueblo, muy divertido todo.",0
El nuevo álbum de mi banda favorita me tiene bailando todo el día.,0
La soledad me envuelve incluso cuando estoy rodeado de gente.,2
"Cada logro se siente vacío, como si no significara nada realmente.",2
Mi mente está hecha pedazos y no puedo arreglarla.,3
"Mi nueva amiga es muy divertida, reímos mucho juntas.",0
Mi hermana mayor me prestó su ropa para la fiesta.,0
Mi hermana menor está aprendiendo a tocar el piano.,0
"Hoy tuve clase de yoga, me sentí bien relajado.",0
Mi amigo me pidió dinero y no sé cómo decirle que no.,1
"Ya no encuentro sentido a mis días libres, se sienten igual de vacíos.",2
El dolor de mi corazón no se calma con nada.,3
"Ya no tengo ganas de ver a nadie, prefiero encerrarme.",2
No hay nada que pueda salvarme de esto.,3
"Fuimos al museo con la clase, estuvo muy padre.",0
Siento que soy una carga para las personas que me rodean.,2
Cada vez me cuesta más fingir que estoy bien frente a los demás.,2
Ya no encuentro placer ni en la comida ni en la música que antes disfrutaba.,2
El dolor se ha vuelto parte de mí y ya no lo soporto.,3
Me duelo por la persona que solía ser y que ya no reconozco.,2
Cada revisión médica de rutina me pone algo nervioso sin razón clara.,1
Ya no hay nada que pueda salvarme de esta situación.,3
Me duele la cabeza con tanta luz en la oficina.,1
Me siento como una planta que no recibe agua ni sol.,2
Hoy desayuné bien rico antes de salir a clases.,0
Siento que nadie realmente notaría si dejara de esforzarme tanto.,2
El cansancio de vivir es insoportable.,3
Siento que ya no hay nada que me pueda hacer cambiar de opinión.,3
Estoy frustrado con mi desempeño profesional.,1
Ando dándole vueltas a una decisión que tengo que tomar pronto.,1
El silencio del departamento después del trabajo se siente algo pesado.,1
Siento que cargo con expectativas que ya no tengo fuerzas para cumplir.,2
Cada día es una batalla que siento que estoy perdiendo.,2
"No quiero despertar mañana, quiero quedarme dormido.",3
Siento que el vacío que llevo dentro no se va a llenar nunca.,2
Mi mejor amiga y yo vamos al gimnasio juntas.,0
El profesor nos dejó un trabajo larguísimo y ando corriendo con el tiempo.,1
"Ya no me nace compartir lo que me pasa, prefiero guardármelo todo.",2
Me he vuelto experto en aparentar que todo va bien cuando por dentro no es así.,2
No logro desconectarme del trabajo en casa.,1
Ando corto de dinero este mes y eso me tiene nervioso.,1
Se siente pesado el ambiente en la oficina desde el recorte de personal.,1
El futuro se ve tan oscuro como el carbón.,2
"El mundo sería un lugar mejor sin mí, lo sé.",3
"Ya he sufrido bastante, es hora de descansar.",3
"Siento que la gente habla y yo solo finjo escuchar, sin realmente estar ahí.",2
Últimamente tengo cambios de humor sin razón.,1
Mi perico aprendió a silbar una canción jaja.,0
Ando preocupada porque mi hija no quiere contarme qué le pasa en la escuela.,1
Quiero encontrar la paz que nunca tuve.,3
"Siento que todos a mi alrededor avanzan menos yo, que sigo estancado.",2
El ruido de los vecinos me está volviendo loco.,1
Compramos boletos para el partido del domingo.,0
Desde que cambié de escuela me cuesta hacer amigos nuevos.,1
"Mi viaje termina aquí, ya no hay más estaciones para mí.",3
El coche se descompuso otra vez y ya no sé de dónde sacar para arreglarlo.,1
"Me compré unas zapatillas nuevas, son muy cómodas.",0
Mi mejor amigo y yo estamos planeando un viaje a la montaña para acampar.,0
"La impresora se descompuso justo cuando tenía que entregar el reporte, casi me da algo.",1
Me siento aburrido con mi misma rutina de siempre.,1
Estoy algo nervioso por la entrevista de trabajo.,1
Mi celular se dañó y no tengo para arreglarlo.,1
"Hoy tuve junta de trabajo, salió bien.",0
Me da miedo mirar al espejo y no reconocer lo que veo.,2
Mi alma está tan rota que no puede repararse.,3
Mi hermano se lleva mejor con mi novia que conmigo.,1
El proyecto de la uni se está atrasando.,1
Me siento un poco desconectado de mis amigos.,1
"Ya no tengo curiosidad por nada, todo me parece igual de plano.",2
Ya no quiero seguir siendo parte de esta realidad tan dolorosa.,3
Hoy toca jugar con los compas.,0
El restaurante que me gusta cerró definitivamente.,1
No tengo razones para seguir intentando.,3
El café de la mañana con mis compañeros de trabajo es mi momento favorito.,0
El dolor es tan grande que no puedo soportarlo más.,3
El sufrimiento ya no es soportable para mí.,3
El libro de aventuras me transportó a otro mundo.,0
Mi computadora portátil está muy lenta.,1
Siento que cargo con culpas que ni siquiera son completamente mías.,2
El trato con mi suegra no anda muy bien.,1
La única paz que conozco es la del silencio eterno.,3
¡Qué bonito amanecer! Me encanta empezar el día con esta vista.,0
Me pregunto si alguien notaría si dejara de existir.,2
Quiero cerrar los ojos y que todo se apague para siempre.,3
Estoy preparando una cena sorpresa para mi novia.,0
Mi papá y yo arreglamos la bici juntos.,0
Siento que me he desconectado de las cosas que antes me daban identidad.,2
"Cada vez que alguien pregunta cómo estoy, respondo bien solo para no explicar más.",2
"Traigo la mente en blanco, no puedo ni escribir un párrafo.",1
Ya empecé a planear mis vacaciones de diciembre.,0
Ya no encuentro razones para seguir respirando un día más.,3
El profesor de matemáticas explica muy rápido y ya me perdí varias clases.,1
La presión de mi círculo social me está afectando.,1
Las palabras de ánimo me entran por un oído y salen por el otro.,2
Cada logro que antes celebraba ahora me parece completamente insignificante.,2
Me cuesta encontrar sentido a seguir yendo a trabajar cada mañana.,2
Estoy armando un rompecabezas de 1000 piezas.,0
El nuevo curso es más difícil de lo que esperaba.,1
La presentación de mañana me tiene con el estómago revuelto.,1
Estoy haciendo una lista de canciones para el viaje.,0
Discutí con mi pareja y quedé algo sensible.,1
Mi familia hizo una reunión virtual y nos reímos mucho.,0
Terminé de leer ese libro que me recomendaste.,0
Ando preocupado porque el negocio de mi familia no está vendiendo como antes.,1
Mi mejor amiga viene a visitarme el finde.,0
Estoy estresado con los trámites de la visa.,1
Ya no tengo motivos para seguir aquí.,3
Estoy abrumado con la organización de mi boda.,1
"El abismo no me da miedo, solo me ofrece la paz que necesito.",3
Conseguí un descuento increíble en mi tienda favorita.,0
Me duele el cuello de estar tanto tiempo frente a la computadora.,1
Siento que todo me cae encima esta semana.,1
No sé cómo voy a terminar todos mis pendientes.,1
"El dolor me ha vencido, ya no hay batalla que dar.",3
Me cuesta encontrar una sola razón para sentirme orgulloso de algo últimamente.,2
Siento que todo esfuerzo termina sintiéndose vacío al final del día.,2
Ya empecé a decorar mi cuarto nuevo.,0
Siento que soy un barco a la deriva sin puerto al que llegar.,2
Me he distanciado de mis amigos porque ya no tengo nada que contarles.,2
No sé cómo equilibrar trabajo y vida personal.,1
"No hay futuro para alguien como yo, eso lo sé.",3
Mi madre preparó mi comida favorita para la cena.,0
Mi tío me prestó su taladro para el proyecto.,0
Mi mejor amigo se va a vivir lejos y me da tristeza.,1
Estoy inseguro sobre mi decisión de cambiar de carrera.,1
El tiempo pasa y yo sigo estancado en el mismo lugar oscuro.,2
No logro despegarme del celular revisando si contestaron mi mensaje.,1
Se me nota el estrés hasta en cómo escribo los correos.,1
Creo que finalmente entendí que no hay solución.,3
"El bebé no ha dormido bien y yo tampoco, ando exhausta.",1
El despertar se ha vuelto mi peor enemigo cada mañana.,3
Se me quemó el arroz jajaja soy un desastre en la cocina.,0
Hoy hice ejercicio antes de entrar a trabajar.,0
Cada amanecer me trae más tristeza que el anterior.,2
Nada de lo que hago parece tener algún propósito o significado.,2
Mi alma está tan gastada que ya no puede caminar más.,3
Mi suegra critica todo lo que hago.,1
La oficina está muy fría y no podemos cambiar la temperatura.,1
"Mi corazón ya no late con fuerza, solo quiere descansar.",3
Mi compañero de trabajo trajo café para todos.,0
Cada día parece más largo y más vacío que el anterior.,2
La fila del banco siempre es demasiado larga.,1
El dolor ha sido mi maestro y me ha enseñado el camino final.,3
"Mi mente ya no da para más, estoy completamente agotado.",3
El taller de mecánica anda con tanto trabajo que ya ni almuerzo tranquilo.,1
Ya terminé de instalar los estantes nuevos.,0
En el trabajo organizamos actividades de team building muy entretenidas.,0
El concierto de música electrónica fue una locura.,0
Mi mente solo piensa en una salida definitiva.,3
Quiero que el dolor se detenga de una vez.,3
Mi corazón está tan pesado que no puede latir más.,3
"Mi vida no tiene valor, mejor me retiro.",3
Me siento algo solo desde que mis amigos se mudaron.,1
No hay futuro que merezca la pena esperar.,3
Siento que todo lo que construí se está desmoronando poco a poco.,2
La feria de comida tiene platillos de todo el mundo.,0
Estoy buscando tenis nuevos para correr.,0
"Ya no me provoca hacer planes con mis amigos, prefiero quedarme solo.",2
Siento que me he ido desconectando de todo lo que antes me daba sentido.,2
Estoy armando el rompecabezas con mi sobrina.,0
El vacío me consume y no veo otra salida.,3
Ya no tengo la paciencia ni las ganas de intentar mejorar las cosas.,2
Quiero que mi historia se cierre sin epílogo.,3
Ando frustrado porque no avanzo en el proyecto.,1
Creo que ha llegado el momento de decir adiós.,3
Mi suegra vino de visita y el ambiente en la casa se puso algo incómodo.,1
No veo ninguna razón para seguir aquí.,3
Llevo tanto tiempo cansado que ya ni recuerdo cómo se siente estar bien.,2
"Ya no tengo fuerzas ni para llorar, solo para irme.",3
Siento que no encajo en ningún lugar.,2
El agua de mi casa sale con mala presión.,1
Quiero dejar de ser un recuerdo borroso en la vida de otros.,3
El concierto al que fui la semana pasada fue una experiencia inolvidable.,0
El calor extremo me tiene sin energía.,1
El sufrimiento es mi única compañía y ya no la soporto.,3
Fuimos al lago a pescar con mi papá.,0
Vamos a ir al cine el sábado con los amigos.,0
Estoy tan agotado que no quiero despertar.,3
Mi equipo de trabajo se llevó bien desde el primer día.,0
Mi mente encontró la respuesta que buscaba.,3
La oscuridad que llevo dentro no la ilumina ni el sol más fuerte.,2
Vamos a jugar voleibol en la playa el sábado.,0
"El profe canceló la clase, así que salí temprano.",0
Se me complicó ahorrar este mes con tantos gastos extra que salieron.,1
Siento que nadie entendería lo que traigo por dentro aunque lo contara.,2
Mi felicidad se fue de viaje y parece que no piensa volver.,2
"Mi mamá me enseñó a hacer empanadas, quedaron perfectas.",0
El dolor es tan profundo que no veo salida.,3
No hay razón que me haga querer seguir aquí.,3
Ando comiendo a deshoras por el ritmo de trabajo tan pesado.,1
Ya no quiero seguir siendo un peso para nadie.,3
Se me hizo tarde para todo hoy y terminé de mal humor.,1
"El abismo es mi único destino, ya lo acepté.",3
Siento que soy un peso extra para mi equipo de trabajo últimamente.,2
"Hace meses que no siento ganas reales de hacer nada, solo cumplo por inercia.",2
"La oscuridad no me asusta, se ha vuelto mi única compañía.",2
"Todo lo que toco se desmorona, mejor me voy.",3
Todos estarían más en paz si yo no estuviera aquí.,3
"Siento que estoy perdiendo mi esencia, ya ni sé quién soy.",2
Quiero dejar de ser un espectro en la vida de los demás.,3
Estoy preocupado por mis resultados académicos.,1
"Ya no importa lo que pase, nada cambiará mi decisión.",3
Vamos a rentar una peli de terror esta noche.,0
Mi hija está en una etapa rebelde y no sé cómo manejarlo.,1
Cada día me cuesta más encontrar razones para sonreír de verdad.,2
Me preocupa no poder costear los gastos del próximo mes.,1
Ya no puedo seguir luchando contra esto solo.,3
Mi bici necesita reparación y no tengo dinero.,1
"La terapia del niño es muy cara, no sé cómo pagarla.",1
Hoy quedé de ir al súper por las cosas de la semana.,0
Mi mente es un infierno del que no puedo escapar.,3
No hay salida para alguien tan perdido como yo.,3
Ando algo estresado con las entregas del trabajo.,1
"Me siento como un espectador de mi propia vida, sin ninguna conexión real.",2
Siento que todo lo que antes me emocionaba ahora me resulta lejano.,2
El abismo me llama y no puedo resistirme.,3
"Mi tía trajo tamales, ya merendé bien rico.",0
"Siento que mi existencia es como una hoja al viento, sin dirección.",2
La falta de rumbo me pesa más que cualquier otra cosa.,2
Estoy tan cansado que ni siquiera quiero intentarlo.,3
Ya son varias noches que me despierto a media madrugada sin razón.,1
Mi vida no tiene ningún propósito real.,3
Me cuesta reconocer en qué momento dejé de sentirme yo mismo.,2
Estoy armando un mueble nuevo para mi cuarto.,0
Fuimos a caminar por el centro un rato.,0
"Mi gato se sienta siempre en mi computadora, es muy gracioso.",0
El sufrimiento me ha enseñado que no hay salida.,3
Compré una lámpara nueva para el escritorio.,0
Mi mente está hecha un laberinto sin salida.,3
Siento que soy un peso extra en la vida de quienes me quieren.,2
No tiene caso seguir luchando si sé que voy a perder.,3
"Fui al gym en la mañana, quedé molido.",0
Ya no reconozco a la persona en la que me he convertido.,2
"Todo lo que toco se vuelve cenizas, mejor me voy.",3
Siento que le fallo a mi familia sin importar cuánto intente compensarlo.,2
Mi gato y mi perro se llevan muy bien.,0
"Hoy jugué cartas con mis abuelos, la pasamos bien.",0
Me pregunto cuándo fue la última vez que me sentí realmente bien.,2
Me preocupa no poder comprar regalos de navidad.,1
El vacío es tan grande que no tiene fin.,3
El vecino se queja por cualquier cosa.,1
Mis noches son eternas y mis días insoportables.,3
El silencio es mi único amigo y me llama a su lado.,3
"Ando comiendo mal, puro antojo y nada de horario fijo.",1
"Mi jefe me felicitó por mi presentación, me sentí bien.",0
Siento que ya no pertenezco a este lugar.,3
Estoy aprendiendo a tocar la guitarra y cada día mejoro un poco más.,0
Todo lo que toco se convierte en sufrimiento.,3
El despertador suena y yo solo quiero apagarlo y seguir durmiendo.,2
"El futuro no me espera, solo se aleja cada vez más.",2
Terminé de acomodar los libros en el estante.,0
El nuevo parque en mi barrio tiene columpios para adultos.,0
El profesor cambió la fecha del examen y ando estudiando a las carreras.,1
El dolor me ha vencido y no tengo fuerzas para seguir.,3
El sufrimiento me enseñó que no hay salida clara.,3
Me siento cansada de tantas juntas seguidas.,1
"Todo está perdido, no hay nada que hacer.",3
La presión del grupo me hace hacer cosas que no quiero.,1
El nuevo juego de aventuras tiene gráficos increíbles.,0
La desesperanza me ha invadido por completo.,3
Siento que cargo con una tristeza que no logro nombrar bien.,2
Vamos a ver el nuevo estreno el viernes.,0
"Mi vida no tiene sentido, mejor me voy.",3
El abismo me promete la paz que busco.,3
"Mi jefe me dio un día libre, voy a descansar.",0
Mi gimnasio subió la cuota y no sé si seguir.,1
"El mundo seguirá su curso, yo quiero bajarme en esta parada.",3
"Ando bajando y subiendo de peso sin control, creo que es el estrés.",1
Los días felices se han vuelto un recuerdo borroso.,2
Mi compañero de trabajo me invitó a tomar café.,0
Siento que he perdido mi lugar en este mundo.,2
Mi mamá y yo horneamos un pastel hoy.,0
"Cada mañana siento que empiezo el día ya cansado, sin haber hecho nada aún.",2
Siento que cargo con una tristeza que se volvió parte de mi rutina.,2
La maestra me llamó por lo bajo que van mis calificaciones y quedé pensativo.,1
Fui a la papelería por útiles para la escuela.,0
La competencia se pospuso y ando con la adrenalina sin saber qué hacer.,1
"Sé que esto lastimará a algunos, pero ya no puedo más.",3
Mi vecino estaciona su carro frente a mi entrada.,1
Fuimos a la biblioteca a estudiar en grupo.,0
"No hay esperanza para mí, eso lo sé muy bien.",3
"Me siento raro, sin ganas de hacer nada.",1
Mi gato siempre encuentra los lugares más cómicos para dormir.,0
El nuevo restaurante que abrieron tiene la mejor comida italiana.,0
Estoy tan harto que ni siquiera quiero explicar por qué.,3
"Mi amigo ganó el torneo de videojuegos, felicidades.",0
Fuimos a la nevería después de la escuela.,0
Siento que perdí la conexión con las cosas que antes me hacían sentir yo mismo.,2
Hoy jugué basquetbol con los del trabajo.,0
Las cosas que antes amaba ahora me causan indiferencia total.,2
Estoy algo inquieto por los resultados médicos de mi papá.,1
Mi hijo aprendió a montar en patineta.,0
Me he vuelto un experto en disimular el dolor que llevo dentro.,2
Quiero que el tiempo se detenga y me lleve con él.,3
No hay nada que pueda llenar este vacío inmenso.,3
Esta será mi última noche en este mundo.,3
Mi mente ya eligió y no hay discusión posible.,3
"Ya no encuentro ganas de festejar nada, ni mi propio cumpleaños.",2
El dolor es tan insoportable que prefiero no seguir.,3
Me siento como un libro que ya nadie quiere leer.,2
"Estoy ahorrando para una consola nueva, casi lo logro.",0
Me siento tan derrotado que ya no puedo levantarme.,3
El tiempo en redes sociales me está afectando el ánimo.,1
El silencio me llama y quiero ir con él.,3
Mi amiga y yo vamos a hacer un maratón de series.,0
"Últimamente evito quedar con la gente, prefiero estar solo un rato.",1
Voy camino al trabajo.,0
Vamos a armar el árbol de navidad este fin de semana.,0
"Ando algo irritable, creo que me hace falta dormir mejor.",1
Mi corazón ya no encuentra razones para latir.,3
El partido del domingo lo perdieron y me amargó.,1
El sufrimiento me ha consumido por completo.,3
El abismo me llama y quiero responderle.,3
"Todo lo que intento termina en fracaso, ya fue suficiente.",3
"Siento que estoy viendo mi vida desde afuera, como si no fuera mía.",2
Cargar con todo esto cada día es como escalar una montaña sin fin.,2
"Mi vida se ha vuelto insoportable, necesito que acabe.",3
"Llevo meses sin sentirme realmente vivo, solo existo.",2
No hay nada que valga la pena en mi vida.,3
La música de los 80 me hace bailar siempre.,0
Ya no hay nada que me ate a esta vida.,3
Siento que todos mis esfuerzos se disuelven sin dejar ningún resultado.,2
El sufrimiento es tan intenso que no lo soporto.,3
Siento que cargo con un cansancio emocional que no se explica con nada concreto.,2
"Ya no hay quien pueda detenerme, esto es lo que toca.",3
"La vida me ha derrotado, ya no puedo levantarme.",3
Quiero irme a un lugar donde no haya más dolor.,3
Las metas que tenía ahora parecen sueños de otra persona.,2
La clase en línea se corta a cada rato y ya perdí la paciencia.,1
"No hay salida que no sea esta, ya lo acepté.",3
Cada día se siente como repetir lo mismo sin ningún propósito claro.,2
El mundo sería más ligero sin mí en él.,3
Ya no puedo más con esta carga tan pesada.,3
El olor del café recién hecho me da mucha tranquilidad.,0
Se me juntaron los pagos de la escuela y del carro este mes.,1
El silencio de mi casa es más ruidoso que cualquier grito.,2
Me he cansado de intentar y siempre fracasar.,2
El calor del verano me quita el sueño y al otro día ando fatal.,1
Las pequeñas alegrías se han vuelto un lujo que ya no tengo.,2
Ya no encuentro placer en las cosas que solían hacer feliz.,2
El mundo se ve tan gris que no quiero verlo más.,3
Mi hijo se quiere salir de la escuela.,1
"Ando algo distraído desde que terminé con mi pareja, aunque estoy bien.",1
Cada mañana me cuesta más encontrar las ganas de ir a trabajar.,1
Siento que mi existencia no tiene ningún impacto en este mundo.,2
El tiempo se me escapa entre los dedos sin que pueda agarrarlo.,2
Las ventanas de mi casa son las únicas que miran por mí.,2
Siento que la tristeza se instaló y ya no encuentro cómo sacudírmela.,2
Ya no quiero seguir siendo un eco en la vida de los demás.,3
"Siento que perdí el interés en aprender cosas nuevas, todo me parece igual de indiferente.",2
Las sonrisas se me han olvidado por completo.,2
"Siento que estoy hecho de vidrio, cualquier cosa me rompe.",2
He perdido toda esperanza de que las cosas mejoren.,3
He decidido que esta noche será la última.,3
"El color se ha ido de mi vida, todo es gris y monótono.",2
Quiero que el viento se lleve lo que fui.,3
Quiero que el olvido me abrace y no me suelte.,3
El dolor es demasiado fuerte para seguir soportándolo.,3
"Ya no sé quién soy, solo quiero desaparecer.",3
Siento que el tiempo no me alcanza para nada.,1
El ruido de los vecinos no me deja concentrarme en mis pendientes.,1
Siento que llevo meses solo sobreviviendo el día a día.,2
El dolor es tan intenso que no lo soporto más.,3
El cambio de turno en el hospital me tiene la rutina hecha un desastre.,1
El tráfico de hoy me hizo perder la paciencia por completo.,1
"Se juntaron la mudanza, el trabajo y los exámenes, ando al límite.",1
Ya perdí la cuenta de cuántas veces he cancelado planes solo por no tener ánimo.,2
No encuentro razones para seguir esforzándome en nada.,2
"No quiero despertar, quiero que sea eterno.",3
Siento que arrastro un vacío que ninguna distracción logra llenar.,2
Hoy amanecí sin ánimos de hacer nada.,1
"Ya no me sorprende sentirme así, se ha vuelto casi normal para mí.",2
Me siento algo desmotivado con la carrera.,1
Cada mañana siento que empiezo el día ya derrotado antes de comenzar.,2
No veo ninguna luz al final de este túnel oscuro.,3
El profesor canceló la clase de última hora y ya había estudiado toda la noche.,1
Mi vida es una cadena de fracasos sin fin.,3
Mi mente es un laberinto del que no encuentro salida.,2
La aplicación de música tiene una playlist perfecta.,0
El sufrimiento que siento no se va a ir nunca.,3
Hoy aprendí una receta nueva de pan casero.,0
Siento que perdí el rumbo por completo y no sé cómo volver.,2
Ayer casi me quedo dormido manejando de tan cansado que venía.,1
Llevo meses sintiendo que estoy atrapado en un pozo sin salida.,2
"Ando algo susceptible, cualquier comentario me afecta más de lo normal.",1
Los vecinos hicieron fiesta y no pude dormir nada.,1
Ya no puedo sostener esta máscara ni un día más.,3
"Ya no quiero luchar contra esto, estoy exhausto.",3
Cada amanecer me trae más desaliento que fuerza.,2
Las noticias siempre son malas y me deprimen.,1
"El sufrimiento ha sido mi única compañía, y ya es suficiente.",3
"La culpa no me deja en paz, sin importar cuánto intente dejarla ir.",2
Mi compañero de clase me explicó el tema que no entendí.,0
Mi hermano me enseñó un truco en el juego de cartas.,0
Estoy abrumado con tantas responsabilidades nuevas.,1
"Me aburre mi trabajo de oficina, quiero cambiar.",1
La aplicación de aprendizaje de idiomas me ayuda mucho.,0
"El tráfico me tiene harto, pierdo mucho tiempo.",1
Mi vida no tiene ningún significado para mí.,3
Me cuesta encontrar entusiasmo hasta en cosas que antes esperaba con ganas.,2
"Me siento vacío por dentro, como si ya no quedara nada.",2
"Esto es lo único que me queda por hacer, ya no hay más opciones.",3
Ando saturado de mensajes de trabajo hasta en fin de semana.,1
El dolor físico no es nada comparado con esto.,3
Se me hace nudo la garganta cuando pienso en la mudanza de mis papás.,1
Todos estarían mejor si yo no estuviera aquí.,3
Estoy preocupado por el rendimiento de mi auto.,1
Mi vida no vale la pena seguir viviéndola.,3
"Ando con ganas de un descanso largo, siento que llevo meses sin parar.",1
"Mi pareja y yo llevamos días sin hablar bien, algo tensos.",1
Mi equipo de trabajo terminó el proyecto a tiempo.,0
La falta de comunicación me está afectando.,1
El dolor me dice que esto es lo único que puedo hacer.,3
"El futuro no me ofrece nada, solo más dolor.",3
"El nuevo juego de mesa es muy divertido, lo recomiendo.",0
La exposición de dinosaurios fue fascinante.,0
Siento que mi presencia no cambia nada para nadie.,2
Ya no sé en qué momento dejé de sentir ganas de hacer las cosas que me gustaban.,2
Me estresa no tener un día libre esta semana.,1
Siento que no tengo tiempo para mí.,1
Vamos a ir a acampar el próximo fin de semana.,0
Mi perro se echó a dormir en mi cama otra vez.,0
Siento que estoy fallando en todos los aspectos de mi vida.,2
Se me hizo tarde pero alcancé el camión.,0
"Ya nada me emociona como antes, todo se siente igual de gris.",2
Ya subí las notas de la clase a la nube.,0
Solo quiero que el sufrimiento se acabe de una vez.,3
Ya no encuentro la forma de salir de esta oscuridad.,3
El partido de voleibol del domingo estuvo muy emocionante.,0
Me encanta ir al mercado a comprar frutas y verduras frescas.,0
Vamos a acampar en la playa el próximo fin de semana.,0
El cansancio de vivir es más fuerte que cualquier otra cosa.,3
El concierto en el parque fue gratis y muy bueno.,0
Ando con la paciencia cortita desde que empezó el nuevo proyecto.,1
"Por favor, no intenten detenerme, ya es tarde.",3
"Cada vez me resulta más pesado sostener conversaciones, aunque sean cortas.",2
Me siento agotado de fingir que todo está bien en las reuniones familiares.,2
Me siento tan frágil como un cristal.,2
"Cada vez rindo menos en las tardes, ando con la energía baja.",1
"Siento que todo lo que intento se queda a medias, sin fuerzas para terminarlo.",2
"Todo lo que hago me parece inútil, como mover piedras sin fin.",2
"Hoy tuve un cruce feo con mi jefe, quedé molesto.",1
No encuentro ninguna razón para seguir existiendo.,3
Mi hermano y yo jugamos videojuegos toda la tarde.,0
Mi corazón ya no soporta esta carga tan pesada.,3
Hoy hace muchísimo calor.,0
Ya no encuentro la motivación ni para las tareas más simples de la casa.,2
"Ya no distingo los días buenos de los malos, todos se sienten iguales de pesados.",2
La serie de comedia me hace reír todas las noches.,0
Mi cuarto quedó perfecto después de organizarlo.,0
Ya empecé a leer el segundo libro de la saga.,0
La situación económica no anda muy bien.,1
Compramos un pastel para celebrar el ascenso de mi papá.,0
Ando con un poco de ansiedad por la mudanza.,1
"Ya no me reconozco en las fotos, siento que soy alguien distinto por dentro.",2
La presión de ser madre soltera me agota.,1
"Estoy escuchando un podcast de comedia, me río a solas.",0
Ya no quiero ser parte de este mundo.,3
Ando revisando el celular cada cinco minutos esperando una respuesta que no llega.,1
Mi vida no tiene valor y eso ya lo acepté.,3
Con mi grupo de amigos tenemos un club de lectura muy divertido.,0
"Sé que esto lastimará a mi familia, pero ya no puedo.",3
Cada mañana despierto sin ninguna razón para levantarme con ganas.,2
Llevo tanto tiempo así que ya ni recuerdo cómo se siente estar bien.,2
"Sé que no voy a superar esto, ya no tiene caso.",3
Siento que soy invisible para el mundo.,2
"El nuevo teléfono llegó hoy, estoy emocionada por probarlo.",0
El único descanso que encuentro es pensar en no despertar mañana.,3
Ando con un poco de insomnio por las noches.,1
Mi alma ya no tiene fuerzas para seguir este viaje.,3
En el trabajo nos dieron un reconocimiento por nuestro buen desempeño.,0
El sistema de puntos en el trabajo es muy confuso.,1
Ya terminé el curso de fotografía que tomé.,0
"Ya cargué el celular, se me había quedado en cero.",0
Mi mente está hecha un caos y no encuentro calma.,3
Mi papá se molestó por algo que dije y quedé pensando en eso todo el día.,1
El taller de manualidades me tiene muy creativa.,0
Se me complicó el itinerario del viaje y ando resolviendo a las carreras.,1
Las pequeñas alegrías ya no me alcanzan.,2
"Todo lo que hago termina mal, ya no tiene caso intentar.",3
Mi vida no tiene ningún propósito y eso me destroza.,3
Ya no me interesa arreglarme ni cuidar de mi aspecto como antes.,2
El ambiente en la oficina se ha puesto pesado últimamente.,1
Cada pensamiento se siente como una piedra que me hunde más.,2
Ya no sé para qué me esfuerzo si de todos modos nada cambia.,2
Todo lo que antes me apasionaba ahora me parece indiferente.,2
Las cosas que antes me daban energía ahora solo me agotan.,2
"El tiempo no cura nada, solo alarga el dolor.",3
El peso de la vida se ha vuelto insoportable.,3
"Ya no me ilusiono con nada, prefiero no esperar demasiado de las cosas.",2
Fui a inscribirme al curso de natación.,0
"Estoy aprendiendo a tocar guitarra, poco a poco.",0
Ando con dolores de cabeza seguido.,1
Últimamente me cuesta concentrarme.,1
Las relaciones humanas me parecen un esfuerzo imposible de mantener.,2
La desesperanza se ha instalado en mi corazón.,2
Ya no hay personas que me hagan dudar de esta decisión.,3
Los recuerdos bonitos ahora me duelen en lugar de alegrarme.,2
Hoy escuché un álbum nuevo que me encantó.,0
Siento que he perdido la capacidad de emocionarme por algo.,2
Mi padre está enfermo y necesito cuidarlo.,1
Mi mente no para de dar vueltas cuando intento dormir.,1
Las sonrisas me cuestan un esfuerzo que ya no puedo dar.,2
El trabajo remoto me tiene un poco aislado.,1
Compré un libro de cocina que se ve interesante.,0
Mi hermano me ganó jugando FIFA otra vez.,0
"Los videojuegos de estrategia son mis favoritos, me relajan.",0
No logro sacudirme el mal sabor de la reunión de ayer.,1
"Mi gimnasio tiene nuevas máquinas, me encantan.",0
"No logro conectar con nadie, todos me parecen tan lejanos.",2
Mi abuelo me enseñó a jugar dominó ayer.,0
El ritmo de la ciudad me tiene sin paciencia.,1
"Mi equipo ganó anoche, quedé feliz todo el día.",0
Ando algo preocupado por cómo va a salir la cirugía de mi papá.,1
"No hay manera de que esto mejore, ya lo intenté todo.",3
Siento que estoy quemado emocionalmente.,2
Siento que cargo con un cansancio que no tiene que ver con dormir mal.,2
"Solo quiero paz, y sé que no la encontraré aquí.",3
Estoy preocupado por los cambios en la empresa familiar.,1
"Siento que desperdicio el aire que respiro, que estoy de más en este mundo.",2
"Ya no tengo esperanza, ni siquiera la más pequeña.",3
Ya no quiero ser un fantasma entre la gente.,3
No he podido bajarle al ritmo desde que empezó el semestre.,1
"El silencio se ha vuelto mi única salida, no hay otra opción.",3
El entrenador me sacó de la alineación y quedé bastante frustrado.,1
La hipoteca aumenta cada año y eso me preocupa.,1
Estoy aprendiendo a editar video para mis redes.,0
No tengo fuerzas para seguir adelante ni un día más.,3
Mi perro se enfermó y la cuenta del veterinario es alta.,1
El profesor canceló la asesoría y ahora ando perdido con el tema.,1
Me siento roto por dentro y no sé cómo arreglarme.,2
"El sufrimiento es demasiado grande, no puedo más.",3
"No sé, hoy me siento un poco desanimado sin razón clara.",1
Me cuesta encontrar sentido a seguir esforzándome en el trabajo.,2
"Estoy viendo un documental sobre el espacio, muy interesante.",0
No hay razón para seguir despertando cada mañana.,3
Creo que mi jefe no valora mi esfuerzo.,1
Ando algo cansado de que siempre me toque resolver los problemas del equipo.,1
Ya terminé de armar el álbum de fotos familiar.,0
"Estoy organizando mi cuarto, encontré cosas de hace años.",0
Las noches son largas y los días aún más pesados.,2
El fin de semana voy a la playa con mi familia.,0
"Ya no me nace socializar, prefiero quedarme callado la mayoría del tiempo.",2
Estoy organizando una cena con mis compañeros de la universidad.,0
El nuevo horario de trabajo me tiene completamente desajustado.,1
"Ya no me nace celebrar mis propios logros, los dejo pasar sin más.",2
"Mi prima me invitó a su graduación, estoy muy orgullosa.",0
Estoy algo inquieto por la reunión de mañana con los socios.,1
Siento que estoy cayendo en cámara lenta sin poder detenerme.,2
Me duele tanto existir que prefiero no hacerlo.,3
"Mi hermano me prestó su consola, estoy jugando todo el día.",0
Me preocupa no poder cumplir con los plazos.,1
El espejo me devuelve una imagen que ya no reconozco como mía.,2
Ya no tengo motivos para seguir adelante.,3
Compré unas plantas nuevas para el balcón.,0
Mi cabeza no para de pensar en cómo acabar con esto.,3
Los niños están muy inquietos y no sé qué hacer.,1
Cada vez me es más difícil salir de la cama sin sentir que es un esfuerzo enorme.,2
Siento que he chocado contra un muro y no sé cómo pasar al otro lado.,2
"Hoy en el trabajo resolvimos un problema complicado, quedé satisfecho.",0
Me siento como un fantasma en mi propia vida.,2
La película animada que vi me llenó de alegría.,0
Siento que perdí el rumbo de lo que alguna vez quise construir.,2
La clase de pintura al óleo me tiene muy inspirada.,0
Estoy probando una app nueva para organizar mis gastos.,0
Mi existencia solo trae problemas a los demás.,3
"Me siento agotado emocionalmente, como si ya no tuviera nada dentro.",2
La oscuridad me atrae y no quiero resistirme.,3
Siento que todo esfuerzo que hago termina en decepción.,2
"Siento que mi mente está en otro lugar todo el tiempo, desconectada de todo.",2
La tristeza me ha consumido tanto que ya no reconozco mi reflejo.,2
El nuevo sistema del trabajo es complicado y me confunde.,1
Cada noche es una batalla que pierdo antes de empezar.,2
Siento que fallo aunque nadie me lo diga directamente.,2
