text,label,topic,label_name
me anote a un curso de rust para aprender algo nuevo,0,programming,label0
"Listo el setup para la noche de vicio, compramos gaseosas y papitas con los pibes",0,gaming,label0
Estoy emocionalmente agotado de perseguir bugs que nunca terminan.,2,programming,label2
Tuve que hacer tres reclamos distintos para que me devuelvan la plata de un producto que nunca me enviaron,1,shopping,label1
"Llevo meses entrenando con un nudo en la garganta y ya no siento placer al correr, solo una fatiga que me aplasta el cuerpo",2,sports,label2
"La receta no quedó como esperaba, pero ya sé qué corregir.",1,cooking,label1
"Ayer me equivoqué en tres mesas seguidas por el embotamiento mental que tengo, el encargado me gritó y no pude parar de llorar en todo el viaje a casa",2,restaurants,label2
"Extraño las cenas risueñas con ella, ahora comer solo me da ganas de ir a buscarla al otro mundo",3,cooking,label3
Compré una sartén de teflón antiadherente nueva y los huevos fritos salen impecables,0,cooking,label0
"Hace meses que no salgo de mi casa ni un fin de semana por no dejar solo a mi perro discapacitado, el encierro me está apagando",2,pets,label2
Cada día en clases me convenzo más de que sería mejor desaparecer.,3,school,label3
"Me siento un cajero automático para mi familia, el día que les digo que no tengo plata me dejan de hablar y eso me duele en el alma",2,family,label2
Le descubrí un bultito extraño en el lomo a mi perro y ya saqué turno con el especialista para descartar cualquier cosa,1,pets,label1
Hace un mes que evito a mi tutor de tesis porque me da terror decirle que no pude avanzar nada por este desánimo crónico,2,university,label2
Siempre pido la sopa del día cuando voy ahí.,0,restaurants,label0
Ya no recuerdo cuándo fue la última vez que disfruté un hobby sin sentirme agotado.,2,hobbies,label2
Cada reunión termina dejándome con más cansancio que alegría.,2,friends,label2
Puse a cargar la tarjeta de viaje con el celular para no hacer la cola en la boletería,0,transportation,label0
El carrito se vació solo y tuve que agregar todo otra vez.,1,shopping,label1
Después de otro turno de doce horas solo pienso que todo estaría mejor si yo no estuviera.,3,work,label3
"Siento que perdí mi identidad, antes era el cinéfilo del grupo y ahora ver una película me parece una tarea titánica e inútil",2,movies,label2
la app de la tienda no me dejaba pagar con tarjeta,0,shopping,label0
Cada ensayo termina dejándome más cansado emocionalmente.,2,music,label2
"Llevo semanas viviendo entre vuelos y hoteles, siento que eso me está consumiendo.",2,travel,label2
Tuve que instalar Linux en dual boot porque compilar el kernel desde WSL me andaba a los tirones,0,programming,label0
"El producto aparece disponible, pero no me deja comprarlo.",1,shopping,label1
El streamer que sigo en Twitch regaló varias skins exclusivas durante la transmisión en vivo,0,gaming,label0
Ando con un nudo en la garganta de los puros nervios por el torneo de taekwondo de este fin de semana,1,sports,label1
Me dejó re caliente que me cobren un plato vegetariano al mismo precio que un lomo al champiñón,1,restaurants,label1
"Cada servicio me acerca más al final, ya no quiero seguir viviendo.",3,restaurants,label3
El repartidor de la app se fue para el lado contrario con la moto y la comida ya lleva una hora dando vueltas,1,restaurants,label1
Ahora tengo que hacer la devolución del producto.,1,shopping,label1
Fijate si en la despensa queda algún paquete de fideos que esta noche cocino yo,0,family,label0
Pongo el volumen de la película al máximo para que los diálogos tapen esta voz en mi cabeza que me repite todo lo que hago mal hace meses,2,movies,label2
"El médico me confirmó la rotura de ligamentos, se acabó mi carrera y también mis ganas de seguir viviendo",3,sports,label3
Esperaba más acción en esa película.,1,movies,label1
el restaurante tiene una vista hermosa desde el segundo piso,0,restaurants,label0
Últimamente cualquier examen me deja con la cabeza hecha un caos.,2,university,label2
Me olvidé de sacar la carne picada del freezer anoche y ahora no tengo nada listo para el almuerzo de los chicos,1,cooking,label1
Mi cámara tiene semanas guardada porque simplemente no tengo ganas de salir a fotografiar.,2,hobbies,label2
"Siento que mi cuerpo se está rindiendo de lo mal que como, pero el esfuerzo mental de planear una comida me supera por completo",2,cooking,label2
"Nadie se sienta conmigo en el receso, esa soledad me carcome y ya no le veo sentido a continuar con mi vida",3,school,label3
"Ver esa película independiente sobre el duelo me hizo entender que mi dolor no tiene cura, decidí terminar con todo hoy.",3,movies,label3
Tengo que aprenderme de memoria tres páginas para la lección de historia y me trabo a cada rato,1,school,label1
Fijate de llevar repelente para mosquitos en la mochila que en la selva te comen vivo,0,travel,label0
"La cocina era mi refugio y ahora solo me da ansiedad, prefiero desaparecer.",3,cooking,label3
Había un camión repartidor descargando cajones en plena curva y se armó un embotellamiento bárbaro,0,transportation,label0
"La batidora empezó a tirar olor a quemado justo cuando estaba montando el merengue italiano, qué garrón",1,cooking,label1
No logro descansar porque siempre aparece otra notificación importante.,2,technology,label2
Otra vez se trabó mi computadora en el peor momento.,1,technology,label1
Mi grupo de amigos se disolvió y con ellos mis ganas de seguir.,3,friends,label3
Espero que la próxima semana esté un poco más tranquila en la uni.,1,university,label1
"Me enteré de que se burlaban de mis problemas de depresión en sus espaldas, ya no tengo dignidad ni ganas de vivir.",3,friends,label3
Mi exposición es mañana y todavía me da pena hablar enfrente.,1,school,label1
Me preocupa que siga lloviendo porque tengo que salir más tarde.,1,weather,label1
"observando aves en el parque esta mañana, vi una que no conocia",0,hobbies,label0
Avisame cuando salgas a la vereda que pongo balizas en doble fila para no tapar el garage,0,transportation,label0
Qué difícil es tocar esa parte sin equivocarme.,1,music,label1
Todos los días pierdo horas en el camino y siento que eso me está pasando factura.,2,transportation,label2
"Me cuesta un huevo mantener el promedio para no perder la beca del colegio, ando re tensionado",1,school,label1
Dejé sincronizando los documentos con la cuenta de OneDrive para tenerlos a mano mañana,0,technology,label0
"Soy un padre que no puede mantener a sus hijos, ya no merezco vivir.",3,family,label3
"Siento que vivo adentro de la fábrica últimamente, metí diez horas extras en tres días",1,work,label1
"Dejé la cocina del restaurante hecha un desastre y renuncié, ya no quiero seguir viviendo con esta presión",3,cooking,label3
"Antes disfrutaba el ciclismo, ahora cada salida parece una obligación.",2,sports,label2
armando el plan para recorrer tres ciudades en una semana,0,travel,label0
tengo entrevista para la pasantia en el hospital,0,university,label0
Me satura tener que configurar Nginx a mano cada vez que agregamos un subdominio nuevo al cluster,1,programming,label1
"Estoy cansado, pero todavía tengo que terminar una práctica.",1,university,label1
"Hace un mes que voy a judo sintiéndome una sombra de lo que era, me tiran al piso fácil y ya ni siquiera intento resistir la caída",2,sports,label2
Me dio mucha rabia que me cobren un recargo del quince por ciento por pagar con transferencia en el local,1,restaurants,label1
El profe de termodinámica dijo que el parcial entra hasta el capítulo cinco inclusive,0,university,label0
"Qué bajón que cancelaron la fiesta por pronóstico de tormenta, igual nos juntamos en lo de Tomi",0,friends,label0
Llego a casa sin energía para hacer otra cosa después de clases.,2,school,label2
Me dio un ataque de nervios en el ensayo porque se me olvidó la letra de la estrofa en plena pasada general,1,music,label1
El módem lleva toda la tarde reiniciándose.,1,technology,label1
Las discusiones familiares se volvieron parte de todos los días y ya me pesan demasiado.,2,family,label2
"el vuelo sale temprano mañana, hay que llegar con tiempo",0,travel,label0
pintando la maceta vieja para darle otra vida,0,hobbies,label0
Ya ni escuchando música logro relajarme durante el camino al trabajo.,2,transportation,label2
El grupo volvió a cambiar los planes de último momento.,1,friends,label1
Hoy el autobús llegó mucho más tarde de lo normal.,1,transportation,label1
"Este autor escribe muy bien, pero a veces me pierdo en la historia.",1,books,label1
Últimamente solo pienso en cómo sigue mi mascota y eso ya afecta mi rutina.,2,pets,label2
"El tiempo que pierdo viajando me arruinó el rendimiento en la facultad, llego a cursar con la cabeza tan embotada que no retengo una palabra",2,transportation,label2
Desde hace meses cualquier llamada de soporte me pone demasiado tenso.,2,technology,label2
"Siento una opresión en el pecho terrible cada vez que piso la estación de transferencia, la multitud y los empujones me tienen al borde del llanto",2,transportation,label2
Me da impotencia que mis viejos sigan tratándome como si tuviera doce años y cuestionen cada decisión que tomo,1,family,label1
salio el arcoiris despues de la lluvia de hoy,0,weather,label0
El tiempo perdido en el transporte ya está afectando mi descanso y mi rendimiento diario.,2,transportation,label2
Me da mucha inseguridad participar en el taller literario porque siento que mis interpretaciones son re básicas comparadas con el resto,1,books,label1
Estoy leyendo varias cosas al mismo tiempo y ya me confundí.,1,books,label1
Siento que los profesores no coordinan entre ellos y nos tiran todos los trabajos juntos al final,1,school,label1
"Quería leer un rato hoy, pero ya no me dio tiempo.",1,books,label1
"Siento que mi única utilidad era sacar buenas calificaciones y como ya no puedo, mi vida no vale nada",3,school,label3
"Mis compañeros me hacen sentir que soy un asco, creo que el mundo sería mejor si yo dejara de existir",3,school,label3
el subte se detuvo unos minutos entre estaciones,0,transportation,label0
"Salí de la guardia con las piernas de trapo, no me daban los tiempos ni para sentarme cinco minutos",1,work,label1
"Me siento un estorbo para el equipo, ya no quiero seguir.",3,programming,label3
Últimamente siento que ver películas se volvió otra cosa que hago por costumbre.,2,movies,label2
"Antes me encantaba ir al cine los findes, hace meses que cancelo todos los planes porque no tengo energía ni para fingir que disfruto la peli",2,movies,label2
No logro recuperar el interés por cocinar y eso ya afecta mi alimentación diaria.,2,cooking,label2
Cada vez me cuesta más equilibrar mi vida con todas las obligaciones familiares.,2,family,label2
"Sentarme en un restaurante lleno de ruido me sobreestimula al punto del colapso, ayer tuve que salir corriendo dejando la comida entera",2,restaurants,label2
llevamos al perro nuevo a que conozca el barrio,0,pets,label0
El cliente me cambió los requerimientos por tercera vez y tuve que tirar horas de diseño a la basura,1,work,label1
"Cancelé mi suscripción a la revista literaria, total ya no voy a estar vivo para el próximo mes",3,books,label3
Me preocupa tanto mi perrita que hasta me cuesta disfrutar mis días libres.,2,pets,label2
Por suerte el profe de algoritmos nos dejó usar internet para consultar la documentación oficial,0,university,label0
Llevo semanas sintiendo que la tecnología me consumió la vida personal y que no tengo fuerzas para desconectar este ciclo destructivo,2,technology,label2
Me siento completamente drenado después de atender clientes todo el día.,2,restaurants,label2
"Llevo un mes sin ver el sol y esta oscuridad constante me tiene atrapada en la cama, no tengo energía ni para ir a cursar",2,weather,label2
comprando entradas anticipadas para el museo,0,travel,label0
El camino estaba cerrado por mantenimiento.,1,transportation,label1
"Cada día de lluvia me hunde más, ojalá pudiera desaparecer.",3,weather,label3
"Siento que estoy defraudando a todos los que confiaron en mí para este desarrollo, la culpa no me deja vivir en paz",2,programming,label2
Subí una nueva versión del paquete a PyPI con soporte oficial para Python 3.12,0,programming,label0
Era la única compañía que tenía y ahora no encuentro razones para continuar.,3,pets,label3
"Mi rendimiento como bachero está por el piso, la fatiga mental es tan fuerte que paso horas mirando la pared sin poder reaccionar",2,restaurants,label2
Estoy comiendo re mal hace semanas porque el nudo en la garganta por los problemas del taller no me deja tragar nada,2,work,label2
"Tenías que flanquear por la izquierda boludo, nos regalamos los dos en el pasillo estrecho",0,gaming,label0
Cada visita al veterinario me deja emocionalmente agotado y ya es algo constante.,2,pets,label2
El micrófono de la notebook mete un zumbido re molesto en las llamadas y mis compañeros se quejan,1,technology,label1
"Tengo los gemelos que me laten del dolor después de correr los 15k, apenas puedo pisar",1,sports,label1
"Terminé la jornada con la cabeza quemadísima de tanto código, mañana sigo pero hoy no quiero ver otra terminal",1,programming,label1
Quién dejó la hornalla de atrás encendida al mínimo con la olla de sopa vacía?? Ojo con eso,0,cooking,label0
"El clima cambiante me tiene desconcertado, ya no le veo sentido a nada.",3,weather,label3
"El servicio fue amable, aunque un poco lento.",1,restaurants,label1
"El tornado pasó por mi pueblo y por mi vida, ya no quiero seguir.",3,weather,label3
El paquete lleva cuatro días demorado en el centro de distribución y nadie me da una respuesta clara,1,shopping,label1
"Uso las películas para disociar, me quedo mirando fijo la pantalla por horas sin procesar nada de la historia, solo existiendo con mucha angustia",2,movies,label2
Qué fastidio lidiar con los taxistas que te quieren cobrar el triple en la terminal por ser turista,1,travel,label1
"Hace meses que nadie me invita a ningún lado, me di cuenta de que soy invisible y quiero desaparecer.",3,friends,label3
"Estoy escribiendo mi testamento y no sé cómo seguir, ojalá no despertara.",3,books,label3
Cada libro que termino me pregunto por qué no puedo terminar con todo.,3,books,label3
"Ser crítico de cine me aisló de todos, me odian tanto que les voy a dar el gusto de desaparecer.",3,movies,label3
Traemos un proyecto grande y todavía falta bastante por hacer.,1,school,label1
"Ya ni leer libros de fantasía me saca de esta realidad, la verdad solo quiero desaparecer para siempre",3,books,label3
Mi hermana y yo siempre terminamos discutiendo por el control de la tele.,1,family,label1
Llevo semanas sin ver un día soleado y siento que cada mañana me cuesta más levantarme.,2,weather,label2
"Mis amigos me invitan a ver estrenos y siempre invento excusas, la verdad es que salir de la cama me cuesta un esfuerzo sobrehumano",2,movies,label2
Qué desesperación cuando el teclado empieza a repetir letras solo y no podés escribir ni una palabra bien,1,technology,label1
"Llevo semanas coordinando turnos médicos y cuidados para mi abuelo completamente solo porque mis tíos se borraron, estoy re quemado",2,family,label2
la app me mando el codigo de seguimiento del pedido,0,shopping,label0
"Llevo semanas sintiéndome usado, parece que mis amigos solo me buscan cuando necesitan algo y esa decepción me quitó hasta el apetito",2,friends,label2
"Mi esposa me engañó y mis hijos están confundidos, ya no quiero seguir.",3,family,label3
"Llevo semanas sintiendo que si no llego a la liga máxima no valgo nada, esa autoexigencia tóxica me está destruyendo por dentro",2,gaming,label2
el hotel tiene una vista increible desde la habitacion,0,travel,label0
Me da mucha pereza tener que lijar a mano tres capas de barniz viejo para poder empezar a pintar,1,hobbies,label1
Siento que tiré miles de horas a la basura en este MMO y ahora no me queda energía ni para abrirlo ni para hacer otra cosa,2,gaming,label2
"Ya no puedo con la presión del trabajo, no quiero vivir así.",3,work,label3
Se me cayó una taza de café arriba de la mesita y mojé apenas el borde de tres páginas 🙃,0,books,label0
"Compré una vaporera de bambú para cocinar verduras y dumplings al vapor, una maravilla",0,cooking,label0
"Me aíslo en mi cuarto con música triste todas las madrugadas, sé que me hace mal pero no tengo fuerzas para cambiar la rutina 😔",2,music,label2
Últimamente prefiero apagar el celular para no enfrentar conversaciones con mis amigos.,2,friends,label2
llevamos al perro a la peluqueria canina hoy,0,pets,label0
"Estoy en un país extraño sin dinero ni apoyo, ojalá pudiera desaparecer.",3,travel,label3
prefiero leer en el celular cuando ando de viaje,0,books,label0
"Che me saqué un diez en la lección oral de biología, no me lo esperaba para nada!",0,school,label0
mi perro ladra cada vez que pasa el cartero,0,pets,label0
"Ver el cielo despejado todos los días sabiendo que necesitamos agua me genera una ansiedad tremenda, hace meses que la angustia no me deja dormir",2,weather,label2
"Perdón la demora gente se me pasó el colectivo, llego en quince clavados al bar",0,friends,label0
el sistema se cayo un rato pero ya lo arreglaron,0,work,label0
Hoy pasé más tiempo debuggeando que programando.,1,programming,label1
aproveche el cyber monday para comprar unas cosas,0,shopping,label0
"Compré las hojas milimetradas para el plano de construcciones, están carísimas che",0,university,label0
"Me obligan a ir a una escuela donde me maltratan diario, ya no aguanto el dolor, ojalá esta noche sea la última",3,school,label3
"Lloro todas las noches abrazando mis cuadernos porque no entiendo los temas, soy un retrasado y mejor sería no existir",3,school,label3
"Fracasé en mi emprendimiento y dejé a mi familia con deudas, estarían mucho mejor sin mí",3,work,label3
configurando el asistente de voz en el parlante nuevo,0,technology,label0
Estoy tan cansado mentalmente que cometo errores que antes jamás cometía.,2,programming,label2
Desde hace tiempo llego al restaurante sintiendo un peso enorme antes de empezar el turno.,2,work,label2
"Pasé por la dietética a comprar frutos secos, avena arrollada y semillas de chía sueltas",0,shopping,label0
Los cuentos cortos de esa autora son ideales para leer de a uno antes de ir a dormir,0,books,label0
"ando con varios proyectos a la vez, pero se puede",0,work,label0
Últimamente olvido cosas importantes porque mi cabeza está saturada.,2,university,label2
No dormí casi nada por quedarme terminando las láminas de dibujo técnico que son re minuciosas,1,school,label1
Qué fastidio cuando el chofer pone la radio a todo volumen con los parlantes saturados a las siete de la mañana,1,transportation,label1
"Abro el editor de código a la mañana y me da una taquicardia tremenda, no puedo concentrarme ni cinco minutos seguidos",2,programming,label2
Las suculentas del balcón se me etiolaron todas por falta de sol directo y quedaron re deformes,1,hobbies,label1
"El retiro me pegó durísimo, sin el rugby soy un don nadie, no encuentro motivos para seguir respirando",3,sports,label3
El dolor cervical y las migrañas crónicas de estar encorvado frente a la pantalla me tienen tomando analgésicos todos los días,2,technology,label2
Cada vez que entro a la fábrica siento que quisiera dejar de existir.,3,work,label3
Me encerré en la cocina a llorar y ya no quiero salir ni vivir.,3,cooking,label3
Mi perrita todavía le tiene miedo a subir al coche.,1,pets,label1
"Tengo una biblioteca de Steam con mil juegos y no quiero jugar a ninguno, la apatía me ganó y ya no le veo caso a seguir vivo",3,gaming,label3
Desde hace meses practicar con la banda se siente más como una carga que como un gusto.,2,music,label2
"El bloqueo artístico me demostró que estoy vacío por dentro, les escribo para despedirme definitivamente.",3,hobbies,label3
probando el nuevo servicio de streaming de musica,0,music,label0
La canción parece fácil hasta que intentas tocarla.,1,music,label1
Mi gato necesita atención constante y cada día termino más cansado mentalmente.,2,pets,label2
Dejé la valija armada anoche pero siento que me estoy olvidando el protector solar y los lentes de sol,0,travel,label0
Qué fastidio cuando un amigo te pide ayuda para mudarse un domingo temprano y después ni un gracias te tira 😩,1,friends,label1
"El postre estaba congelado como piedra en el centro, parecía que lo sacaron directo del freezer industrial",1,restaurants,label1
"Siento un vacío enorme, estoy rodeado de gente en la facultad pero hace meses que me siento completamente invisible para mis amigos",2,friends,label2
Me cuesta muchísimo concentrarme en la letra de cualquier canción.,2,music,label2
Desde hace tiempo siento que mi cabeza nunca sale del modo trabajo por culpa de tanta conexión.,2,technology,label2
Estoy aprendiendo un programa nuevo y todavía me confundo.,1,technology,label1
"Me da pánico irme a trabajar y volver a encontrar a mi gata descompensada en el piso, esa paranoia no me deja respirar tranquilo",2,pets,label2
Mi primo llegó de visita y cambió toda la rutina de la casa.,1,family,label1
Llevo meses sintiéndome un fracaso porque no puedo cumplir ni con la tarea básica de alimentarme como un adulto funcional,2,cooking,label2
Hoy el linter encontró más errores de los que esperaba.,1,programming,label1
"Hace semanas que voy a la facultad por pura inercia, no entiendo nada de lo que explican y me la paso con un nudo en la garganta",2,university,label2
el hostal donde nos quedamos tiene buena onda,0,travel,label0
"Vengo durmiendo re poco esta semana por terminar la auditoría, ya necesito que sea sábado",1,work,label1
Se me trabó el carrete de la máquina de coser y me arrugó toda la tela de la falda que estaba haciendo,1,hobbies,label1
Siento que la música dejó de ser un arte y se volvió solo un ruido de fondo que uso todas las madrugadas para no sentirme tan solo,2,music,label2
"Compré varios libros con mucha ilusión, pero siguen prácticamente nuevos.",2,books,label2
Estoy tratando de organizarme porque todo se juntó.,1,university,label1
el clima cambio tan rapido que no supe como vestirme,0,weather,label0
"El trastorno afectivo estacional me pegó durísimo este año, me la paso llorando de la nada y no tengo fuerzas ni para prepararme el desayuno 😔",2,weather,label2
"Mi telescopio está juntando polvo, ya no quiero mirar las estrellas, quiero convertirme en una y desaparecer de la tierra.",3,hobbies,label3
"Qué rabia me dio el final de la saga, el autor resolvió todo a las apuradas y dejó mil cabos sueltos 🤦‍♂️",1,books,label1
"Mi familia quería que fuera músico y fracasé, mejor desaparezco.",3,music,label3
"Mi empleo destruyó todo lo que era importante para mí, ya no veo futuro.",3,work,label3
"Mi mamá me regaló un libro y ni eso me anima, ya no quiero estar aquí.",3,books,label3
Llevo semanas durmiendo mal por todo lo que debo entregar.,2,university,label2
El final del capítulo me dejó con muchas dudas.,1,books,label1
"Ni siquiera tengo fuerzas para preparar algo de comer, solo quiero desaparecer.",3,cooking,label3
Últimamente cualquier reunión familiar termina dejándome emocionalmente drenado.,2,family,label2
"Listo el surtido mensual de mercadería no perecedera, llenamos el baúl del auto hasta el tope",0,shopping,label0
Extraño tanto mi casa que últimamente hasta me cuesta concentrarme donde estoy.,2,travel,label2
vamos a probar el restaurante nuevo que abrieron,0,friends,label0
El pedal de loop se me quedó sin batería en mitad de la improvisación en la plaza y pasé tremendo papelón,1,music,label1
No sé por qué nadie responde en el chat 😅,1,friends,label1
"Me siento invisible incluso jugando con mis amigos, no veo salida.",3,gaming,label3
Oigan pasen el link del drive con los entregables de diseño que no lo encuentro,0,work,label0
Últimamente cualquier lectura académica me sobrepasa y termino bloqueado.,2,books,label2
Llevo semanas tratando de pintar algo y termino dejando el pincel a un lado.,2,hobbies,label2
Se me cayó el celu al piso pero por suerte el vidrio templado absorbió todo el golpe,0,technology,label0
Llevo semanas cuidando a mi perro enfermo y ya casi no logro concentrarme en nada más.,2,pets,label2
Estoy practicando caligrafía y todavía me salen chuecas las letras.,1,hobbies,label1
organizando la salida de egresados con el grupo del cole,0,friends,label0
Llevo semanas sintiéndome un fracaso porque por más tratamientos costosos que pruebo la perra no muestra mejoría alguna,2,pets,label2
"Listo el pipeline de CI/CD en GitHub Actions, ahora compila y corre los linters de forma automática",0,programming,label0
Qué impotencia cuando el televisor inteligente se desconecta del wifi y hay que meter la clave de 20 dígitos con el control,1,technology,label1
Hace semanas que siento una tensión enorme por el estado de mi gato.,2,pets,label2
"La comida perdió todo sabor, la vida perdió todo color, les digo adiós con el estómago cerrado",3,cooking,label3
Cada examen me acerca más a pensar que no hay salida.,3,university,label3
practicando piano una hora todos los dias,0,music,label0
Cada vez que pienso en socializar con mis amigos termino sintiéndome agotado.,2,friends,label2
"Lloro frente al monitor todas las madrugadas, la presión de este desarrollo es demasiada y ya no quiero seguir vivo",3,technology,label3
Me pasé toda la mañana haciendo fila en la fiambrería para que me digan que se quedaron sin queso de máquina,1,shopping,label1
Estoy revisando reseñas porque todavía tengo dudas.,1,shopping,label1
Me cuesta entender la autenticación con JWT.,1,programming,label1
"revisando un pull request de un compañero, esta bastante prolijo",0,programming,label0
"el jefe movio la reunion de nuevo, ya van tres veces esta semana",0,work,label0
Me bajé un navegador más liviano para la tablet vieja y ahora carga los videos sin trabarse,0,technology,label0
Tengo como diez issues abiertos en Jira asignados a mi nombre para este sprint y no llego ni a la mitad,1,programming,label1
Antes el juego era mi escape para relajarme y ahora cada partida me detona una taquicardia y una angustia que me duran horas,2,gaming,label2
cambiando de talle porque el que pedi no entraba,0,shopping,label0
Mi serpiente está mudando la piel y quiero asegurarme de que todo vaya bien.,1,pets,label1
quien juega esta noche? armamos equipo,0,gaming,label0
"Me tiene con el estómago cerrado esperar el diagnóstico de la ecografía del boxer, ojalá no sea nada grave",1,pets,label1
"Me cuesta horrores ir a mis clases de baile, la música suena pero mi cuerpo pesa toneladas y no logro conectar con nada",2,hobbies,label2
"El tráfico ya no solo me desespera, siento que me está quitando toda la energía.",2,transportation,label2
"Mi hamster murió y parece algo pequeño para todos, pero yo ya no veo salida.",3,pets,label3
"El preparador físico nos mató con las series de resistencia bajo el sol, salí con la vista nublada",1,sports,label1
Qué bronca cuando se te despega la cinta de enmascarar y se filtra pintura abajo de la línea recta,1,hobbies,label1
"Desde que quebré mi negocio de comida no veo salida, ya no quiero vivir.",3,cooking,label3
Ya van semanas en las que enciendo la PC y me quedo viendo el menú sin ganas de jugar.,2,gaming,label2
"El estrés de la cocina industrial me reventó la cabeza, ojalá no me despierte mañana para no volver al servicio",3,cooking,label3
Nos cobraron dos aguas minerales de más en el ticket y tuvimos que esperar a que el encargado anule la factura,1,restaurants,label1
tengo esa cancion pegada en la cabeza desde la mañana,0,music,label0
"Antes correr me despejaba, ahora termino mentalmente agotado.",2,sports,label2
encontre estacionamiento super rapido hoy,0,transportation,label0
Hicimos diez kilómetros de trekking por el bosque nativo buscando hongos silvestres para fotografiar,0,hobbies,label0
"Ya cargué las horas en el sistema, fíjense de imputarlas bien que cierra la quincena hoy",0,work,label0
Me cuesta encontrar un momento de tranquilidad cuando todos están en casa.,1,family,label1
"Tengo la heladera vacía y el alma más vacía todavía, ojalá un accidente me lleve hoy mismo",3,cooking,label3
No logro terminar el proyecto y siento que sería mejor no estar aquí.,3,programming,label3
Siento que no avanzo nada con la tesis por culpa de este script de procesamiento que tira out of memory,1,programming,label1
"Llevo un mes postergando la entrega final, me siento tan insuficiente y bloqueado que prefiero desaprobar antes que mostrar lo que hice",2,university,label2
asando pollo con especias nuevas que compre,0,cooking,label0
Mis nietos no me visitan y me siento tan sola que ya no quiero vivir.,3,family,label3
el juego de mesa digital tambien esta bastante entretenido,0,gaming,label0
"Estoy intentando pasar más tiempo con mi familia, aunque la semana ha estado pesada.",1,family,label1
el perro se robo la pelota de mi hermano y no la suelta,0,pets,label0
"Leo para escapar pero la realidad me alcanza, ya no quiero vivir.",3,books,label3
"Lloro todo el camino en el colectivo pensando en que soy un fracaso, decidí que esta es mi última noche acá",3,transportation,label3
"Siento que mi perro se llevó mi corazón cuando lo dormimos, no encuentro motivos para levantarme y lo mejor es desaparecer",3,pets,label3
El concierto empezó más tarde de lo esperado.,1,music,label1
"Me desespera sentir que practico diario y aun así no mejoro, llevo así bastante tiempo.",2,gaming,label2
Perdimos el invicto del torneo por dos errores individuales infantiles que regalamos atrás,1,sports,label1
Entre los cuidados de mi perro y el trabajo siento que ya no puedo concentrarme bien.,2,pets,label2
"Qué genio el director, la forma en que usa los planos secuencia te mete de lleno en la trama",0,movies,label0
pedimos delivery porque no teniamos ganas de cocinar,0,restaurants,label0
"Perdí a mi mejor amiga por una discusión y ahora no veo salida, solo quiero desaparecer.",3,friends,label3
Llevo tres semanas trabado en el mismo capítulo de la novela rusa y no logro avanzar ni dos páginas,1,books,label1
Me siento tan miserable en la oficina que rezo para tener un accidente fatal en el camino y no llegar nunca más,3,work,label3
Hace un mes que evito cualquier película dramática porque sé que si veo algo triste me voy a desarmar y no voy a poder parar de llorar,2,movies,label2
La resolana del mediodía me quemó la cara por olvidarme de ponerme protector solar antes de salir a la obra,1,weather,label1
"Mi novia me dejó, puse la película que vimos en nuestra primera cita y tomé la firme decisión de no seguir en este mundo.",3,movies,label3
el pez nuevo se esta adaptando bien a la pecera,0,pets,label0
"Llevo meses sin poder pisar una cancha por el pánico, soy un cobarde y lo más digno que puedo hacer es desaparecer",3,sports,label3
"terminamos la temporada en el top 100, contento con eso",0,gaming,label0
Extraño cuando realmente disfrutaba escuchar música camino al trabajo.,2,music,label2
Paso los días con una opresión constante en el pecho viendo a mi perra que ya casi no se puede sostener en pie por la artrosis,2,pets,label2
Mi jardín era mi refugio y ahora ni eso me da ganas de vivir.,3,hobbies,label3
El caramelo para el flan se me pasó de cocción en dos segundos y me dejó la cocina tapada de humo negro 😩,1,cooking,label1
Se suspendió la clase magistral de sociología porque el docente se quedó sin voz,0,university,label0
mi abuela me enseño una receta nueva hoy,0,family,label0
el semaforo de la esquina quedo en amarillo intermitente,0,transportation,label0
Traigo varias lecturas pendientes para derecho.,1,university,label1
Me preocupa no alcanzar a terminar antes de la fecha límite.,1,programming,label1
"Me quedé tirado en la carretera con el camión descompuesto, estoy completamente solo y tomé la decisión de no volver a casa nunca más",3,transportation,label3
Me tiene re tenso pensar que si repruebo esta materia correlativa me atraso un año entero en la carrera,1,university,label1
Estuvimos ensayando el baile para el acto del 25 de mayo y nos salió re coordinado,0,school,label0
"Cada semilla que planto es una esperanza que se muere, ya no quiero seguir.",3,hobbies,label3
Paso tantas horas frente al monitor que termino sin energía para cualquier otra cosa.,2,programming,label2
"Las peleas a los gritos entre mis papás me tienen con taquicardia todos los días, no logro concentrarme ni para leer una página",2,family,label2
"Las tormentas de arena en el desierto me dejaron varado y sin esperanza, mi final llegó.",3,weather,label3
El lugar tiene una decoración muy bonita.,0,restaurants,label0
Hay muchas actividades este mes y siento que todo se junta.,1,school,label1
Vi una peli sobre alguien que desaparece y pensé que yo debería hacer lo mismo.,3,movies,label3
Mi vida gira alrededor del gaming y aun así siento que ya no tiene sentido seguir.,3,gaming,label3
"El menú del día de hoy es mi última lágrima, me voy de este mundo sabiendo que no le serví a nadie",3,cooking,label3
"Antes disfrutaba ir a clases, ahora solo pienso en todo lo que falta por entregar.",2,school,label2
"Otro día llorando en el volante de este tráiler, estoy tan cansado de esta soledad que ya tomé la decisión de acabar con todo",3,transportation,label3
Cada vez que reviso mis calificaciones siento que ya no tiene sentido seguir.,3,university,label3
"Mi equipo confía en mí y siento que los decepcioné, ya no quiero seguir.",3,programming,label3
la receta de mi abuela para el guiso quedo perfecta,0,cooking,label0
"Siento que el posgrado es una cárcel, lloro todas las noches y creo que la única forma de descansar de verdad es la muerte",3,university,label3
Compré un libro por impulso y todavía no lo abro 😂,1,books,label1
"Siento que mis amigos avanzaron y maduraron, y yo soy el único fracasado del grupo, esa culpa me tortura cada vez que los veo",2,friends,label2
"Comer solo en restaurantes me recuerda lo vacío que estoy, ojalá no despertara.",3,restaurants,label3
Desde hace meses vivo esperando que mejore el clima y nunca pasa.,2,weather,label2
"Ayer me perdí en el metro y me dio una crisis nerviosa, soy un inútil que no sabe ni moverse por la ciudad y me quiero ir de este mundo",3,transportation,label3
"El esqueje de monstera que venía cuidando hace un mes se pudrió de la raíz de la nada, qué bajón",1,hobbies,label1
"Me aíslo en mi cuarto todo el día porque no soporto la toxicidad de mi casa, pero el encierro me está deprimiendo cada vez más",2,family,label2
"Hace dos meses que ir al conservatorio me genera fobia, me da pánico entrar al aula sintiendo este vacío total por la carrera",2,music,label2
Hace meses que me estoy alejando de todos mis amigos y ni sé cómo volver a acercarme.,2,friends,label2
Qué bronca me da no entender la explicación del profe después de prestar atención toda la clase,1,school,label1
"Intento cocinar recetas nuevas por diversión, pero termino dejándolo porque me siento agotado.",2,hobbies,label2
"Estoy varado en otra ciudad sin dinero ni conocidos, ojalá no despertara mañana.",3,travel,label3
Me cuesta disfrutar los fines de semana porque siempre estoy preparando el siguiente viaje.,2,travel,label2
Con este frío las manos se me congelan.,1,weather,label1
Qué difícil es coordinar horarios para ensayar con toda la banda.,1,music,label1
"Siento una opresión en el pecho constante que solo empeora con estos días nublados eternos, me siento completamente desconectada de la realidad",2,weather,label2
"Ya no puedo soportar la presión de competir, no veo ninguna salida.",3,gaming,label3
"Me cuesta horrores coordinar el doble pedal en la batería a velocidades altas, me acalambré el gemelo al pedo",1,music,label1
Mi disco duro ya casi está lleno.,1,technology,label1
No sé cómo voy a hacer para corregir los ochenta exámenes de los chicos antes del lunes,1,work,label1
El sistema rechazó mi pago y tuve que intentarlo otra vez.,1,shopping,label1
Hoy intenté una receta de manualidades y no quedó igual al tutorial.,1,hobbies,label1
"La gimnasia me dejó el cuerpo roto y el alma vacía, estoy tan cansada que solo quiero apagarme para siempre",3,sports,label3
saque al perro a correr por el parque esta mañana,0,pets,label0
Ya no tengo fuerzas para seguir luchando con este trabajo.,3,work,label3
El tour empezó muy temprano y terminé bastante cansado.,1,travel,label1
La actualización del sistema operativo me dejó la compu lentísima y tarda diez minutos en arrancar,1,technology,label1
No puedo conectar la computadora al monitor externo.,1,technology,label1
La perrita recién operada no se acostumbra al cono de plástico y se choca contra todos los muebles de la casa,1,pets,label1
"Le dejé mi kindle a mi hermano menor, ya tomé la decisión de no seguir en este mundo y quiero que se lo quede",3,books,label3
Me preocupa sacarme una mala nota en química porque ya me fue flojo en el primer parcial,1,school,label1
Ya ni siquiera disfruto visitar nuevos países porque siempre estoy demasiado cansado.,2,travel,label2
armando un avion a escala este finde,0,hobbies,label0
"Allá afuera está oscuro desde las 4 de la tarde y yo siento que mi cabeza se apaga con el día, hace meses que no logro retener nada para los finales",2,weather,label2
Desde hace tiempo tardo el doble en resolver problemas que antes hacía rápido.,2,programming,label2
"Quería terminar el cuadro hoy, pero todavía falta bastante.",1,hobbies,label1
El código se volvió una carga que ya no puedo soportar.,3,programming,label3
"Esta lluvia que no para hace dos meses me arruinó la rutina, me aislé completamente de mis amigos y siento una pesadez enorme en el pecho",2,weather,label2
Hace meses que siento que las responsabilidades familiares me dejaron sin energía para disfrutar las cosas de siempre.,2,family,label2
Le regalé un tocadiscos vintage a mi viejo por el cumple y se puso a desempolvar vinilos,0,music,label0
Tengo la cabeza que me explota de memorizar fechas históricas que se me mezclan todas,1,school,label1
Tengo que armar los pipelines de GitLab desde cero y la sintaxis del yaml me está haciendo renegar muchísimo,1,programming,label1
"Trato de aprender React pero mi cerebro simplemente no da más, soy un retrasado y ya decidí terminar con esta agonía hoy",3,programming,label3
"Llevo semanas sintiendo que el cuerpo no me responde en el gimnasio, levantar una barra me cuesta un esfuerzo sobrehumano que me drena",2,sports,label2
Llevo dos semanas practicando acordes básicos en el ukelele y ya me sale una canción entera de corrido,0,hobbies,label0
Me cuesta un montón agarrarle la mano al sombreado con grafito en los retratos realistas,0,hobbies,label0
"Ya no puedo entrar a la casa sin llorar, quisiera dejar de existir.",3,pets,label3
"Antes componía seguido, ahora me siento completamente bloqueado desde hace meses.",2,music,label2
No me reconoce el lector de huellas del celu si tengo el dedo apenas húmedo 🙃,0,technology,label0
Tengo que pagar una multa en la biblioteca municipal porque me colgué con la fecha de devolución por dos semanas,1,books,label1
Qué bronca cuando una pieza del rompecabezas viene fallada de fábrica con la imagen pelada,1,hobbies,label1
"Me la paso llorando de noche pensando en los exámenes finales, siento que la presión de mis papás me asfixia",2,school,label2
"Boludo no podés ser tan malo tirando dardos, casi le das al mozo en el brazo jaja",0,friends,label0
"Hoy lloré otra vez antes de entrar al colegio, ojalá todo terminara.",3,school,label3
Me da tanta vergüenza lo que hice con el dinero que ya no quiero estar aquí.,3,shopping,label3
"Ma te mandó un saludo enorme la tía Marta, dice que a ver cuándo se juntan a tomar unos mates",0,family,label0
El pan no subió como esperaba.,1,cooking,label1
"Me angustia dejar a mi perra sola tantas horas mientras estoy en la oficina, siento que sufre el encierro",1,pets,label1
El calor me tiene sin dormir y con ganas de no estar más.,3,weather,label3
Estoy gastando los pocos ahorros que tengo en comida rápida por culpa de esta parálisis emocional que me impide acercarme a la estufa,2,cooking,label2
Oigan el profe de física cambió la entrega del laboratorio para el lunes que viene,0,university,label0
Me cayó pesadísimo el almuerzo en el bodegón por el exceso de aceite y tengo que seguir trabajando en la oficina así,1,restaurants,label1
Mis audífonos dejaron de funcionar justo cuando quería escuchar música.,1,music,label1
Mañana paso por tu departamento a devolverte la conservadora de hielo que me prestaste,0,friends,label0
organizando la despedida de soltero para el mes que viene,0,friends,label0
Descargué una app para repasar kanjis de japonés veinte minutos antes de acostarme a dormir,0,hobbies,label0
Salgan del lobby y vuelvan a mandar invitación que se me bugeó la pantalla de carga,0,gaming,label0
"Las herramientas digitales me ayudan a trabajar, pero últimamente también me están desgastando.",2,technology,label2
"Atender a gente feliz me recuerda que yo no lo soy, ya no quiero vivir.",3,restaurants,label3
"Cada vez que llegan los créditos finales siento un vacío insoportable, sé que mi vida no sirve y decidí apagarla.",3,movies,label3
"Bajé de rango maestro a bronce, sé que suena tonto pero el juego era lo único que me sostenía y ya no quiero seguir luchando",3,gaming,label3
Hoy fui al centro comercial y había demasiada gente.,1,shopping,label1
Me recomendaron esa serie y por ahora no me está enganchando.,1,movies,label1
"Llevo un mes sin escuchar música en el auto, manejo en silencio total porque cualquier sonido me sobreestimula y me pone al borde del colapso",2,music,label2
"Dejaste tu cargador de celular en el respaldo del sillón de casa, te lo guardo acá",0,friends,label0
Me siento tan solo trabajando remoto que a nadie le importaría si hoy mismo dejo de respirar,3,technology,label3
No logro mantener el hábito de cocinar porque siempre me siento sin energía.,2,cooking,label2
"Mi familia me grita que no sirvo, y cada día lo creo más, ojalá no despertara.",3,family,label3
Nos tocó bañar al perro en el patio entre los tres y terminamos todos más mojados que él 😂,0,family,label0
Conseguí un lente fijo de 50mm usado pero con el cristal impecable para fotos de retrato,0,hobbies,label0
Mi perro se emocionó tanto en el parque que terminó lleno de lodo.,1,pets,label1
El club de astronomía organiza una juntada en el campo el finde para ver la lluvia de meteoros,0,hobbies,label0
"Llevo semanas con acúfenos por el estrés, escucho un zumbido constante que me arruina la música y me está volviendo loco",2,music,label2
"Profe disculpe, el mapa político de América va con división política o mudo?",0,school,label0
grabando una version acustica de una cancion conocida,0,music,label0
el grupo de whatsapp del viaje ya esta armado,0,friends,label0
Siento que el cine dejó de ser un arte y se volvió solo un sedante que uso todas las madrugadas para no maquinar sobre todos mis fracasos,2,movies,label2
Estoy algo nervioso porque mañana salgo de viaje.,1,travel,label1
Nos equivocamos de horario y llegamos tarde al cine.,1,movies,label1
buscando fundas nuevas para el celular,0,technology,label0
"Ni ganar partidas cambia cómo me siento, ya no quiero seguir viviendo.",3,gaming,label3
Meses enteros soportando este clima deprimente me convencieron de que la muerte es el único descanso.,3,weather,label3
"Dejé el taller de cerámica porque no puedo con esta ansiedad, mejor desaparezco.",3,hobbies,label3
Llevo días practicando la escala menor armónica y todavía se me traba el dedo anular en la bajada,1,music,label1
Siento una pesadez en el pecho que me asfixia cada vez que despega el avión alejándome de mi tierra y de mi gente,2,travel,label2
"Organizamos el asado para diez en casa, compré la carne y a último momento me avisaron cuatro que no venían",1,friends,label1
El lag de mierda me lagueó justo cuando tiraba la definitiva para ganar la partida lpm 🤦‍♂️,1,gaming,label1
Últimamente todas las canciones me suenan iguales y no logro disfrutarlas.,2,music,label2
Llevo un mes evitando entrar al servidor de rol porque me siento tan sobrepasado emocionalmente que no tolero interactuar con nadie,2,gaming,label2
"practicando fotografia nocturna, todavia me falta calibrar bien la camara",0,hobbies,label0
"El ambiente en la clínica es tan tóxico que me destruyó, siento que la única forma de descansar es muriendo",3,work,label3
pintando figuras de resina para mi coleccion,0,hobbies,label0
La tormenta de anoche me hizo pensar en no estar más aquí.,3,weather,label3
"Mis amigos me deben dinero y ya no me hablan, ya no quiero seguir.",3,friends,label3
nos toca defender el proyecto la semana que viene,0,university,label0
encontre el libro que buscaba en oferta,0,shopping,label0
"Hace dos meses que no puedo concentrarme ni para ver una serie, la cabeza me repite en bucle los diagnósticos y pronósticos médicos",2,pets,label2
mi hamster se subio a la rueda apenas lo puse en la jaula,0,pets,label0
"Perdí la final del torneo y defraudé a mi equipo entero, ya no sirvo para los esports ni para la vida, me voy para siempre",3,gaming,label3
Llevo meses sintiéndome estancado y cada entrenamiento se hace eterno.,2,sports,label2
Ando con los nervios de punta esperando que pasen las 24 horas del postoperatorio para ver cómo evoluciona,1,pets,label1
"Cancelamos el asado en el parque por alerta de granizo, nos juntamos adentro en lo de Nico",0,weather,label0
"El pronóstico de tornados me tiene con el sistema nervioso liquidado, llevo semanas con molestias digestivas y sin poder enfocarme en las clases",2,weather,label2
¿Qué restaurante recomiendas para celebrar un aniversario?,0,restaurants,label0
"El nuevo disco de la banda me pareció re genérico y aburrido, qué decepción después de tanta manija previa",1,music,label1
Antes me apasionaba subir al ring y ahora cada práctica de sparring me detona una angustia y un miedo paralizante que me duran días,2,sports,label2
Me tiene re preocupado no llegar en peso a la categoría para el pesaje del viernes en judo,1,sports,label1
Mi rendimiento en básquet ha bajado tanto que ya perdí confianza en la cancha.,2,sports,label2
Hoy tuve clases todo el día y terminé bien cansado.,1,university,label1
los auriculares bluetooth no quieren conectar con el celular,0,technology,label0
Tuvimos un cruce fuerte en la mesa porque nadie se hace cargo de sacar al perro a la noche,1,family,label1
"El scrapbooking me ayudaba a recordar y ahora solo quiero olvidar todo, incluso vivir.",3,hobbies,label3
Estoy tan hundido en deudas por comprar que ya no quiero estar aquí.,3,shopping,label3
El ambiente en el restaurante me ha desgastado muchísimo estos últimos meses.,2,restaurants,label2
"Se cortó la luz en la sala de cine justo en el clímax de la pelea final, qué mala leche tuvimos lpm",1,movies,label1
Me preocupa haber perdido el interés por casi todos mis pasatiempos.,2,hobbies,label2
"tengo torneo de tenis el sabado, ya estoy nervioso",0,sports,label0
"Qué decepción abrir el paquete del perfume y sentir que tiene olor a alcohol puro, me vendieron una imitación fija",1,shopping,label1
pagando con debito porque no tenia efectivo,0,shopping,label0
Se cayó la conexión del servidor a dos minutos de terminar la raid y perdimos todo el progreso del cofre,1,gaming,label1
"Ya no disfruto salir a correr, pero sigo haciéndolo porque no quiero rendirme.",2,sports,label2
"Llevo dos meses con insomnio severo, cierro los ojos y sigo viendo los apuntes de anatomía y las fechas límite persiguiéndome",2,university,label2
Mi pareja nota que ya no disfruto las noches de cine como antes.,2,movies,label2
Mi coche ya pide cambio de aceite y tengo que agendarlo.,1,transportation,label1
Che fijate que en la app pusieron un cupón de 20% de descuento en lácteos por hoy nomás,0,shopping,label0
El michi me mira fijo desde arriba de la heladera juzgándome mientras cocino fideos,0,pets,label0
"Llevo semanas con insomnio por los incidentes críticos del sistema, cierro los ojos y solo quiero estar muerto",3,technology,label3
"Tengo el cuerpo pesado y la mente embotada de cambiar de huso horario a cada rato, no recuerdo cuándo fue la última vez que descansé bien",2,travel,label2
deberiamos organizar otro viaje pronto,0,friends,label0
El ambiente en la oficina me hizo creer que todos estarían mejor sin mí.,3,work,label3
"Llevo dos meses seguidos sin un día libre en la pizzería, el cuerpo me duele a un nivel que no me deja ni dormir y la cabeza me va a mil",2,restaurants,label2
Ando con un dolor de espalda terrible de estar tantas horas encorvado tratando de levantar este microservicio,1,programming,label1
"Antes salía a correr diario, ahora este clima me deja completamente desanimado.",2,weather,label2
"Terminé la gira laboral completamente devastado por dentro, sintiendo que la distancia y los aeropuertos me apagaron la vida",2,travel,label2
Avisale a los chicos que lleven pilotines impermeables para la excursión escolar de mañana,0,weather,label0
"Mis compañeros de ingeniería son brillantes y yo un fracaso total, no quiero seguir ocupando espacio en el mundo",3,technology,label3
"No entregué el proyecto final y voy a recursar, no soporto la vergüenza, es mejor desaparecer",3,school,label3
Estoy tan cansado que muchas veces prefiero no cocinar aunque tenga todo en casa.,2,cooking,label2
"Tres semanas seguidas de cielo gris plomizo y siento que me apagaron por dentro, no rindo en el estudio y lloro por cualquier cosa",2,weather,label2
"Me culparon de la caída del sitio en pleno Black Friday, no merezco seguir viviendo con esta vergüenza pública",3,programming,label3
"Perdimos el partido, pero al menos dimos pelea hasta el final.",1,sports,label1
"Pienso en cómo éramos inseparables hace un año y me agarra una opresión en el pecho que me asfixia, no puedo superar que se hayan alejado",2,friends,label2
"El doblaje al español de esa serie de anime es malísimo, le cambiaron las voces originales y da vergüenza ajena",1,movies,label1
"Tía, me prestás la hielera grande para el cumpleaños de papá este sábado?",0,family,label0
"Pongo las playlists en aleatorio todo el día para no escuchar mis pensamientos, pero sigo sintiendo un vacío enorme en el pecho",2,music,label2
la musica en el bar estaba demasiado fuerte anoche,0,music,label0
"No importa cuánto estudie programación, siento que nunca seré suficiente y ya no quiero seguir.",3,programming,label3
"Traté de ir al cine a ver si me despejaba un poco la cabeza de los problemas, pero me pasé las dos horas maquinando con taquicardia",2,movies,label2
"Llevo un mes sin poder disfrutar de los ensayos con la banda, toco el bajo por pura inercia y me siento completamente desconectado de los pibes",2,music,label2
el monitor nuevo se ve muchisimo mejor que el anterior,0,technology,label0
"Mi familia está mejor sin mí, se los aseguro, mejor desaparezco.",3,family,label3
Hace semanas que evito abrir los chats grupales del trabajo porque la cantidad de mensajes acumulados me da una ansiedad asfixiante,2,technology,label2
"El teclado de la laptop junta pelusa enseguida entre las teclas, le pasé aire comprimido",0,technology,label0
El michi se durmió arriba del módem del wifi porque está calentito jaja clásico de invierno,0,pets,label0
La fila para pedir el libro en la biblioteca estaba larguísima.,1,books,label1
"El delivery me trajo manzanas verdes en vez de rojas, bueno no pasa nada igual sirven",0,shopping,label0
el avion salio con demora pero ya estamos por embarcar,0,transportation,label0
Mi familia hizo tantos sacrificios por mi deporte y siento que los fallé.,3,sports,label3
"Escribo guiones para no llorar, pero ya no le veo sentido a seguir escribiendo ni viviendo.",3,movies,label3
Tengo que entregar el proyecto de sistemas operativos el lunes y los hilos me siguen generando deadlocks,1,programming,label1
"Mi perrita viejita era mi ancla a la vida, al irse me quedé a la deriva y la verdad es que prefiero hundirme y morir",3,pets,label3
terminando el manga que me prestaron hace un mes,0,books,label0
el vuelo tuvo una escala mas larga de lo esperado,0,travel,label0
El teclado empezó a fallar en algunas teclas.,1,technology,label1
"No me sale conectar la pasarela de pagos con el webhook, me responde con error 400 y ya me estoy frustrando",1,programming,label1
Me da cosa reprobar educación física por no llegar a la marca en el test de resistencia,1,school,label1
Cada vez que empiezo a cocinar termino perdiendo la concentración.,2,cooking,label2
Esperaba que anunciaran más fechas para la gira.,1,music,label1
"Terminé el sprint totalmente destruido anímicamente, con la sensación amarga de que este trabajo me está costando la salud mental",2,programming,label2
"Soy librero y las deudas me tienen ahogado, ya no veo salida.",3,books,label3
Me quedé atascado en este pueblo por las rutas anegadas y la soledad con este clima espantoso me está hundiendo en una tristeza muy profunda,2,weather,label2
"Mi loro estuvo conmigo 15 años, ahora que murió siento que mi ciclo también terminó, adiós a todos",3,pets,label3
No tengo dinero ni para comer y siento que todos estarían mejor sin mí.,3,cooking,label3
Mañana me toca presentar el demo técnico de la nueva arquitectura hexagonal al resto del equipo,0,programming,label0
Me falta paciencia para algunos detalles del modelo.,1,hobbies,label1
Qué bronca cuando una canción que te encanta la queman poniéndola en todas las publicidades de la tele,1,music,label1
"Siento que la cocina me supera por completo, intento hacer cosas sencillas y siempre se me pasa el punto de cocción",1,cooking,label1
"Me cuesta horrores salir de mi casa, mis amigos se enojan porque los cuelgo pero no entienden la fatiga mental que me pesa en el cuerpo",2,friends,label2
Se me trabó la bandeja de la lectora y no puedo sacar el disco con la copia de segurança,1,technology,label1
Cada día extraño más a mi gato y siento que la vida ya no tiene sentido.,3,pets,label3
Compré las entradas en reventa por la desesperación de no quedarme afuera y ahora tengo miedo de que sean truchas,1,music,label1
"revisando el codigo legacy, hay bastante para limpiar",0,programming,label0
"La biblioteca municipal era el único lugar donde no lloraba, ahora ni eso me calma y tomé la decisión de irme de este mundo",3,books,label3
"Tengo los ojos rojos de forzar la vista buscando enemigos en el mapa nocturno, me estresó bastante la sesión de hoy",1,gaming,label1
"Hoy terminé todos los ejercicios, pero me tomó horas.",1,school,label1
"Me quedé recalculando con ese final inconcluso, odio cuando los directores se hacen los misteriosos y no resuelven nada",1,movies,label1
Ya quiero que llegue el fin de semana para descansar un poco.,1,work,label1
"Estoy completamente roto, ni encender la consola cambia que quiera desaparecer.",3,gaming,label3
Tejer me mantenía ocupada y ahora solo quiero que todo pare.,3,hobbies,label3
"Hace meses que trabajo de moza en piloto automático, me insultan por un plato frío y ya ni reacciono, estoy completamente apagada por dentro",2,restaurants,label2
armando un mosaico con vidrios de colores,0,hobbies,label0
prendi el aire porque el calor esta insoportable,0,weather,label0
Tengo las manos temblorosas cada vez que tengo que abrir la aplicación del banco para ver si entró el pago de la tarjeta,2,shopping,label2
"Me tiembla el pecho cada vez que veo los mensajes del clan exigiendo asistencia obligatoria, la presión me asfixia por completo",2,gaming,label2
Este clima húmedo me tiene con la cabeza pesada todo el tiempo.,2,weather,label2
La plataforma aumentó el precio de la suscripción mensual y encima le metió anuncios en el medio de los capítulos,1,movies,label1
Cada reunión con mis amigos me deja emocionalmente agotado.,2,friends,label2
Ayer me dio un ataque de llanto en pleno pasillo de la facultad de medicina porque siento que nunca voy a estar a la altura de esta carrera,2,university,label2
El barro en el camino rural no me deja sacar la camioneta para llevar la mercadería al pueblo,1,weather,label1
Nos cambiaron el proceso y todavía me confundo un poco.,1,work,label1
La presión por graduarme me dejó sin esperanza.,3,university,label3
Cada materia dejó proyecto al mismo tiempo.,1,university,label1
"Me deportaron y no puedo volver a ver a mis hijos, mejor desaparezco.",3,travel,label3
Compré un protector térmico para tapar el parabrisas del coche y que no se caliente tanto al sol,0,weather,label0
Hoy nos dejaron un montón de ejercicios de español.,1,school,label1
Me da mucha bronca cuando un trailer te muestra los mejores giros de la trama y después el film no ofrece nada nuevo,1,movies,label1
"La luz blanca de la pantalla me provoca fotofobia y dolor detrás de los ojos hace semanas, pero no puedo dejar de mirar para cumplir",2,technology,label2
"Mi turno termina, pero mentalmente sigo trabajando hasta que me duermo.",2,work,label2
Entre el tráfico y las obras terminé mentalmente cansado.,1,transportation,label1
"Soy un estorbo para todos en mi casa, ya no quiero vivir.",3,family,label3
Cada día escolar termina con el mismo pensamiento: ojalá todo acabara.,3,school,label3
La presión de entregar software me dejó completamente roto.,3,programming,label3
"Andar en la moto repartiendo con estas olas de calor me liquidó, llego a casa tan deshidratado y deprimido que ni le hablo a mi familia",2,weather,label2
"Hice un git rebase para actualizar mi rama y me saltaron 40 conflictos, qué dolor de cabeza lpm",1,programming,label1
Me quedé sin gas en la garrafa en pleno hervor del arroz y tuve que salir corriendo a buscar un repuesto,1,cooking,label1
"Desde el choque que tuve en la autopista me tiemblan las manos cada vez que agarro el volante, manejar me produce un pánico asfixiante",2,transportation,label2
"Paso las noches en vela haciendo cuentas en un cuaderno que no cierran por ningún lado, el agobio por los gastos me está matando",2,shopping,label2
"Estudio cine y la presión me tiene al borde, ojalá no despertara mañana.",3,movies,label3
Ando con dolor de cabeza desde la siesta por la baja presión que hay antes de que reviente la tormenta,1,weather,label1
Llevo dos meses en un declive constante de rendimiento y la impotencia me está comiendo la cabeza día y noche,2,gaming,label2
No esperaba que refrescara tanto en la noche.,1,weather,label1
Necesito mejorar mi condición física para aguantar todo el partido.,1,sports,label1
Me frustra no tener ni media hora libre al día para sentarme a leer tranquilo por culpa de tantas obligaciones,1,books,label1
Cada vez que llueve me dan ganas de desaparecer para siempre.,3,weather,label3
Hoy el transporte público estuvo más lento que de costumbre.,1,transportation,label1
El autobús venía tan lleno que tuve que ir de pie todo el camino.,1,transportation,label1
"Me olvidé la cartuchera en el micro escolar, si alguien la encuentra avise que es roja",0,school,label0
"Hoy fue difícil darle su medicina, pero al final sí la tomó.",1,pets,label1
Abran un poco las persianas para aprovechar la resolana de la tarde y templar la casa,0,weather,label0
Por suerte el rollback en AWS fue automático cuando la nueva versión empezó a tirar respuestas 500,0,programming,label0
Le saqué una foto a la tarjeta del hotel por las dudas si el taxista no conoce el nombre de la calle,0,travel,label0
Ya quiero recuperarme para volver a entrenar al cien.,1,sports,label1
Cuidar de mis abuelos me llena de preocupación constante y ya me cuesta rendir.,2,family,label2
parece que el finde va a estar fresco y soleado,0,weather,label0
Me cuesta mantener la concentración hasta para armar un rompecabezas pequeño.,2,hobbies,label2
"El dolor crónico en el hombro me arruinó la temporada de vóley, pero lo que más me duele es sentir que ya no sirvo para jugar",2,sports,label2
"Desde que se fue mi golden retriever perdí las ganas de todo, ojalá un accidente me lleve hoy porque yo ya me rendí",3,pets,label3
Me da mucha culpa no tener más tiempo libre para sacarlo a correr y que gaste energía como necesita,1,pets,label1
"descubri un genero nuevo que no conocia, me gusto bastante",0,music,label0
Cada noche pongo una peli para no pensar en que ya no quiero seguir.,3,movies,label3
me anote a la feria del libro de este año,0,books,label0
"La presión de los sponsors del equipo me reventó la cabeza, ya no aguanto un día más y decidí terminar con mi vida",3,gaming,label3
coleccionando figuras de accion desde chico,0,hobbies,label0
Me preocupa bajar mi promedio si no me va bien en el examen.,1,school,label1
Me encierro en el baño de la oficina a respirar hondo porque la frustración con la API me deja al borde del colapso,2,programming,label2
"El olor a comida ya no me consuela, solo me dan ganas de no despertar.",3,restaurants,label3
"el viento esta fuerte hoy, casi se vuela la sombrilla",0,weather,label0
El cobayo hace un chillido re agudo cada vez que escucha el ruido de la bolsa de zanahorias,0,pets,label0
"probando el juego de carreras nuevo, los graficos estan buenisimos",0,gaming,label0
Hacía semanas que no teníamos una mañana tan fresca y agradable para salir a caminar temprano,0,weather,label0
"Siento un bloqueo cognitivo severo después de meses de teletrabajo intensivo, me cuesta hasta formular preguntas técnicas básicas",2,technology,label2
Puse un repetidor wifi en el pasillo y ahora llega señal con buena velocidad al fondo de la casa,0,technology,label0
Mi novia me lee en voz alta para intentar calmarme pero yo me quedo mirando a la nada con una tristeza pesada que me acompaña siempre,2,books,label2
Me quedé a un punto de subir de rango.,1,gaming,label1
"No tengo dinero ni para comprar arroz, mis hijos lloran de hambre y yo soy un fracasado que prefiere desaparecer",3,cooking,label3
Tengo el cuerpo lleno de contracturas y las manos temblorosas de la tensión que acumulo depurando código día tras día,2,programming,label2
El guion tiene un par de agujeros bastante flojos pero las escenas de acción lo salvan,0,movies,label0
Me da un pánico terrible pasar al frente a exponer con la profe de literatura mirándome fijo,1,school,label1
Le cambié las escobillas limpiaparabrisas al auto porque chillaban un montón con la llovizna,0,transportation,label0
probando docker compose para levantar todos los servicios juntos,0,programming,label0
Tenés idea si el shopping abre los feriados a la tarde para ir a mirar ropa de invierno?,0,shopping,label0
"Siento que me apagué por dentro, antes iba a las fiestas a desconectar y ahora el ruido me satura tanto que huyo a los veinte minutos",2,music,label2
Tengo varios issues pendientes antes de la entrega.,1,programming,label1
"Antes me gustaban los días lluviosos, ahora solo me dejan una sensación de agotamiento.",2,weather,label2
Últimamente cierro el juego porque simplemente ya no puedo seguir concentrado.,2,gaming,label2
el ultimo album me parecio mejor que el anterior,0,music,label0
Qué bronca que en el trabajo grupal nadie aporta nada y me toca redactar todo solo a última hora,1,school,label1
Estoy tan pendiente de mi gato que hasta olvido cosas importantes del día.,2,pets,label2
Me tiene re tenso volver a manejar en ruta de noche después de haber manejado diez horas seguidas durante el día,1,travel,label1
La presión de abrir el restaurante cada día me tiene pensando en no despertar.,3,restaurants,label3
Qué bronca me da que mi hermana nunca lave los platos cuando le toca su turno en la cocina,1,family,label1
"Me da muchísima culpa pedir comida chatarra todos los días para los chicos, pero la depresión me dejó sin fuerzas para cocinarles algo sano",2,cooking,label2
"El agotamiento mental que me da intentar encajar con mis amigos del laburo me está destrozando, llego a casa directamente a llorar",2,friends,label2
"Trabajo y estudio, pero siento que ya no puedo con ambos al mismo tiempo.",2,university,label2
Qué impotencia romperte estudiando un mes entero para que después te tomen un ejercicio tramposo,1,university,label1
"El bloqueo de escritor me confirmó que estoy completamente vacío por dentro, hoy decido acabar con todo",3,books,label3
Seguro la próxima semana sí logramos reunirnos todos.,1,friends,label1
"Traté de comprar un regalo para el cumpleaños de mi mamá y la tarjeta fue rechazada, soy una vergüenza de hijo y prefiero estar muerto",3,shopping,label3
El delantal blanco se manchó de lágrimas y ya no hay búnker que me salve de querer matarme,3,cooking,label3
"Se me cayó la conexión del wifi justo en los últimos cinco minutos del misterio policial, qué bronca",1,movies,label1
El WiFi se desconecta a cada rato 😕,1,technology,label1
"Ya no aguanto volver a la escuela, siento que ya no quiero vivir.",3,school,label3
"La humedad está al noventa por ciento, la ropa colgada no se seca más che",0,weather,label0
El vendedor me habló con una soberbia insoportable cuando le pedí que me muestre otro modelo de zapatillas,1,shopping,label1
"Llevo meses llorando a escondidas para que mis hermanos no me vean, pero ya no aguanto más, me despido.",3,family,label3
El paquete llegó con la caja un poco golpeada.,1,shopping,label1
Se me desconfiguró la red local de la oficina y no podemos compartir archivos entre las terminales de trabajo,1,technology,label1
"Cada examen me hunde más, ya no veo ninguna salida.",3,school,label3
La aplicación de compras se trabó al pagar.,1,shopping,label1
Quedamos de jugar en línea y al final nadie se conectó.,1,friends,label1
"Mi empleo me dejó completamente vacío, ya no quiero continuar.",3,work,label3
Se me perdió el mapa sin conexión y el gps del auto me mandó por un camino de ripio cortado,1,travel,label1
Últimamente siento que la universidad ocupa todo mi espacio mental.,2,university,label2
Siento que por más que practique la técnica del revés no me sale natural y termino regalando puntos fáciles,1,sports,label1
la orquesta toco una version distinta de la cancion original,0,music,label0
"Tengo el estómago revuelto de los puros nervios antes de subir al avión, odio los despegues con turbulencia",1,travel,label1
El flete de la heladera me dijo que venía a la mañana y son las cuatro de la tarde y sigo acá esperando encerrado,1,shopping,label1
Estoy viendo reseñas para decidir dónde cenar.,0,restaurants,label0
"Hoy fue un día pesadísimo en la obra, no dimos abasto con los camiones de material",1,work,label1
Me la paso comprando para llenar el vacío y ahora solo quiero desaparecer.,3,shopping,label3
"Cuido a mi esposo enfermo y ya no tengo fuerzas, solo quiero que todo termine.",3,family,label3
Desde hace semanas manejar me provoca mucho estrés y ya hasta me cuesta concentrarme después.,2,transportation,label2
La presión por conservar mi empleo me hizo perder las ganas de vivir.,3,work,label3
La sequía me quitó el trabajo y las ganas de seguir luchando.,3,weather,label3
"Ando re nervioso por la audición de violín de mañana, siento que en los cambios de posición me tiembla la mano",1,music,label1
Compré una prensa botánica de madera para secar hojas de otoño y armar cuadros decorativos,0,hobbies,label0
"No entiendo nada del lenguaje barroco que usa este ensayo, tengo que releer cada párrafo tres veces para cazar la idea",1,books,label1
Ni una victoria cambia que sienta que ya no quiero seguir viviendo.,3,gaming,label3
La aplicación marcaba un tiempo de espera y terminó siendo más.,1,transportation,label1
"Me compré un set organizador para el interior de los cajones del placard, re práctico",0,shopping,label0
Compré dos frascos de vidrio por internet y uno me llegó totalmente hecho pedazos adentro de la bolsa,1,shopping,label1
Cada día nublado me pesa más que el anterior.,2,weather,label2
Llevo semanas sintiendo que soy una farsa andante en el rubro tech y que cualquier junior recién salido de un bootcamp sabe más que yo,2,programming,label2
"Me regalaron el nuevo libro de mi autor favorito y ni siquiera le saqué el nylon, no tengo fuerzas ni para fingir interés",2,books,label2
mi gato duerme en el lavarropas cuando esta apagado,0,pets,label0
Tenés que afinar la primera cuerda que está sonando medio semitono más baja,0,music,label0
"Intenté hablar de cosas serias en la juntada pero siempre desvían todo con chistes boludos, me cansa un poco",1,friends,label1
"necesito zapatillas nuevas para correr, las mias ya estan gastadas",0,sports,label0
Quién tiene un template básico en Terraform para aprovisionar un bucket de S3 con acceso privado?,0,programming,label0
Ya ni siquiera descanso bien pensando en el siguiente turno.,2,restaurants,label2
Había una fila enorme en el cine y casi perdemos la función.,1,movies,label1
Cada semana siento más pesado venir a trabajar y eso ya está afectando cómo hago mis tareas.,2,work,label2
Puse una lista de lofi de fondo para concentrarme mientras estudio para el parcial,0,music,label0
Quería terminar de pintar el cuadro al óleo este fin de semana pero los colores no me secan y no puedo avanzar,1,hobbies,label1
"Perdí el tren de las 7:40 por dos minutos, me toca esperar el siguiente sentado en el andén",0,transportation,label0
Tengo que entregar el resumen de los tres capítulos de historia antes de que toque la campana,0,school,label0
"Les entregué mi tarjeta a mis papás para que me controlen pero saqué otra a escondidas, soy un caso perdido y me quito la vida",3,shopping,label3
Cada aumento de precios me deja más preocupado que el anterior.,2,shopping,label2
Desde hace semanas voy al trabajo pensando que ojalá todo terminara.,3,work,label3
"Mis amigos me dijeron que soy un problema, y tienen razón, mejor desaparezco.",3,friends,label3
Qué impotencia pagar un adiestrador canino y sentir que el perro sigue tironeando de la correa como si nada,1,pets,label1
El rival fue muy fuerte y nos costó seguirle el paso.,1,sports,label1
Los amigos de mi pareja me odian y ya no quiero estar aquí.,3,friends,label3
"Qué partidazo de pádel nos jugamos hoy, quedamos con las piernas liquidas pero valió la pena",0,friends,label0
Discutí con mi amigo de toda la vida por una boludez del fútbol y terminamos re calientes los dos,1,friends,label1
"Siento una tristeza gris y pesada que me invade apenas piso la parada del micro, sé que arranca otra jornada de sufrimiento físico",2,transportation,label2
El abuelo se compró un sombrero de paja re fachero para cuidar la huerta del fondo,0,family,label0
arme una maqueta de un barco a vela,0,hobbies,label0
Llegó el paquete con los cinco tomos de manga que encargué por la preventa online,0,books,label0
Recomienden algún RPG por turnos que esté disponible en Game Pass para jugar este finde,0,gaming,label0
"Mi hermano me robó todos mis ahorros, la traición me dolió tanto que ya tomé la decisión de acabar con mi vida.",3,family,label3
A ver si mañana me organizo mejor para no andar corriendo con las tareas.,1,school,label1
Nos tocó esperar afuera porque no había mesas libres.,1,restaurants,label1
hoy la comida del comedor estuvo re buena para variar,0,school,label0
"Paso días enteros con las piernas acalambradas y la mente en blanco, no logro concentrarme en la facultad de tanto desgaste deportivo",2,sports,label2
"No me puedo concentrar para leer con el ruido de la tele prendida en el comedor, me saca de quicio",1,books,label1
"Me tilteó un montón la toxicidad del chat de voz en Valorant, tuve que mutear a todos pero jugar sin info es imposible",1,gaming,label1
Me cuesta muchísimo organizar las comidas de la semana y eso me desgasta.,2,cooking,label2
Mi perro se revolcó en el pasto recién cortado y quedó con las patas teñidas de verde loro jajaja,0,pets,label0
No logro disfrutar los discos nuevos porque mi mente nunca deja de dar vueltas.,2,music,label2
Creo que necesito organizar mejor mis tiempos para no andar tan acelerado.,1,work,label1
"No importa el género, todas las películas me dejan con la misma sensación de cansancio.",2,movies,label2
Nos cancelaron la excursión en barco por viento fuerte y era lo que más queríamos conocer del destino,1,travel,label1
"Siento un hastío tremendo por la caligrafía, algo que me relajaba tanto hoy me parece una tarea titánica que no puedo afrontar",2,hobbies,label2
"Perdí el pasaporte en otro país y ya no veo salida, prefiero no estar más.",3,travel,label3
"Hace semanas que no logro disfrutar del aeromodelismo, el pegamento se me seca mientras me quedo mirando a la nada sintiendo un vacío enorme",2,hobbies,label2
Cada intento de leer termina con la sensación de que no retuve nada.,2,books,label2
Cada receta que intento preparar termina sintiéndose como un esfuerzo enorme.,2,cooking,label2
Pagué el estacionamiento del centro comercial con la app del celular para no hacer fila en la máquina,0,shopping,label0
Mi proyecto de investigación me consume mentalmente desde hace meses.,2,university,label2
Me olvidé de cerrar las ventanas del comedor y se me mojó toda la cortina con el chaparrón 🤦‍♂️,0,weather,label0
"Reprobé química por tercera vez, soy un caso perdido y mi única opción es dejar este mundo",3,school,label3
"La exclusión del grupo de las mamás del colegio me está afectando un montón, vivo tensa y me da pánico tener que ir a buscar a mi hijo",2,friends,label2
"me subieron de puesto, todavia no lo puedo creer",0,work,label0
"Intenté volver a pintar con acuarelas pero solo veo colores grises, mi mente está colapsada y mi única paz será morir.",3,hobbies,label3
Mi conejo mordió un cable y ahora tengo que estar más atento.,1,pets,label1
"Actué en una obra y nadie vino, siento que todos estarían mejor sin mí.",3,movies,label3
Ya no recuerdo cuándo fue la última vez que salí del trabajo sin sentirme completamente vencido.,2,work,label2
"Desde que mi esposo se fue no puedo ni hervir agua, ya no quiero seguir.",3,cooking,label3
"Rompí mi cámara a propósito, ya no le veo belleza a la vida y prefiero no seguir acá.",3,hobbies,label3
"Todo el esfuerzo fue para nada, ya no le encuentro sentido a seguir.",3,work,label3
"Ni entrenar logra distraerme, ya no quiero vivir.",3,sports,label3
El mecánico me dijo que la reparación de la suspensión va a tardar cuatro días más porque no entran los repuestos,1,transportation,label1
"Me dejó re bajón escuchar ese tema viejo, me vinieron recuerdos re melancólicos y me costó remontar la tarde",1,music,label1
Avisale a Lucas que le dejé la novela gráfica adentro de una bolsa en recepción,0,books,label0
"No puedo darle de comer a mis niños, fracasé como padre y lo mejor es que ya no esté en este mundo.",3,family,label3
Me da pereza arrancar una saga de siete tomos porque sé que me voy a obsesionar y voy a descuidar mis otras cosas,1,books,label1
Revisar promociones y comparar precios todo el tiempo ya me tiene mentalmente cansado.,2,shopping,label2
"Siento que soy la oveja negra de la casa, me tratan con un desprecio que me arruinó la seguridad en mí mismo, apenas puedo funcionar en el laburo",2,family,label2
Qué impotencia cuando una traducción al español está tan mal redactada que te saca por completo de la historia,1,books,label1
jugando en el switch mientras espero que carguen los otros,0,gaming,label0
me compre guantes nuevos para el boxeo,0,sports,label0
preparando jugo natural para el desayuno,0,cooking,label0
No recuerdo la última vez que fui a clases sintiéndome tranquilo.,2,school,label2
"Llevo un mes sintiendo una apatía total por la escuela, no me importa si apruebo o no y eso me asusta un poco",2,school,label2
El parlantito portátil se bancó toda la tarde de pileta con una sola carga de batería,0,technology,label0
Últimamente las compras ocupan demasiado espacio en mi cabeza y ya no logro desconectarme.,2,shopping,label2
Me esfuerzo en ranked y aun así siento que sería mejor no estar aquí.,3,gaming,label3
la directora anuncio el acto para el mes que viene,0,school,label0
Tengo que comprar un paraguas plegable resistente porque el viento me dobló todas las varillas del mío,0,weather,label0
Tengo que comprar zapatillas con buen agarre porque las mías ya no tienen dibujo en la suela,0,sports,label0
"Siento que perdí totalmente mi rutina y mi identidad, no tengo una cocina propia ni un espacio seguro donde calmar la cabeza",2,travel,label2
"Mi hobby era lo único que me mantenía de pie, ahora ni eso funciona.",3,hobbies,label3
"el lag de hoy esta insoportable, no se puede jugar bien",0,gaming,label0
Me siento frustrado porque ya ni disfruto hacer mis platillos favoritos.,2,cooking,label2
"No pegué una sola volea bien en todo el set de pádel, me quiero cortar la mano con la paleta",1,sports,label1
Estuvimos media hora peleando con mi pareja para elegir qué película poner y al final se nos hizo tarde para cenar,1,movies,label1
"Me quitaron el auto por las cuotas y ahora no tengo cómo llevar a mi mamá al médico, soy una basura y me voy a quitar la vida",3,transportation,label3
"Cada día encerrado por la lluvia me siento más vacío, ojalá no despertara mañana.",3,weather,label3
"Me estafaron en el viaje y perdí todo, ya no veo ninguna salida.",3,travel,label3
"La ola de calor me tiene con la cabeza reventada y una angustia que no cede, prefiero estar muerto.",3,weather,label3
La empresa de alquiler de autos nos dio un modelo mucho más chico que el que habíamos pagado de antemano,1,travel,label1
Construí un modelo a escala y sentí que mi vida también está a escala de nada.,3,hobbies,label3
Tengo que memorizarme todas las clasificaciones de bacterias para parasitología y se me mezclan los nombres,1,university,label1
Compré un arnés con luces led recargables para sacarlo a caminar de noche tranquilo,0,pets,label0
Soy viudo y cocinar para mí solo me recuerda que ya no tengo razones para seguir.,3,cooking,label3
El huracán destruyó mi negocio y ahora solo quiero desaparecer.,3,weather,label3
"Otra vez se cayó el servidor por mi culpa, soy un inútil y ojalá me duerma esta noche y no despierte más",3,programming,label3
"El síndrome del impostor me está destrozando hace meses, siento que engañé a todos y que no sirvo para programar",2,programming,label2
"Ya no disfruto salir de compras, solo pienso en si el dinero va a alcanzar.",2,shopping,label2
"Llevo un mes alimentando a mi perro mejor que a mí mismo, él come casero y yo sobrevivo con galletitas de agua y café negro",2,cooking,label2
"el gimnasio esta lleno a esta hora, siempre pasa lo mismo",0,sports,label0
reservando el auto para alquilar en el destino,0,travel,label0
"No importa cuánto estudie, siento que mi vida ya no tiene sentido.",3,university,label3
Cada vez que abro el juego pienso que sería mejor desaparecer.,3,gaming,label3
nos cambiaron el aula del teorico a ultimo momento,0,university,label0
Mi proyecto final fracasó y quisiera no despertar.,3,programming,label3
"Gasté la plata de la universidad en compras estúpidas, arruiné mi futuro y voy a solucionar eso apagando mi vida para siempre",3,shopping,label3
preparando sandwiches para llevar de picnic,0,cooking,label0
Quién me recomienda una novela de misterio autoconclusiva para leer este fin de semana?,0,books,label0
"Intento hacer anotaciones para entender mejor, pero igual termino agotado.",2,books,label2
Tengo que pasar por la casa de cambio a retirar unos billetes chicos de moneda local para las propinas,0,travel,label0
el mesero se olvido de traer el pedido pero lo resolvio rapido,0,restaurants,label0
Le presté un buzo a mi amiga hace tres meses y cada vez que se lo pido se hace la desentendida,1,friends,label1
Mamá te dejé las llaves de repuesto arriba del microondas por si salís antes,0,family,label0
La presión por graduarme ya está afectando mi vida diaria.,2,university,label2
"Me bloquearon el acceso al repositorio y me avisaron del despido por mail, mi vida se acabó y no pienso seguir aquí",3,programming,label3
"Borré la base de datos de producción por accidente y arruiné a la empresa, lo mejor es que desaparezca para siempre hoy mismo",3,programming,label3
Cada vez que intento escuchar un álbum completo termino apagándolo.,2,music,label2
"Errar ese penal nos costó el campeonato, el odio en las redes es tanto que decidí quitarme la vida esta noche",3,sports,label3
esa cancion no me convence tanto la verdad,0,music,label0
Estoy cansado de que las tormentas cambien todos mis planes y me dejen tan desgastado.,2,weather,label2
nos reimos muchisimo ayer 😂,0,friends,label0
"Se me rompieron los auriculares inalámbricos justo cuando iba a escuchar música para despejarme en el viaje, qué bajón",1,music,label1
Cada vez que regreso de un viaje necesito varios días para recuperarme.,2,travel,label2
llevamos a los turistas al lugar tipico de la zona,0,restaurants,label0
El fisio me dijo que ya puedo volver a trotar suave sobre césped a partir del martes,0,sports,label0
"La presión por mantener el rango me está quitando el sueño hace un mes, me despierto sobresaltado pensando en los puntos que perdí",2,gaming,label2
"ganamos el partido de local, buena tarde para el equipo",0,sports,label0
"Hace dos meses que vivo con miedo constante a que me dejen de año, estoy quemadísimo de tanto estrés",2,school,label2
probando distintos casos de auriculares para el gimnasio,0,technology,label0
"Gasté todos mis ahorros produciendo un documental que nadie quiso ver, estoy en la ruina y mi única salida es desaparecer.",3,movies,label3
Se tildó la app del mapa cuando le pedí recalcular la ruta por el corte de calle,0,technology,label0
"Soy azafata y las ausencias me tienen destruida, ya no quiero estar aquí.",3,travel,label3
Me sentí re incómodo cuando mi amigo se puso a ventilar intimidades nuestras adelante de gente que recién conocía,1,friends,label1
"La adicción a las compras online me consumió por completo, perdí a mi novia y mi paz, ojalá un accidente me lleve hoy",3,shopping,label3
Últimamente cualquier playlist me deja con la misma sensación de agotamiento.,2,music,label2
Cada mañana antes de ir a la escuela deseo no tener que despertar.,3,school,label3
Siento que en casa nadie colabora con la limpieza si no ando atrás de cada uno pidiéndolo como un policía,1,family,label1
Alguien que me pase la receta del budín de limón de la tía Norma que la perdí,0,family,label0
Desde hace semanas me cuesta hasta asistir a las clases porque estoy exhausto.,2,university,label2
"El desgaste de manejar el taxi doce horas entre embotellamientos e insultos me quemó la cabeza, llego a casa mudo y con ganas de llorar",2,transportation,label2
fui a la disquería a buscar un vinilo especifico,0,music,label0
"La falta de concentración me arruina todo, tengo que reiniciar las canciones tres veces porque mi mente se va a lugares llenos de culpa",2,music,label2
Hoy perdí casi toda la tarde haciendo las compras.,1,shopping,label1
mi gata se sube a la mesa apenas me doy vuelta,0,pets,label0
"Dejé de escribir porque mis personajes tenían más esperanza que yo, ya no quiero seguir.",3,books,label3
Últimamente llego al trabajo completamente drenado por todo lo que pasa en mi hogar.,2,family,label2
comprando los pasajes para el viaje del mes que viene,0,transportation,label0
El micrófono empezó a fallar en plena práctica.,1,music,label1
"Estoy cansado de hacer cuentas antes de cada compra, llevo meses igual.",2,shopping,label2
Últimamente ha habido mucho ruido en la casa y no logro concentrarme.,1,family,label1
"No logro adaptarme a estas temperaturas, siento que todo me cuesta el doble.",2,weather,label2
pintando mandalas para relajarme despues del trabajo,0,hobbies,label0
"Bajo esta lluvia persistente escribo mi despedida, ya no hay clima ni terapia que me salve, adiós.",3,weather,label3
Compré una mochila para la facultad y se le zafó el cierre principal al tercer día de meterle dos cuadernos,1,shopping,label1
Ando con miedo de volver a desgarrarme el isquiotibial cada vez que tengo que picar al vacío,1,sports,label1
Ayer me largué a llorar en el escritorio porque la máquina se tildó por quinta vez y sentí que no tengo escapatoria de este estrés,2,technology,label2
No pude terminar de practicar porque ya era muy tarde.,1,music,label1
Quién tiene un mate armado en el patio del ala norte para hacer el aguante entre cursadas?,0,university,label0
el profe de geografia nos tomo la leccion de sorpresa,0,school,label0
buscando remedios en la farmacia antes de que cierre,0,shopping,label0
Las canciones que antes repetía ahora hasta me cuesta terminarlas.,2,music,label2
"Soy chef y la presión de la cocina me tiene al borde, prefiero no seguir.",3,restaurants,label3
el freelance que tome esta semana salio mejor de lo esperado,0,work,label0
Qué bronca cuando el árbitro te condiciona todo el partido con faltas inventadas y te saca de foco,1,sports,label1
encontre una pieza buenisima para mi coleccion de estampillas,0,hobbies,label0
No logro concentrarme en clases porque siempre estoy preocupado por mi casa.,2,family,label2
"me asignaron un nuevo cliente, parece un proyecto interesante",0,work,label0
"Hace dos meses que mi rendimiento laboral cayó en picada por tener que viajar todas las semanas, tengo la mente totalmente quemada",2,travel,label2
Los problemas con un amigo cercano me dejaron emocionalmente agotado desde hace meses.,2,friends,label2
El fútbol era mi identidad y ahora siento que todos estarían mejor sin mí.,3,sports,label3
Mi instrumento lleva meses guardado porque no encuentro energía para tocar.,2,music,label2
Mi cámara está guardada y yo también quiero estarlo para siempre.,3,hobbies,label3
Ya no disfruto mis momentos libres porque siempre estoy preocupado por mi familia.,2,family,label2
Pasá la pelota más rápido al pivot que lo están doblando en la marca abajo del aro,0,sports,label0
El remake quedó visualmente increíble pero le cambiaron la cámara fija clásica del original,0,gaming,label0
Qué bronca cuando censuran partes claves de la serie original para que encaje en la categoría apta para todo público,1,movies,label1
El profe dejó un proyecto bastante pesado para esta semana.,1,programming,label1
"la query tarda demasiado, hay que optimizar los indices",0,programming,label0
El estrés acumulado por el colegio me está provocando migrañas insoportables casi todos los días 😔,2,school,label2
Conecté la Nintendo Switch a la tele con el dock nuevo y levantó señal al instante,0,gaming,label0
Ya quiero que salga la siguiente temporada.,1,movies,label1
"Me siento una cáscara vacía, pongo las películas para intentar relajarme un domingo pero la opresión en el pecho no cede ni un segundo",2,movies,label2
Salí re angustiado de la revisión del parcial porque el profesor no me quiso considerar una respuesta justificada,1,university,label1
"escribiendo en mi diario todas las noches, me relaja bastante",0,hobbies,label0
El mesero nos explicó las especialidades de la casa.,0,restaurants,label0
"La obsesión por mejorar en este juego de pelea me arruinó la rutina, no puedo concentrarme en mi trabajo de tanto maquinar jugadas",2,gaming,label2
Últimamente cualquier pendiente universitario se siente enorme.,2,university,label2
Cada entrenamiento me recuerda que sería mejor desaparecer.,3,sports,label3
Llegué al límite del agotamiento mental por tener que tomar decisiones médicas complejas para mi gato sin tener certeza de nada,2,pets,label2
La app de reservaciones tardó en confirmar el hospedaje.,1,travel,label1
Desde hace meses termino tan cansado que ya ni disfruto el resto del día.,2,sports,label2
Perdí mi beca deportiva y creo que ya no tiene sentido seguir.,3,sports,label3
Estoy tan cansado que a veces releo el mismo tema varias veces y no lo entiendo.,2,school,label2
Avisale a los chicos que lleven los dados de diez caras para la partida de rol de esta noche,0,hobbies,label0
No puedo dejar de pensar en las responsabilidades que tengo con mi familia.,2,family,label2
"me quede sin hojas para el cuaderno, tengo que comprar mas",0,school,label0
nos cambiaron el aula para la clase de musica,0,school,label0
"la entrega llego antes de lo esperado, buena sorpresa",0,shopping,label0
Ya perdí la confianza cuando juego y eso hace que falle incluso las cosas más fáciles.,2,gaming,label2
"La sequía prolongada me dejó sin nada, soy un fracasado que no pudo proteger a su familia, me voy.",3,weather,label3
el entrenador nos cambio la rutina para esta semana,0,sports,label0
"Me da miedo pifiarle a la entrada del solo en el show benéfico, venimos ensayando re poco con la banda",1,music,label1
Últimamente revisar mi cuenta antes de comprar cualquier cosa ya es parte de mi rutina y me desgasta mucho.,2,shopping,label2
Cada cliente que se queja me acerca más a la idea de no despertar.,3,restaurants,label3
"Recaí y volví a jugar 20 horas seguidas sin comer, soy un adicto que no tiene remedio y la única forma de frenar esto es la muerte",3,gaming,label3
Mi sueño deportivo terminó y no encuentro ninguna salida.,3,sports,label3
"mi ping esta rarisimo hoy, se corta la conexion seguido",0,gaming,label0
Qué pesado estuvo manejar con tanto tráfico hoy.,1,transportation,label1
Me pasé toda la tarde tejiendo a crochet una bufanda con punto jazmín y me equivoqué de hilera lpm,0,hobbies,label0
Llevo cuatro horas buscando un NullPointerException y ya me arden los ojos de mirar la pantalla,1,programming,label1
se me quedo sin bateria el control justo en la final,0,gaming,label0
la app en flutter ya corre bien en ios y android,0,programming,label0
configurando el nuevo router que llego hoy,0,technology,label0
"Me prestó la bicicleta un amigo y se me pinchó la rueda camino a casa, me da una vergüenza bárbara tener que decirle",1,friends,label1
El algoritmo de la app de música me recomendó joyitas de jazz que ni conocía,0,music,label0
Solo quería ver una película tranquilo y la app empezó a fallar.,1,movies,label1
"Hace meses que no sé lo que es tener apetito, vivo a café y con náuseas por la incertidumbre constante sobre la salud de mi mascota",2,pets,label2
"Qué lindo reencuentro de la secundaria che, parecía que no había pasado el tiempo entre nosotros",0,friends,label0
"Hace meses que asumo el rol de madre de mis hermanitos porque mi mamá está deprimida, pero yo ya no doy más del cansancio",2,family,label2
buscando como hacer backup de las fotos antes de cambiar de celular,0,technology,label0
La aplicación del taxi tardó mucho en encontrar un conductor.,1,transportation,label1
Traigo varios proyectos al mismo tiempo y cuesta enfocarse.,1,work,label1
Esperé bastante para conseguir un viaje por aplicación.,1,transportation,label1
"Siento una desconexión total con el mundo real, mi avatar tiene mejor vida que yo y hoy voy a irme definitivamente",3,technology,label3
Pasame la foto de la pizarra antes de que el profesor empiece a borrar los diagramas,0,university,label0
"El calor adentro del gimnasio era agobiante, no me daba el aire para terminar la rutina de piernas",1,sports,label1
Desde que me redujeron el sueldo siento que mi vida dejó de tener sentido.,3,work,label3
"Cambiaron la clave del wifi corporativo de nuevo, pregunten en mesa de ayuda",0,work,label0
"No puedo comprarle ni un zapato a mi hija, mi existencia es un fracaso y creo que todos estarían mejor sin mí",3,shopping,label3
"Todos se ríen de mi ropa en la escuela, soy pobre y un estorbo, mejor dejo de existir y ya",3,school,label3
Me siento tan saturado que ni la música consigue desconectarme un rato.,2,music,label2
"Estoy algo cansado, pero mañana vuelvo a entrenar.",1,sports,label1
"Buen regreso a casa para todos gente, avisen cuando vayan llegando que el tránsito está pesado",0,friends,label0
Ando con los nervios de punta esquivando colectivos que se me tiran encima mientras ando en moto,1,transportation,label1
"Se me quemó el guiso por colgarme con una llamada del laburo y quedó todo pegado a la olla, qué bronca",1,cooking,label1
"El ambiente en el conservatorio me destruyó la autoestima, ya no tengo talento ni motivos para seguir vivo",3,university,label3
Mi compañero de equipo se fue afk en la tercera ronda y nos tocó jugar con desventaja toda la partida,0,gaming,label0
"Hoy salí bien cansado del trabajo, pero mañana será otro día.",1,work,label1
el profesor de quimica organica tomo examen sorpresa,0,university,label0
Cada retraso del tren me pone peor porque sé que voy a empezar el día con mucha presión.,2,transportation,label2
El profesor hace preguntas bien específicas y eso me pone algo nervioso.,1,university,label1
aprendiendo a hacer ceramica en el taller de la esquina,0,hobbies,label0
"Hoy sí sentí que jugué mejor, aunque igual perdimos.",1,gaming,label1
"Meses enteros de oscuridad invernal me convencieron de que mi existencia no tiene valor, adiós.",3,weather,label3
"Hace meses que compro libros con emoción, pero ninguno logro acabar.",2,books,label2
Me frustra un montón no bajar mi marca en los 100 metros libres por más que nade cuatro días a la semana,1,sports,label1
"Hacer origamis me calmaba los ataques de pánico, pero ya ni eso funciona y sinceramente me rindo con la vida.",3,hobbies,label3
Me da vergüenza existir después de tantos fracasos en clase.,3,school,label3
Se me cerró el programa de edición de fotos de la nada y perdí dos horas de retoques sin guardar,1,technology,label1
Estoy aprendiendo a usar la freidora de aire y todavía experimento.,1,cooking,label1
Entre planos y maquetas ya perdí la cuenta de las horas.,1,university,label1
Me cuesta enfocarme incluso en cuentos cortos.,2,books,label2
"Voy bien, pero estos días sí han estado pesados.",1,school,label1
Llevo meses durmiendo mal por pensar en los pendientes del desarrollo.,2,programming,label2
el nuevo tomo del manga sale el mes que viene,0,books,label0
el battle pass de esta temporada tiene skins bastante buenas,0,gaming,label0
Traigo un poco de jet lag y hoy me costó levantarme.,1,travel,label1
"El diagnóstico de cáncer de mi papá nos destrozó a todos, yo trato de ser el fuerte pero me encierro a llorar hasta vomitar de la angustia",2,family,label2
"No soporto un día más de burlas en el recreo, ya tomé la decisión de no volver a despertar",3,school,label3
Me salí de todos los grupos de lectores de face porque ver a los demás compartir sus lecturas me hunde más en esta apatía insoportable,2,books,label2
"El calor sofocante me agota el cuerpo, pero la depresión me seca el alma, ojalá no despierte.",3,weather,label3
"Cerré todos los issues del tablero de Jira asignados a este ciclo, mañana arrancamos planning fresco",0,programming,label0
"Pinto para no llorar, pero ya no le veo salida a esto.",3,hobbies,label3
La lluvia retrasó la entrega que tenía que hacer.,1,weather,label1
"Las críticas en la agencia me destruyeron la autoestima, ya no quiero abrir los ojos nunca más",3,work,label3
Me preocupa no poder sincronizar la copia de seguridad de la nube porque me dice que no hay espacio suficiente,1,technology,label1
"El agotamiento del internado me hizo tocar fondo, les escribo para despedirme porque ya no aguanto un día más",3,university,label3
"Me tocó exponer primero en el seminario de historia, un bajón pero me lo saco de encima rápido",0,university,label0
"mi tia siempre trae de mas comida a las reuniones, nunca falta nada",0,family,label0
Ganamos tres a dos en tie break contra el equipo puntero del torneo de vóley 💪,0,sports,label0
"Trabajar al rayo del sol en la obra con estas temperaturas me quemó la cabeza, llego a casa y me desplomo, la depresión que me da este cansancio es terrible",2,weather,label2
Ya no puedo hacer el súper sin terminar completamente agotado mentalmente.,2,shopping,label2
Qué lindo que es llegar temprano al colegio y encontrar el aula vacía y limpia,0,school,label0
Le armé una pileta de plástico chiquita a la tortuga de agua en el patio para que tome sol,0,pets,label0
Entre la escuela y cuidar a mi mascota ya casi no me queda tiempo.,1,pets,label1
Ya no recuerdo la última vez que tuve un día tranquilo en casa.,2,family,label2
"Llevo semanas sintiendo que soy el amigo de sobra, el que camina atrás en la vereda cuando no hay espacio, y me duele en el alma",2,friends,label2
"Siento una desconexión total con la caligrafía, mi mano no responde y mi corazón ya no quiere seguir latiendo.",3,hobbies,label3
"Termino cada día sintiendo que las obligaciones familiares me asfixian, no tengo un minuto para mí y el agotamiento ya es insoportable",2,family,label2
Ando con dolor de panza de los puros nervios repasando jurisprudencia antes de entrar al oral,1,university,label1
"Mi familia me abandonó en el hospital, ya no quiero estar aquí.",3,family,label3
Mañana hay que llevar zapatillas blancas sin falta porque toca acto escolar obligatorio,0,school,label0
El celular empezó a reiniciarse solo un par de veces.,1,technology,label1
"Siento que soy un peso muerto para mis amigos, siempre escuchando sus cosas y cuando yo caigo nadie está, mejor me voy.",3,friends,label3
tengo que preparar el material para la capacitacion de mañana,0,work,label0
"Con la llegada del invierno me volvió a agarrar ese bajón denso de todos los años, pero esta vez me siento tan agotada que ni me levanto a comer",2,weather,label2
"Mi familia depende del restaurante y siento que los estoy arruinando, ya no quiero seguir.",3,restaurants,label3
"Mis amigos me dicen que exagero, pero yo solo quiero no despertar.",3,friends,label3
"No puedo concentrarme en nada, solo pienso en las compras y en que ya no quiero estar.",3,shopping,label3
"Siento un nudo en la garganta cada vez que veo mi colección de figuras, le dediqué años y ahora me genera una indiferencia que duele",2,hobbies,label2
"No pude salvar al perrito que rescaté, soy un inútil y creo que todos estarían mejor si yo dejara de existir",3,pets,label3
Lloro lavando copas sucias pensando en que ojalá un infarto me libere de esta rutina miserable.,3,restaurants,label3
"Ayer cometí errores gravísimos en la plataforma administrativa por el embotamiento mental que cargo, la culpa me está matando por dentro",2,technology,label2
el auto no arrancaba bien esta mañana pero ya arranco,0,transportation,label0
la nube negra que se ve allá anuncia tormenta segura,0,weather,label0
Cada vez que revisan mi código siento que mi vida perdió el sentido.,3,programming,label3
Mis papás quieren que vaya a todas las reuniones familiares 😅,1,family,label1
"La serie empezó muy bien, pero después bajó mucho el ritmo.",1,movies,label1
Mis amigos me traicionaron y ahora siento que no merezco vivir.,3,friends,label3
"Vengo pedaleando contra el viento en una subida eterna con la mochila re pesada, me arden las piernas",1,transportation,label1
Mi sobrina no dejaba de hacer preguntas todo el camino.,1,family,label1
"Dejé de ir a las clases prácticas porque la ansiedad social me gana, me quedo llorando en la parada del colectivo",2,university,label2
"necesito una mochila nueva, la mia ya esta rota",0,shopping,label0
toda la familia se rio un monton con las anecdotas de la cena,0,family,label0
"Trabajo de mesero y los clientes me humillan, ya no veo ninguna salida.",3,restaurants,label3
"Mis hijos necesitan cosas y yo gasté en tonterías, mejor desaparezco.",3,shopping,label3
Llevo meses intentando equilibrar la universidad con mi trabajo y ya no puedo concentrarme bien.,2,university,label2
El viento tiró varias macetas del patio.,1,weather,label1
Estoy configurando un dispositivo nuevo y todavía me cuesta entenderlo.,1,technology,label1
Estoy tratando de que mi gato acepte al nuevo cachorro.,1,pets,label1
A veces es difícil organizar los horarios de todos en casa.,1,family,label1
nos vemos en la plaza como siempre a eso de las cinco,0,friends,label0
Tengo el buzón de notificaciones saturado de alertas de aplicaciones que ni uso y no sé cómo desactivarlas todas,1,technology,label1
Fijate si comió el pez betta que le dejé dos escamas flotando en la superficie antes de salir,0,pets,label0
Hace dos meses que vivo irritable y le contesto mal a mi familia por culpa de la frustración crónica que me deja el competitivo,2,gaming,label2
Espero avanzar más con mi proyecto el próximo fin de semana.,1,hobbies,label1
Quería hacer una copia de seguridad y tardó muchísimo.,1,technology,label1
Después de perderlo todo en el deporte siento que desaparecer sería un alivio.,3,sports,label3
"Soy migrante y no he podido mandar dinero a casa, ya no quiero estar aquí.",3,travel,label3
Mi amigo anda muy ocupado con el trabajo y casi no hablamos.,1,friends,label1
Hoy la clase estuvo pesada y salí con muchas dudas.,1,university,label1
Tardaron una eternidad en sacar la secuela para terminar entregando un refrito sin alma de la primera parte,1,movies,label1
Perdí todo lo que había construido online y ya no veo ninguna salida.,3,gaming,label3
Desde hace meses el trabajo me deja tan agotado que solo llego a dormir.,2,work,label2
"Siento una apatía enorme hacia todo, las compras que antes me daban un poco de ilusión ahora solo me generan pánico y fatiga mental",2,shopping,label2
"Intenté escribirles una última vez a los pibes pero me respondieron con indiferencia, mi decisión ya está tomada.",3,friends,label3
Me preocupa un montón no llegar al promedio necesario para renovar la beca de manutención este año,1,university,label1
"Me siento completamente incompetente lidiando con estas plataformas nuevas, la frustración diaria me destruyó la confianza en mí mismo",2,technology,label2
Probé jugar con teclado y mouse en la consola y la verdad responde re fluido,0,gaming,label0
"Se me cayó la taza de café arriba del libro prestado y le manché todo el canto, me da una vergüenza terrible devolverlo así",1,books,label1
"Mi papá falleció hace un mes y no puedo soportar el dolor, me voy a ir con él muy pronto.",3,family,label3
"Tengo ataques de pánico antes de ponerme el uniforme, la ansiedad de tener que fingir una sonrisa por la propina me está matando lentamente",2,restaurants,label2
"Siento la cabeza saturadísima de tantas llamadas asíncronas anidadas, tengo que pasar todo a async await",1,programming,label1
Cada compra importante me deja varios días con mucha preocupación.,2,shopping,label2
ando en bici al trabajo desde que empezo el buen tiempo,0,transportation,label0
"Voy avanzando poco a poco, aunque estos bugs sí desesperan un poco.",1,programming,label1
Nos equivocamos de estación y tuvimos que regresar.,1,travel,label1
"El veterinario me dijo que el perro tiene sobrepeso y le está afectando la columna, tengo que cambiarle la dieta urgente",1,pets,label1
"Mis amigos ya no me escriben y siento que estarían mejor sin mí, ojalá no despertara.",3,friends,label3
Se me rompió la ruedita de la valija pesada apenas salí del aeropuerto y tuve que arrastrarla seis cuadras,1,travel,label1
"Hace semanas que el ambiente en casa es insoportable, llego del trabajo y se me cierra el estómago de la tensión que hay",2,family,label2
Subieron el precio justo cuando iba a comprarlo.,1,shopping,label1
"Quería romper mi marca personal, pero será para la próxima.",1,sports,label1
Me angustia no encontrar un respaldo reciente de mi trabajo antes de mandar a formatear el equipo,1,technology,label1
"La ansiedad que me da abrir Slack y ver que el sistema está caído me asfixia, siento que la única salida es irme de este mundo",3,programming,label3
El viento está tan fuerte que mejor no salí con la bici.,1,weather,label1
"El barro y la lluvia constante me quitaron las ganas de entrenar, llevo meses tirado en el sillón sintiendo cómo mi salud física y mental se deterioran",2,weather,label2
Quién tiene un par de guantes de arquero talle 9 para prestarme para el torneo de penales?,0,sports,label0
Se me cerró PyCharm de golpe mientras indexaba el proyecto y no alcancé a guardar los scratch files,0,programming,label0
Avisen a qué hora abre puertas el boliche para el show tributo a Soda,0,music,label0
Mi suscripción venció justo hoy 😅,1,movies,label1
"Ni mis compañeros notan lo mal que estoy, ya no quiero seguir.",3,sports,label3
"Me preocupa que la gata vomite la comida cada vez que come rápido, ya probé con comederos lentos y sigue igual",1,pets,label1
"Llego al trabajo con la camisa empapada de sudor y el ánimo por el suelo después de dos horas de transbordos infernales, no puedo rendir",2,transportation,label2
"Llevo seis meses sin salir de mi cuarto jugando en la compu, me olvidé de cómo vivir y creo que lo mejor es dejar de ser una carga",3,gaming,label3
"El clima extremo arruinó los planes de mi vida y me dejó endeudado y solo, prefiero morir.",3,weather,label3
Cada error nuevo hace que desee no despertar mañana.,3,programming,label3
cambio bruscamente el clima esta semana,0,weather,label0
No me deja instalar la app del banco porque me pide actualizar a la última versión de Android,0,technology,label0
"por fin volvio el wifi, estuvo caido toda la mañana",0,technology,label0
El sendero estuvo más pesado de lo que pensé.,1,hobbies,label1
"Llegamos a la atracción turística y estaba cerrada por remodelación sin aviso previo en la página oficial, qué bajón",1,travel,label1
La valija pesaba dos kilos de más en el check-in y tuve que abrirla en el piso para pasar ropa a la mochila,1,travel,label1
"La fotografía ya no captura mi interés, solo mi dolor, ya no quiero estar.",3,hobbies,label3
Qué cepillo usan para sacar el pelo muerto del golden retriever en época de muda?,0,pets,label0
"Las deudas del bar nos ahogan, perdí todo y siento que la única salida que me queda es la muerte.",3,restaurants,label3
"Soy actor y nadie me contrata, siento que soy una carga, mejor desaparezco.",3,movies,label3
"Me divorcié y mis hijos me odian, mejor desaparezco.",3,family,label3
"El acoso en el aula no frena y las autoridades no hacen nada, cada día que piso el colegio es un suplicio",2,school,label2
"Che qué buena peli de terror clásico, hacía rato que no me pegaba un susto así en el cine",0,movies,label0
"Renuncié a mis sueños por cuidar a mi hermana y ella me trata pésimo, estoy tan desgastada que me despido de todo.",3,family,label3
"Qué bodrio la capacitación de recursos humanos de hoy, duró dos horas y fue pura charla",0,work,label0
revisando la performance del modelo despues del ultimo entrenamiento,0,programming,label0
cambiando de proveedor de internet porque el actual es muy lento,0,technology,label0
"Ya no puedo fingir que la universidad no me está matando por dentro, hoy me rindo de manera definitiva",3,university,label3
Estoy tan saturado que hasta organizar mis apuntes se siente complicado.,2,school,label2
"Siento que todos estarían mejor sin mí, incluso los del club de aeromodelismo a los que siempre les fallo.",3,hobbies,label3
Últimamente toda la tensión en mi familia me está consumiendo poco a poco.,2,family,label2
"Había una cola de veinte personas en las cajas del súper, tardé una eternidad en pagar",0,shopping,label0
"Me siento frustrado porque sé que quiero volver a crear, pero algo siempre me detiene.",2,hobbies,label2
"Antes bordar me ayudaba a despejarme, ahora no logro mantener la atención.",2,hobbies,label2
"Me quedé sin tiempo para revisar la traducción antes de mandarla, ojalá no se me haya escapado nada",1,work,label1
Tengo que comprar un cable plug de tres metros para conectar el ampli sin tironear,0,music,label0
El deadline del proyecto ya está muy cerca y todavía falta bastante.,1,programming,label1
la tortuga come lechuga todos los dias sin falta,0,pets,label0
buscando el regalo perfecto para el dia de la madre,0,shopping,label0
"Llevo tres días sin dormir intentando arreglar este bug, mi cabeza colapsó y la única salida que veo es dejar de existir",3,programming,label3
"Viajo a Córdoba el martes por la auditoría de planta, regreso el jueves a la noche",0,work,label0
Tengo que practicar el solo de flauta para música y me pongo re nervioso cuando toco frente a todos,1,school,label1
La batería del control remoto se agotó justo cuando lo necesitaba.,1,technology,label1
"el nuevo jefe parece bastante organizado, buena señal",0,work,label0
las entradas del recital estan carisimas este año,0,music,label0
Ayer me temblaban tanto las manos de los nervios que no pude ni teclear para contestar un ticket urgente,2,work,label2
el profesor nuevo de ingles parece bastante copado,0,school,label0
"Lloro abrazado a la manta de mi gato muerto, el dolor físico en el pecho es tan fuerte que la única cura que veo es la muerte",3,pets,label3
Fui a la mercería a buscar lana merino color mostaza para tejer un chaleco abrigado para el invierno,0,hobbies,label0
El calor de los hornos y la presión de los pedidos de la app me detonaron un nivel de estrés que vivo hiperventilando en medio del servicio,2,restaurants,label2
Cada regreso a casa se hace eterno y siento que ya no descanso de verdad.,2,transportation,label2
Hoy cerré el juego pensando que todos estarían mejor sin mí.,3,gaming,label3
"Me da pánico volver a la pista de patinaje, la inseguridad y el agotamiento crónico me quitaron todo el placer de patinar",2,hobbies,label2
"Es increíble cómo el clima de invierno me transforma en otra persona, llevo un mes siendo un fantasma arrastrando los pies sin sentir motivación por nada",2,weather,label2
El frío constante ya hizo que dejara de salir a caminar y eso también me afecta.,2,weather,label2
Espero que podamos hablar y arreglar el malentendido.,1,friends,label1
"mi api ya esta andando, faltaba un header nomas",0,programming,label0
"el cielo esta despejado hoy, buen dia para salir",0,weather,label0
La comida llegó fría y tuvieron que calentarla.,1,restaurants,label1
"El frío polar de este invierno me consumió las ganas de todo, hace semanas que evito salir de mi casa y el encierro me está destrozando el ánimo",2,weather,label2
Tocar la guitarra se volvió muy pesado y llevo semanas sin practicar bien.,2,music,label2
"Estoy intentando mejorar mis fotos nocturnas, pero no salen como quiero.",1,hobbies,label1
tengo que renovar la beca antes de fin de mes,0,university,label0
"Cuidar a mi esposo enfermo terminal me consumió el alma, lo amo pero el dolor y el cansancio me tienen viviendo como un zombi",2,family,label2
Me encerré a ver películas por semanas y ya no quiero salir ni vivir.,3,movies,label3
"No encuentro trabajo como junior hace dos años, soy un peso inútil en la casa y hoy voy a solucionar eso para siempre",3,programming,label3
La aplicación cambió la hora estimada de entrega varias veces.,1,restaurants,label1
Me confundí con las medidas y tuve que empezar de nuevo.,1,cooking,label1
El cielo plomizo acompaña perfectamente las ganas que tengo de desaparecer de este mundo.,3,weather,label3
Estoy tan cansada de esta situación financiera que ya no le veo fin.,3,shopping,label3
Mi familia espera tanto de mí que siento que soy una carga y sería mejor no estar.,3,school,label3
"Siento que la cocina de autor dejó de ser mi lugar seguro, prendo el horno y me quedo paralizado por la fatiga emocional",2,hobbies,label2
Quería pedir una especialidad y ya se había agotado.,1,restaurants,label1
"Vivo a café y pan tostado, la soledad me pesa tanto que cocinar para uno solo me deprime a niveles que no puedo explicar",2,cooking,label2
"Las amenazas de muerte en el chat de voz me terminaron quebrando, voy a hacer lo que me piden y a desaparecer",3,gaming,label3
"Llevo semanas funcionando por pura obligación en el auto, esquivando baches con la vista cansada y el pecho oprimido de tanta tensión",2,transportation,label2
Ayer me dio un ataque de llanto en medio del recreo porque no aguantaba más la sobrecarga de trabajos prácticos,2,school,label2
"El estrés de vivir con una persona acumuladora compulsiva como mi papá me está volviendo loco, la mugre y el caos me ahogan a diario 😔",2,family,label2
Viajo tanto en carretera que llego sin cabeza para hacer cualquier otra cosa.,2,travel,label2
Hijo acordate de sacar la basura a la vereda antes de las ocho que pasa el recolector,0,family,label0
Me equivoqué en un cambio de acordes durante el ensayo.,1,music,label1
"Hace semanas que clavo el visto a todo el mundo, la depresión me dejó sin energía para mantener una simple conversación por chat",2,friends,label2
Las plataformas cambian todo el tiempo y siento que nunca alcanzo el ritmo.,2,technology,label2
el atardecer de hoy se veia espectacular,0,weather,label0
Últimamente falto a algunas actividades porque me siento completamente rebasado.,2,school,label2
Cada sprint me acerca más a pensar que ya no tiene sentido seguir.,3,programming,label3
probando el menu vegetariano que agregaron esta temporada,0,restaurants,label0
Cada dolor físico me recuerda que perdí mi vida deportiva.,3,sports,label3
"Soy chef y la presión de la cocina me tiene al borde, ya no quiero estar aquí.",3,cooking,label3
el mozo nos recomendo el plato del dia y acerto de lleno,0,restaurants,label0
Cada semana siento que me atraso más con la escuela.,2,school,label2
"Cada película me recuerda a alguien que perdí, ya no quiero seguir viviendo.",3,movies,label3
Corrí más lento de lo que esperaba.,1,sports,label1
"Pensé que me acostumbraría al trabajo, pero cada semana me siento peor.",2,restaurants,label2
"El acoso en la escuela me rompió por dentro, ya no veo salida.",3,school,label3
tejiendo una manta para el sillon nuevo,0,hobbies,label0
"El cumpleañero ya llegó al restaurante, métanle pata que se va a enfriar la comida",0,friends,label0
Entre el trabajo y la escuela ya casi no vemos a los amigos.,1,friends,label1
Me frustra que en mi casa minimicen cuando les digo que estoy cansado y me digan que exagero,1,family,label1
"Destrocé mi colección de vinilos antiguos, perdí la cabeza y la verdad es que ya no le encuentro sentido a esta agonía.",3,hobbies,label3
"El sonido de las bocinas y el caos del embotellamiento me provocan migrañas crónicas hace un mes, no logro tener un segundo de paz",2,transportation,label2
Tengo una pila de lecturas pendientes acumuladas en la mesa de luz que no para de crecer,0,books,label0
Se me descargó el joystick inalámbrico justo en medio de la última pelea contra el boss lpm,0,gaming,label0
Me duelen hasta las pestañas después de la clase de spinning de esta mañana,0,sports,label0
"Estoy tratando de mejorar mi voz, pero siento que voy lento.",1,music,label1
"Paso horas conectado, pero ojalá mañana no despertara.",3,gaming,label3
Esperé meses la nueva temporada y no me convenció tanto.,1,movies,label1
Hoy el código no quiere compilar y ya revisé todo dos veces.,1,programming,label1
Tengo que hacer la ficha técnica de tres libros para el lunes y apenas pude hojear el índice del primero 😩,1,books,label1
"Estoy cansado de decepcionar al equipo, ya no quiero vivir.",3,sports,label3
El veterinario le hizo la ecografía preventiva al gato mayor y tiene los riñones diez puntos,0,pets,label0
Me distraje y tuve que volver a leer varias páginas.,1,books,label1
"Estoy practicando dibujo todos los días, aunque avanzo despacio.",1,hobbies,label1
"No logro que me salga el salto con rebote en la pared en el plataformero, llevo media hora en la misma pantalla",1,gaming,label1
le compre una cama nueva al gato pero prefiere dormir en la caja igual,0,pets,label0
"La tormenta se llevó mi casa y ahora no veo ninguna salida, solo quiero desaparecer.",3,weather,label3
"Me equivoqué en la cuenta de una mesa VIP y tuve que pagarla de mi bolsillo, estoy en la miseria total y me quiero ir.",3,restaurants,label3
"No me acuerdo cuándo fue la última vez que me reí en el laburo, vivo con una sensación constante de amenaza y estrés",2,work,label2
Los conflictos familiares llevan tanto tiempo que ya afectan mi ánimo y mi concentración.,2,family,label2
Se me volcó la cacerola de leche hirviendo en la mesada y me enchastró los muebles y el piso,1,cooking,label1
"Me pongo los auriculares con la música al máximo volumen en el colectivo para disociar, pero la opresión en la garganta no se me va",2,music,label2
Me pasé al kindle hace un mes y la verdad es re cómodo para leer en el colectivo sin peso,0,books,label0
Me tiene re tenso salir a la ruta con este pronóstico de chaparrones fuertes y asfalto resbaladizo,1,weather,label1
"Me echaron de la consultora IT por videollamada, les escribo esto porque me voy de este mundo",3,technology,label3
"Ya no soporto ir a la primaria y que me ignoren, solo pienso en querer desaparecer para no sufrir más",3,school,label3
"Siento que perdí mi identidad porque lo único que sabía hacer era jugar bien y ahora ni para eso sirvo, la impotencia me ahoga",2,gaming,label2
Nos regalaron un postre por el cumpleaños de mi papá.,0,restaurants,label0
"Ver la sala del restaurante completamente vacía noche tras noche me destruyó el alma, me rindo.",3,restaurants,label3
"Dejé de escuchar música porque todo me hace daño, ya no quiero vivir.",3,music,label3
Ya ni disfruto salir cuando deja de llover porque sigo sintiéndome agotado.,2,weather,label2
el gato se trepo a la cortina y quedo colgando un rato,0,pets,label0
Se me quemó la comida otra vez 😅,1,cooking,label1
"Paso horas pensando que debo cocinar, pero al final no hago nada.",2,cooking,label2
tuvimos que suspender la salida por la lluvia,0,weather,label0
"subi la montaña completa por primera vez, cansador pero valio la pena",0,sports,label0
El jefe me pidió algo que no sé cómo resolver y me da vergüenza decirle que necesito ayuda,1,work,label1
"jugando la campaña nueva del rpg, la historia esta buena",0,gaming,label0
"Siento que la universidad es un pozo sin fondo, ya tomé la decisión de terminar con este dolor de una buena vez",3,university,label3
La banda telonera tocó media hora y la verdad prendió fuego al público,0,music,label0
el mouse inalambrico se quedo sin pilas justo ahora,0,technology,label0
"Vendí toda mi colección de encuadernados para pagar deudas y me sigo hundiendo, mi vida no vale nada",3,books,label3
"Ver la cama de mi gato vacía me destruyó por completo, ya tomé la decisión de no seguir en este mundo",3,pets,label3
Las materias de este semestre sí vienen con bastante carga.,1,university,label1
Qué bronca pagar una fortuna por un bife de chorizo y que te lo traigan seco como una suela de zapato,1,restaurants,label1
"Llevo tres años encerrado jugando este MMO y perdí a mi familia, soy una basura y la única salida es matarme",3,gaming,label3
Cada discusión en casa me convence más de que no hay salida para mí.,3,family,label3
El ping estaba por las nubes otra vez.,1,gaming,label1
"El estrés de mantener la excelencia académica me vació, estoy tan cansada que ya no le veo caso a la vida",3,university,label3
Probamos una receta mexicana de tinga de pollo para rellenar tostadas y nos encantó a todos,0,cooking,label0
Llevo semanas sintiendo que mi vida entera depende de un pedazo de plástico y circuitos que falla todo el tiempo y me drena la salud,2,technology,label2
La resolana te encandila mal si salís sin anteojos oscuros a la calle,0,weather,label0
Mi concentración bajó muchísimo desde que paso todo el día conectado.,2,technology,label2
El merge de Git me dejó un conflicto enorme 😅,1,programming,label1
Hace tiempo que cualquier llamada de mi familia me pone muy tenso.,2,family,label2
Mi hamburguesa llegó sin uno de los ingredientes.,1,restaurants,label1
"Me aterra que mi gata se esté deteriorando por mi culpa por no haber notado los síntomas antes, ese remordimiento me come por dentro",2,pets,label2
Ese thriller nórdico te mantiene con intriga constante en cada cierre de capítulo,0,books,label0
el modelo de tensorflow tardo horas en entrenar anoche,0,programming,label0
"El silencio me pesa más que cualquier canción, ya no quiero despertar.",3,music,label3
Anotá en la lista del súper que se terminó el shampoo de los chicos y la lavandina,0,family,label0
cocinando pescado al horno con limon,0,cooking,label0
Tengo mil tareas acumuladas en la bandeja y mi compañera de equipo faltó con parte médico,1,work,label1
Desde hace semanas siento que perdí toda la creatividad.,2,hobbies,label2
Llevo semanas sin sentir que realmente me divierto jugando.,2,gaming,label2
Todavía no le agarro la mano a esta receta.,1,cooking,label1
nos toca laboratorio de quimica esta tarde,0,school,label0
Hoy gasté más gasolina de lo que esperaba.,1,transportation,label1
Mis tarjetas están al tope y ya no le veo sentido a seguir viviendo.,3,shopping,label3
"La sequía interminable me quitó las ganas de comer y de vivir, mi cuerpo y la tierra están secos por igual.",3,weather,label3
"Me ofrecieron pasar al equipo de producto con un ajuste de sueldo, lo estoy pensando",0,work,label0
Se cortó internet en toda la cuadra después del trueno fuerte y no puedo avanzar con las entregas virtuales,1,weather,label1
No encontramos cancha de césped sintético disponible en ningún complejo para hoy,0,sports,label0
quien trae las papitas para hoy?,0,friends,label0
"Mi esposo me engañó con mi prima, destruyeron mi familia y mi confianza, no me quedan ganas de estar en este mundo.",3,family,label3
"Pongo películas mudas para sentir que alguien me acompaña, esta soledad me ahoga y tomé la decisión de no seguir.",3,movies,label3
estamos ensayando para el acto del 25 de mayo,0,school,label0
Qué impotencia cuando tu compañero de dobles tira la toalla a mitad de partido y te deja remando solo,1,sports,label1
Cada cierre me deja tan cansado que ya no tengo energía para nada más.,2,restaurants,label2
"La dependencia a las pantallas me pudrió el cerebro, soy un zombi y la única cura es la muerte",3,technology,label3
"Cada visita al veterinario quedó grabada en mi cabeza, ya no quiero seguir viviendo así.",3,pets,label3
Mis hijos me piden de comer y no tengo fuerzas ni ganas de seguir aquí.,3,cooking,label3
"Trabajo remoto, pero ni así logro descansar; siento que nunca termina la jornada.",2,work,label2
"Me siento atrapado entre las tareas y la presión, quisiera desaparecer.",3,school,label3
"Entré al Discord y vi que se divertían sin mí, entendí que estarían mucho mejor si yo me muero.",3,friends,label3
"Me echaron de la pastelería porque arruiné el pedido de boda, mi vida no tiene sentido y me voy a quitar la vida",3,cooking,label3
Me olvidé la cartulina en casa y la seño nos baja dos puntos si no entregamos en horario,1,school,label1
El pegamento arruinó una parte de la maqueta.,1,hobbies,label1
No doy abasto tratando de mantener al día las carpetas de diseño gráfico con entregas semanales,1,university,label1
"Mi director favorito se suicidó y a veces entiendo por qué, ya no quiero estar aquí.",3,movies,label3
la fila de la caja estaba interminable hoy,0,shopping,label0
Desde hace meses siento que leer dejó de ser un descanso y se volvió una carga.,2,books,label2
Pedí recomendaciones y terminé probando algo nuevo.,0,restaurants,label0
El miedo constante a que me cancelen los vuelos de conexión y quedar varado otra vez me tiene viviendo con insomnio severo,2,travel,label2
"El cliente aceptó la propuesta económica sin chistar, directo a redactar el contrato",0,work,label0
Desde hace tiempo siento una presión constante por todo lo relacionado con la escuela.,2,school,label2
picando cebolla y ya me lloran los ojos,0,cooking,label0
"Hace dos meses que no duermo bien pensando en los errores del backend, me despierto sobresaltado creyendo que se cayó producción",2,programming,label2
"Antes me encantaba preparar la cena, ahora me quedo mirando los ingredientes en la mesada y me largo a llorar de pura frustración",2,cooking,label2
prendi la estufa porque bajo mucho la temperatura,0,weather,label0
"El bar donde tocábamos música en vivo cerró y nos echaron a todos, mi refugio ya no existe y yo tampoco quiero existir.",3,restaurants,label3
El deporte era toda mi vida y ahora siento que todos estarían mejor sin mí.,3,sports,label3
Mi tesis se convirtió en un peso que siento que no puedo soportar más.,3,university,label3
"Me tiene re estresado el simulador de hardware de la facultad, no me sincroniza las señales del reloj en VHDL",1,programming,label1
esperando que abran la tienda para entrar temprano,0,shopping,label0
Últimamente veo una película y al terminar siento el mismo agotamiento de siempre.,2,movies,label2
Nos cambiaron el formato del trabajo y toca hacerlo otra vez.,1,university,label1
"Me quedo horas sentado frente a la tarea sin poder escribir una sola oración, el agotamiento me tiene colapsado",2,school,label2
"El bundle de JavaScript me quedó pesadísimo y el análisis de performance me tira todo en rojo, qué bajón",1,programming,label1
"Mis papás pelearon otra vez por mi culpa, creo que estarían mucho mejor si yo dejara de existir.",3,family,label3
Compré un candado con combinación numérica aprobado por la TSA para cerrar el cierre de la mochila,0,travel,label0
llevamos a los abuelos al restaurante de siempre para el domingo,0,restaurants,label0
"No duermo hace semanas de la angustia por las cuotas de la tarjeta de crédito, gasté en compras impulsivas y ahora no sé cómo pagar",2,shopping,label2
Probé escuchar un audiolibro mientras salgo a trotar y me re sirvió para avanzar capítulos,0,books,label0
el cafe huele buenisimo esta mañana,0,cooking,label0
Últimamente casi no coincidimos para vernos.,1,friends,label1
Me dio mucha rabia que nos cobraran un cargo extra ridículo por equipaje de mano en la aerolínea low cost,1,travel,label1
Estoy aprendiendo producción musical y hay demasiadas cosas nuevas.,1,music,label1
Mi guitarra lleva meses guardada porque no encuentro energía para tocar.,2,hobbies,label2
probando el nuevo modelo de auriculares con cancelacion de ruido,0,technology,label0
cantando covers con la banda del barrio los sabados,0,music,label0
"Siento una pesadez en el pecho que me asfixia cada vez que escucho los temas que me dedicaron, no sé cómo salir de este pozo",2,music,label2
"el cafe de la oficina esta horrible pero bueno, es gratis 😂",0,work,label0
"Termino el servicio a las 3 am con las piernas temblando, no solo de cansancio físico, es una angustia acumulada que me hace llorar hasta dormirme",2,restaurants,label2
Cambié las cuerdas del bajo y ahora tiene un brillo en el sonido re lindo,0,music,label0
"Compré dos kilos de pescado fresco y cuando lo fui a limpiar me di cuenta de que tenía olor medio raro, qué bajón",1,cooking,label1
"Hace semanas que funciono en piloto automático arrastrando la valija por los andenes, con un nudo en la garganta permanente",2,travel,label2
Trato de hacerme un almuerzo simple y a los cinco minutos tengo que sentarme porque la angustia me cierra el pecho y no puedo respirar,2,cooking,label2
Últimamente cualquier embotellamiento me deja de mal humor durante horas.,2,transportation,label2
Me despierto a las cuatro de la mañana con el estómago cerrado de la pura angustia de tener que salir a pelear por subir al tren 😔,2,transportation,label2
"nos despedimos en la estacion, se va de intercambio",0,friends,label0
Terminé el fin de semana con una sensación re amarga por cómo se pinchó la salida que veníamos planeando hace un mes,1,friends,label1
Hoy practiqué batería y terminé con los brazos cansados.,1,music,label1
Me cuesta combinar los entrenamientos con la universidad.,1,sports,label1
La tormenta tropical me dejó sin luz y sin razones para vivir.,3,weather,label3
Llevo semanas sin ver el sol y siento que ya no tiene sentido seguir viviendo.,3,weather,label3
La crítica la destrozó pero a mí la verdad me pareció súper pochoclera y entretenida para pasar el rato,0,movies,label0
Cada semana siento menos motivación para abrir la computadora y empezar a trabajar.,2,work,label2
Se me borró el archivo de Word con la presentación que tenía que mandar por el aula virtual lpm,1,school,label1
Perdí a mi loro y con él se fue toda mi fuerza para continuar.,3,pets,label3
"El cliente pide cambios en la lógica de negocio a dos días de salir a producción, un estrés tremendo",1,programming,label1
"Me desespera que el loro chille sin parar a las seis de la mañana, no me deja descansar nada",1,pets,label1
"Trabajé años en una cocina y me despidieron, ya no veo ninguna salida.",3,cooking,label3
"Cada semestre pienso que será más fácil, pero termino todavía más cansado.",2,university,label2
me anote para el coro de la escuela,0,school,label0
La cámara web enfoca borroso de la nada y tengo una entrevista importante por videollamada en media hora,1,technology,label1
"Lloro en la butaca del cine no por la trama, sino porque sé que esta es la última película que voy a ver en mi vida.",3,movies,label3
Ayer me puse a llorar en el baño del colegio porque me entregaron otra prueba desaprobada y ya no sé cómo estudiar,2,school,label2
"Cada noche pienso en lo mucho que compré y en lo poco que valgo, ya no quiero seguir.",3,shopping,label3
Dejé el libro abierto boca abajo en el sillón y se le marcó una arruga en el lomo,0,books,label0
Me falta confianza para presentar frente al grupo.,1,university,label1
"Mi pareja me dejó por el restaurante, ya no veo salida.",3,restaurants,label3
Fijate de regar el pasto al atardecer para que el sol del mediodía no queme las hojas,0,weather,label0
Estoy agotado emocionalmente y aún así todos los días tengo que seguir como si nada.,2,work,label2
Ando con dolor de cintura de comerme los pozos gigantes que tiene el asfalto de esta avenida abandonada,1,transportation,label1
"Mis amigos de internet fueron los únicos que me quisieron, ahora que me bloquearon ya no tengo nada por qué vivir.",3,friends,label3
"Trato de prepararle la papilla al bebé y me tiemblan las manos de lo agotada que estoy mentalmente, siento que no doy más",2,cooking,label2
"Terminé mi turno totalmente quebrado por dentro, siento que el maltrato en este local me apagó la luz y ya no sé cómo salir de esto",2,restaurants,label2
Revisá el pull request cuando tengas diez minutos libres que corregí lo que me marcaste,0,work,label0
"No logro concentrarme, reprobé todo y ya no veo futuro.",3,school,label3
Ni mis amigos del salón notarían si dejara de existir.,3,school,label3
"Caminamos como quince kilómetros recorriendo monumentos históricos, voy a necesitar zapatillas nuevas",0,travel,label0
Qué garrón clavarse cinco horas buscando fósiles en la cantera y volverse con la mochila vacía,1,hobbies,label1
"El pavimento nuevo de la colectora quedó impecable, da gusto manejar sin pozos",0,transportation,label0
Me preocupa que mi rendimiento en la maestría bajó porque ya no logro concentrarme leyendo.,2,books,label2
"No logro dormir más de cuatro horas por la presión del selectivo nacional, cierro los ojos y sigo maquinando tiempos y derrotas",2,sports,label2
La preocupación por mi ave ya forma parte de todos mis días y me está desgastando.,2,pets,label2
Trabajar así todos los días me hizo perder la esperanza por completo.,3,work,label3
"Reprobé el año escolar y mi papá me va a matar, mejor me desaparezco yo antes de llegar a la casa",3,school,label3
"El escáner me saca los documentos con una raya negra horizontal que cruza todo el texto, no sirve para nada",1,technology,label1
Me cuesta encontrar motivación para ir a practicar aunque no quiero dejar el deporte.,2,sports,label2
"Las canciones siguen sonando, pero siento que ya no conecto con ninguna.",2,music,label2
Todo depende de aplicaciones que fallan y eso ya afecta cómo trabajo.,2,technology,label2
"Mis compañeros de trabajo no me invitan a nada, ya no veo salida.",3,friends,label3
"Se pinchó la rueda trasera de la bici con una espina, voy a tener que emparcharla en casa",0,transportation,label0
"Me la paso en la biblioteca para no estar en casa, pero ya no quiero vivir.",3,books,label3
"Mi perro me masticó otra chancleta de goma, voy a tener que comprarle un juguete de soga urgente 😂",0,pets,label0
Estoy tan desesperado por mi situación laboral que siento que ya no hay nada más.,3,work,label3
"Quería terminar el bordado hoy, pero ya me ganó el cansancio.",1,hobbies,label1
Ya no logro disfrutar la universidad como antes 😞,2,university,label2
El servicio estuvo un poco lento esta noche.,1,restaurants,label1
"El agotamiento de las videollamadas interminables me hizo tocar fondo, esta es mi última noche acá",3,technology,label3
El temporal de anoche tiró un par de ramas grandes sobre la vereda pero nada grave,0,weather,label0
Me frustra un montón errar pases cortos por culpa del estado desastroso de la cancha de tierra 😩,1,sports,label1
Me invitan al cine y casi siempre invento una excusa porque sé que no lo voy a disfrutar.,2,movies,label2
"Ver películas era mi refugio y ahora solo me recuerdan lo vacío que estoy, mejor desaparezco.",3,movies,label3
Avisen si alguno tiene un buzo de abrigo extra para prestarme que refrescó un montón,0,friends,label0
"Qué temazo el que suena durante la persecución por la autopista, ya lo guardé en Spotify",0,movies,label0
Me da miedo que me manden a rendir a diciembre por una sola materia que no puedo levantar,1,school,label1
"Llevo meses con los pinceles secos, intento pintar pero siento un vacío enorme y termino llorando frente al lienzo",2,hobbies,label2
"Trabajo y estudio, pero el restaurante me deja tan agotado que ya no rindo igual.",2,restaurants,label2
Siento una impotencia tan visceral que me hace temblar el cuerpo entero cada vez que el veterinario me dice que hay que seguir esperando,2,pets,label2
Subieron la cuota del gimnasio pero al menos compraron dos mancuernas de 20 kilos nuevas,0,sports,label0
"compre arena nueva para el gato, parece que le gusta",0,pets,label0
mi mama llamo para preguntar como me fue en el examen,0,family,label0
Pudieron ver la repetición de la jugada polémica del VAR? Estaba re mil habilitado el delantero,0,sports,label0
compre un cd usado que hacia rato buscaba,0,music,label0
Che decile a Lucas que me devuelva la campera negra que se la llevó sin pedir permiso,0,family,label0
Ayer me quedé paralizado en medio de la estación central de trenes sin poder moverme de la pura sobrecarga de estímulos y pánico,2,travel,label2
"Los reclamos constantes de mi suegra nos están destruyendo el matrimonio, vivo con un nudo en la garganta y migrañas insoportables",2,family,label2
Ni las películas nuevas logran despertar el interés que antes tenía.,2,movies,label2
Trabajar remoto a veces me cuesta porque siento que nunca corto la jornada del todo,1,work,label1
"Ver el estado de cuenta con todo lo que gasté este mes me hizo darme cuenta de que soy un enfermo sin cura, me despido de todos",3,shopping,label3
El desarraigo me pegó tan fuerte este semestre que perdí el apetito y bajé cuatro kilos de pura tristeza acumulada,2,travel,label2
Mi carrera como atleta terminó y ya no quiero seguir viviendo.,3,sports,label3
Estoy completamente agotado y siento que vivir ya no vale la pena.,3,work,label3
"Me despidieron hoy y las deudas me comen, esta noche quiero terminar con toda esta angustia",3,work,label3
"Mi cuenta bancaria está en rojo por mis impulsos, arruiné la paz de mi hogar y lo mejor para ellos es que yo ya no esté",3,shopping,label3
Siento que la escuela ocupa tanto espacio en mi cabeza que ya me cuesta disfrutar mi tiempo libre.,2,school,label2
Ya llevo rato buscando una comedia y no encuentro una que me llame la atención.,1,movies,label1
Tejía para olvidar y ahora solo quiero que todo termine.,3,hobbies,label3
Qué desgaste cuando le ponés toda la onda a la partida y tenés un compañero que se va afk a la primera muerte,1,gaming,label1
Avisen si se armó debate en el club de lectura sobre el desenlace del personaje secundario,0,books,label0
"Este viaje fue un error, arruiné mi vida y la de mi familia, ya no quiero seguir.",3,travel,label3
"Hace meses que armar rompecabezas dejó de ser mi escape, miro las piezas y la cabeza me da mil vueltas llenas de culpa",2,hobbies,label2
"Ya ni siquiera sé cómo organizar tantas tareas, todo me rebasa.",2,university,label2
Se les olvidó traer una parte de nuestro pedido.,1,restaurants,label1
Ando re irritable estos días por la sobrecarga de trabajo que nos metieron en el sector,1,work,label1
"El veterinario dijo que todo parece estar bien, pero hay que seguir observándolo.",1,pets,label1
"Extraño cómo eran mis amistades antes, ahora todo se siente distante.",2,friends,label2
"Puse a reproducir mi banda favorita para intentar relajarme un domingo, pero la opresión en el pecho siguió ahí intacta, doliendo",2,music,label2
Hoy no avancé casi nada con mi rompecabezas.,1,hobbies,label1
Me suscribí al plan familiar del servicio de streaming para compartir con mis hermanos,0,music,label0
El traductor del celular no siempre entiende lo que quiero decir.,1,travel,label1
Che qué buena edición de tapa dura con mapas desplegables sacaron de ese clásico,0,books,label0
"mañana hago home office, necesito un dia mas tranquilo",0,work,label0
"Fui a la librería a buscar algo que me diera ganas de vivir y salí llorando, ya no hay esperanza para mí",3,books,label3
la comida tardo un poco pero valio la espera,0,restaurants,label0
Mi receta favorita me recuerda a él y ya no quiero seguir viviendo.,3,cooking,label3
"El director me amenazó con la expulsión, ya arruiné todo y no merezco vivir",3,school,label3
"Era mi único amigo verdadero en esta ciudad, sin él prefiero morir antes que volver a mi departamento vacío",3,pets,label3
nos juntamos a tomar mate en la terraza toda la tarde,0,friends,label0
Ni mi autor favorito consigue mantener mi atención últimamente.,2,books,label2
"Estudio horas y siento que no retengo nada, ya me está afectando mucho.",2,university,label2
Me está costando aprender el nuevo framework porque ya vengo muy desgastado mentalmente.,2,programming,label2
Nos juntamos el sábado a la tarde a restaurar los senderos del parque como parte del voluntariado?,0,hobbies,label0
Ando con la cabeza quemada de tanto pensar en la táctica para neutralizar al delantero de ellos,1,sports,label1
Paso horas viendo la pantalla y casi no avanzo con el desarrollo.,2,programming,label2
"La paranoia de que me hackeen los servidores de mis clientes me vuelve loco, decidí terminar con mi sufrimiento hoy",3,technology,label3
Mi perra me despierta a las siete clavadas apoyándome la nariz helada en la cara para salir al patio,0,pets,label0
"No puedo concentrarme en ninguna partida, solo pienso que ya no quiero seguir.",3,gaming,label3
"La culpa de no haber llevado al veterinario antes a mi cobaya me está carcomiendo, es hora de pagar por mi irresponsabilidad y morir",3,pets,label3
"El tráfico de tres horas me roba el poco tiempo que tengo para descansar, vivo para sufrir y ya decidí terminarlo todo hoy",3,transportation,label3
Siento la cabeza quemada después de perder la final del torneo semanal por un tiro fallado en el descuento,1,gaming,label1
"Ser nómada digital sonaba increíble, pero últimamente solo me siento agotado.",2,travel,label2
"Me tiene re tenso este bug de concurrencia en Java, solo pasa una vez cada cincuenta ejecuciones y no lo cazo",1,programming,label1
"El asador de la familia se lució hoy, el vacío a la leña salió manteca de tierno",0,cooking,label0
"Hace un mes que vivo con insomnio crónico revisando el home banking cada media hora, las deudas de compras me están enfermando",2,shopping,label2
trabajando desde el aeropuerto porque se atraso el vuelo,0,work,label0
"El lunes arrancamos con la auditoría externa, tratemos de tener todas las carpetas al día",0,work,label0
El café ya no estaba tan caliente cuando llegó.,1,restaurants,label1
Cocinamos hamburguesas caseras picando carne de roast beef y tapa de asado en partes iguales,0,cooking,label0
Llevo meses sin terminar un solo proyecto personal.,2,hobbies,label2
"Cada vez que anuncian alerta meteorológica me agarra un pánico que me paraliza, hace semanas que no vivo en paz por el miedo a que se inunde la casa de nuevo",2,weather,label2
"El clima está tan loco que siento que mi vida también se descontroló, ya no quiero seguir.",3,weather,label3
estamos practicando para el torneo de futbol del cole,0,school,label0
"Me bajaron el sueldo y no llego a pagar el alquiler, ya no veo salida, esto es un adiós para todos",3,work,label3
Hice el pedido del súper por la página web para que me lo manden el sábado a la mañana directo,0,shopping,label0
Qué desgaste pedalear en el reparto con el viento en contra y llovizna helada pegándote en la cara,1,weather,label1
El cuadro respiratorio de mi loro se volvió crónico hace semanas y la impotencia de verlo decaer me tiene sumido en un bajón terrible,2,pets,label2
"Manejar con esta neblina cerrada por la autopista me puso los nervios de punta, no se veía nada a dos metros",1,weather,label1
Siento que leo por compromiso para llegar al reto anual de Goodreads y ya no lo estoy disfrutando como antes,1,books,label1
Últimamente evito convivir con mis compañeros porque no tengo energía para hablar.,2,work,label2
Llevo meses sintiendo que nunca termino realmente mis pendientes escolares.,2,school,label2
Paso tanto tiempo frustrado por las partidas que ya ni disfruto mis tardes libres.,2,gaming,label2
"Mi conejo se comió un pedazo de hoja de lechuga de mi mano por primera vez, un avance enorme",0,pets,label0
Se cayó el deploy y ahora toca revisar los logs.,1,programming,label1
Ando con un sabor amargo porque se armó tremenda pica en el chat por un malentendido de un mensaje de voz,1,friends,label1
"Cada día me cuesta más trabajo enfrentar el camino al trabajo, ya me pesa demasiado.",2,transportation,label2
"El ambiente tóxico en la productora me destrozó la autoestima, no valgo nada y prefiero dejar de existir.",3,movies,label3
cociné milanesas para el almuerzo de hoy,0,cooking,label0
mi hermano y yo peleamos por el control remoto como siempre,0,family,label0
Comprar lo necesario se volvió una preocupación constante para mí.,2,shopping,label2
No me quisieron hacer el cambio de una prenda porque tiré la etiqueta de cartón aunque tenía el ticket fiscal,1,shopping,label1
Se cayó la señal de datos móviles en toda la zona céntrica por una hora,0,technology,label0
"Le regalé mis cosas a mi mejor amiga sin que se diera cuenta, es mi forma de decir adiós para siempre.",3,friends,label3
Siento un agotamiento tan extremo de remar relaciones unilaterales que ayer decidí borrar las redes sociales y aislarme del todo,2,friends,label2
Siento que soy un cero a la izquierda en la vida de todos los que alguna vez llamé amigos.,3,friends,label3
sacamos un monton de fotos en la salida de anoche,0,friends,label0
"La última pelea con mi amiga me destrozó, era la única hermana que elegí y ahora ya no quiero seguir en este mundo.",3,friends,label3
La fila para documentar el equipaje estaba larguísima.,1,travel,label1
Hace meses que comer en restaurantes dejó de ser algo que disfrute.,2,restaurants,label2
"Llevo meses tapando ataques de llanto en los recreos, siento que todo el sistema universitario está diseñado para quebrarte",2,university,label2
Tengo los hombros cargadísimos de nadar estilo mariposa ayer en el club,0,sports,label0
Salí de la escuela con dolor de cabeza de tanto quilombo que hicieron en el aula hoy,1,school,label1
Di vueltas durante media hora para encontrar un lugar donde estacionar y terminé pagando una cochera carísima,1,transportation,label1
"Extraño tanto las épocas en que éramos un grupo unido que no soporto la realidad actual, me quiero morir.",3,friends,label3
La presión por ganar me dejó sin esperanza.,3,sports,label3
Me preocupa que la comida no alcance para todos.,1,cooking,label1
Me tiene re preocupado perder oído por no haber usado tapones protectores en los últimos recitales pesados,1,music,label1
Entre limpiar y cocinar se me fue toda la tarde.,1,cooking,label1
"Tengo la mesa del comedor tapada de apuntes fotocopiados y carpetas abiertas, es un descontrol esto",1,university,label1
"El jungla no pisó mi línea en toda la partida y el rival me dejó tres niveles abajo, qué impotencia total",1,gaming,label1
"Hace meses que perdí la motivación por aprender, antes me gustaba leer y ahora odio agarrar un cuaderno",2,school,label2
"Se me cortó la salsa holandesa justo cuando iba a emplatar los huevos poche, qué frustración lpm",1,cooking,label1
"Mi familia estaría mejor sin mí, lo sé, ojalá no despertara mañana.",3,family,label3
"Profe, una consulta sobre el trabajo final, la bibliografía va en formato APA 7 o Vancouver?",0,university,label0
Se me olvidó comprar una de las cosas más importantes.,1,shopping,label1
La cocina quedó llena de trastes después de hornear.,1,cooking,label1
el gps nos llevo por un camino con vistas hermosas,0,travel,label0
Hace semanas que la angustia de perder mi acceso a la nube con todo mi trabajo me tiene viviendo en una paranoia constante,2,technology,label2
"Otra vez me quedé en blanco en el final oral, no sirvo para esta carrera ni para este mundo, me despido",3,university,label3
escuchando el nuevo single que saco mi banda favorita,0,music,label0
Cada incidente en producción me deja todavía más desgastado que el anterior.,2,programming,label2
"El colectivo venía con el aire acondicionado al palo, casi me congelo en el trayecto",0,transportation,label0
El modelo quedó chueco y ahora toca corregirlo.,1,hobbies,label1
"Siento que perdí totalmente las ganas de progresar en la carrera, este puesto me vació la energía por completo",2,work,label2
"Solo tengo amigos por internet y ni ellos me contestan, ya no quiero vivir.",3,friends,label3
"Pinté un cuadro sobre mi dolor y ahora no puedo ni verlo, ya no quiero estar.",3,hobbies,label3
Mis amigos hablan a mis espaldas y ya no quiero estar en este mundo.,3,friends,label3
"Me tiene re podrido tanta humedad constante, la ropa tarda tres días en secar y tiene olor a encierro",1,weather,label1
Me faltó sal y apenas me di cuenta al final.,1,cooking,label1
"El bebé ya se durmió la siesta, traten de no hacer ruido en el pasillo porfa",0,family,label0
Ni los juegos casuales consiguen relajarme como antes.,2,gaming,label2
"Me siento completamente solo en esta facultad enorme, a nadie le importaría si mañana dejo de respirar",3,university,label3
Me preocupa un poco que mi conejo siga tan tímido.,1,pets,label1
El profe de bioquímica explica a las chapas y cuando le pedís que repita se molesta,1,university,label1
"Mi familia me rechaza por ser quien soy, mejor desaparezco para siempre.",3,family,label3
"Qué rico olor a pan recién horneado que sale de la cocina, dan ganas de comerse la corteza ya",0,cooking,label0
"hoy tengo entrenamiento de futbol a las 8, ya estoy con las ganas",0,sports,label0
El profe de canto me dice que relaje la mandíbula pero cuando intento proyectar la voz me tensiono todo de nuevo,1,music,label1
Mi situación laboral me hace sentir que ya no tiene sentido seguir adelante.,3,work,label3
Conecté el Chromecast a la tele del comedor y levantó streaming enseguida,0,technology,label0
Llegué del trabajo cansadísimo y lo primero que tuve que hacer fue limpiar un desastre que armaron los cachorros,1,pets,label1
Amigo bancame diez minutos que me termino de bañar y salgo volando para allá,0,friends,label0
Hoy no pude avanzar nada con el libro.,1,books,label1
Desde que murió mi perrita dejé de comer y siento que seguir ya no tiene caso.,3,pets,label3
terminamos la practica de rugby con todo el cuerpo dolorido,0,sports,label0
Cada vez me cuesta más mantener el ritmo en la cocina.,2,restaurants,label2
Me preocupa un poco que mi abuelo siga resfriado.,1,family,label1
"Hace un mes que lloro de camino a la cervecería, la sobrecarga de trabajo y la falta de empatía de mis jefes me destrozaron por completo",2,restaurants,label2
"Hoy atendí muchísima gente en caja, terminé sin energía.",1,work,label1
nos juntamos para un cafe despues del laburo,0,friends,label0
esperando que abran la barrera del paso a nivel,0,transportation,label0
Agarro un libro para intentar bajar los decibeles y me empieza a dar taquicardia pensando en todo lo que estoy atrasado,2,books,label2
preparando el desayuno para todos antes de que se despierten,0,cooking,label0
Quería aprovechar el descuento y ya había terminado.,1,shopping,label1
"Todo lo que compré no me trajo felicidad, solo ganas de no seguir.",3,shopping,label3
el profesor de plastica nos pidio traer temperas para mañana,0,school,label0
"Hace meses que la costura no me saca de esta depresión, veo las telas y siento que mi vida no tiene sentido ni propósito",2,hobbies,label2
"El retiro anticipado me dejó sin identidad, me miro al espejo y veo un fantasma, es hora de hacerlo realidad",3,sports,label3
Solo quiero que el deploy salga bien esta vez 🙏,1,programming,label1
Cada vez que entro al restaurante siento que ya no hay salida.,3,restaurants,label3
"Le diagnosticaron leucemia a mi gatita, mi mundo se vino abajo y sinceramente ya no le encuentro el sentido a esta agonía",3,pets,label3
El cliente cambió todo a última hora 😅,1,work,label1
"Siento que la sociedad me exige consumir y yo solo me hundo en la depresión, renuncio a este mundo materialista hoy mismo",3,shopping,label3
"Estoy cansado, pero creo que si me organizo mejor saldré adelante.",1,work,label1
"El hospedaje estuvo bien, pero esperaba un poco más.",1,travel,label1
armando el jardin de hierbas en la cocina,0,hobbies,label0
"La temporada de huracanes me tiene con el estómago cerrado, llevo días con taquicardia constante mirando los pronósticos y sin poder comer",2,weather,label2
Estoy aprendiendo React y todavía me confundo con los hooks.,1,programming,label1
"El repartidor marcó el pedido como entregado pero acá en casa no tocó el timbre nadie, ya me puse re nervioso",1,shopping,label1
El personal de migraciones me hizo un par de preguntas de rutina sobre la estadía y selló el pasaporte al toque,0,travel,label0
El peaje de la ruta tenía diez cabinas cerradas y la fila de autos llegaba como a dos kilómetros atrás,1,transportation,label1
Tengo que cantar resfriado este fin de semana porque no conseguimos reemplazo y me duele hasta tragar saliva,1,music,label1
Estoy repasando porque no quiero equivocarme en la exposición.,1,school,label1
"Cerré todos mis chats de grupo, ya no hay nada de qué hablar, mi historia termina hoy.",3,friends,label3
"Me mandaron unos auriculares de color blanco cuando pedí expresamente negros, ahora toca tramitar el cambio",1,shopping,label1
Me tiene re estresado el tema de conseguir nuevos clientes este mes para cubrir los gastos fijos,1,work,label1
No me lee la tarjeta de memoria micro sd en la computadora y tengo archivos urgentes que sacar de ahí,1,technology,label1
mi tortuga aprendio a reconocer cuando le traigo comida,0,pets,label0
mi tio nos invito a su casa nueva este finde,0,family,label0
"Me cancelaron la matrícula por no pagar a tiempo, todo mi esfuerzo fue en vano y ya no me quedan ganas de seguir respirando",3,school,label3
Cambié la dependencia vulnerable por la última versión estable que publicaron en npm,0,programming,label0
"Ya no puedo con el bullying, siento que desaparecer sería un alivio.",3,school,label3
"empezando a aprender acuarela, todavia se me chorrea todo",0,hobbies,label0
"Mis amigos me dejaron de hablar por mi culpa, ojalá no despertara mañana.",3,friends,label3
configurando el ci/cd para que despliegue automatico,0,programming,label0
Mi mamá insiste en que descanse más y tiene un poco de razón.,1,family,label1
Últimamente no tengo energía ni para prepararme algo sencillo.,2,cooking,label2
El desgaste emocional de despedirme de mi familia en el aeropuerto una y otra vez me dejó sin lágrimas y con el alma rota,2,travel,label2
"Hoy participé en clase, pero igual me puse nervioso.",1,school,label1
Estoy repasando anatomía porque el examen viene difícil.,1,university,label1
Cada clase requiere tanta concentración que termino mentalmente agotado.,2,university,label2
Quién sabe qué resina epoxi conviene usar para hacer llaveros transparentes con flores secas?,0,hobbies,label0
Tengo que actualizar los drivers de CUDA en el servidor para que reconozca la placa nueva,0,programming,label0
Desde hace tiempo cocinar dejó de ser un momento agradable para mí.,2,cooking,label2
El doblaje no me terminó de convencer.,1,movies,label1
"Me excluyeron del viaje de egresados y nadie me dio una explicación, mi mundo se derrumbó y me quiero morir.",3,friends,label3
Mis papás siguen preguntándome por mis planes y ya me siento algo presionado.,1,family,label1
Me dio algo de tristeza que nadie pudiera ir hoy.,1,friends,label1
Se me perdió el collar con la chapita identificatoria del perro en el descampado y ando con miedo de que se me escape,1,pets,label1
El profesor de literatura nos dio tres días para leer una obra de teatro entera y preparar una exposición grupal,1,books,label1
"Me da una pereza enorme tener que embalar el producto de nuevo, imprimir la etiqueta y llevarlo a despachar por una falla",1,shopping,label1
Perdí el trabajo por estar comprando en línea y ahora siento que no hay salida.,3,shopping,label3
El colectivo no frenó en mi parada porque venía apurado y me dejó a siete cuadras de casa bajo la llovizna,1,transportation,label1
el trafico de la tarde siempre es peor que el de la mañana,0,transportation,label0
"El clima me tiene encerrado y mi mente también, ya no veo salida.",3,weather,label3
aprendiendo teoria musical basica desde cero,0,music,label0
"Los emparejamientos del juego son un asco, me ponen contra gente que no tiene vida y mi team ni compra chaleco",1,gaming,label1
el ambiente del restaurante estaba buenisimo para la ocasion,0,restaurants,label0
"Me está costando disfrutar cualquier juego, incluso mis favoritos ya se sienten pesados.",2,gaming,label2
"Llevo un mes sintiendo que el deporte me robó la vida, no tengo amigos fuera del gimnasio y adentro solo siento soledad y presión",2,sports,label2
La nieve me aísla y me hace pensar en no despertar mañana.,3,weather,label3
Mi ídolo musical se suicidó y a veces siento que debo hacer lo mismo.,3,music,label3
"Llevo un mes alquilando estrenos carísimos para ver si logro animarme un poco, pero tiro la plata porque a los diez minutos pierdo el interés",2,movies,label2
Hoy sí terminé rendido después del entrenamiento.,1,sports,label1
Intento armar los legos para desconectar pero a los diez minutos los guardo porque no siento absolutamente nada,2,hobbies,label2
Alguien sabe si la pizzería nueva de la esquina tiene opciones vegetarianas ricas?,0,friends,label0
"Antes disfrutaba servir a la gente, ahora siento que solo sobrevivo cada jornada.",2,restaurants,label2
Oigan pasen el link del drive con los textos escaneados de sociología porfa,0,school,label0
"el partido arranca a las 8, no se lo pierdan",0,sports,label0
Me tiene re preocupado que el viento tire ramas sobre los cables de luz de la entrada de casa,1,weather,label1
La fecha límite del sprint nos está respirando en la nuca y todavía falta testear el módulo,1,work,label1
"Se olvidaron de marchar la ensalada que pedí y mis amigos ya terminaron de comer, me da una impotencia bárbara",1,restaurants,label1
La frustración de trabajar todo el día en el café y no llegar a fin de mes me tiene con una depresión que me cuesta horrores levantarme de la cama,2,restaurants,label2
Llevo un mes postergando tareas críticas porque el solo hecho de abrir el software de gestión me genera náuseas de pura angustia,2,technology,label2
Cada entrega pendiente me hace pensar que desaparecer sería más fácil.,3,university,label3
Me falta escribir las pruebas unitarias y ya es tarde.,1,programming,label1
Con este clima tan cambiante ya no sé qué ponerme.,1,weather,label1
"Paso horas scrolleando el catálogo de streaming de madrugada porque el insomnio me está matando, pero no le doy play a nada",2,movies,label2
"Soy el peor promedio de la generación, una vergüenza para todos, ojalá un accidente me lleve hoy",3,school,label3
"La vergüenza de que me reboten la tarjeta en la fila frente a todos me quebró, no tengo fuerzas para seguir viviendo un día más",3,shopping,label3
"Me cancelaron en Twitter por un clip del juego, mi carrera en internet está muerta y sinceramente ya no quiero vivir",3,gaming,label3
Estoy intentando optimizar una consulta SQL y está tardando demasiado.,1,programming,label1
"El restaurante está cerca del parque, muy buena ubicación.",0,restaurants,label0
probando la webcam nueva para las videollamadas,0,technology,label0
Me preocupa un montón que la tortuga lleve semanas aletargada y no quiera comer ni un pedacito de verdura,1,pets,label1
"Cada vez que cocino pienso en no despertar, ya no quiero estar aquí.",3,cooking,label3
Mi director de tesis espera mucho de mí y siento que desaparecer sería más fácil.,3,university,label3
Quién fue el gracioso que se tomó todo el jugo de naranja y dejó el envase vacío en la heladera??,0,family,label0
El partido se suspendió por el mal clima.,1,weather,label1
"El insomnio me tiene tan desgastado que hasta mirar mi acuario, que antes me daba mucha paz, ahora me irrita sin sentido",2,hobbies,label2
La presión del servicio de la noche me dio un ataque de pánico tan fuerte que entendí que ya no quiero seguir viviendo.,3,restaurants,label3
ese libro de historia me hizo entender mejor el tema de la clase,0,books,label0
"Trabajo en un galpón sin ventilación y este mes de calor extremo me dejó al límite del colapso físico y mental, ya no aguanto un día más así",2,weather,label2
"Mi entrenador abusó de mi confianza y destruyó mi amor por el deporte, estoy tan asqueada de vivir que me voy a despedir hoy",3,sports,label3
Nos faltó estrategia y por eso perdimos.,1,gaming,label1
"A mi edad ya soy un trasto inútil que nadie viene a visitar al geriátrico, dejo esta vida miserable de una vez por todas.",3,family,label3
"El bizcochuelo se me desinfló apenas lo saqué del horno, estuve batiendo claras a nieve media hora al pedo 🤦‍♂️",1,cooking,label1
Olvidé la contraseña de una cuenta y ahora toca recuperarla.,1,technology,label1
Alguien sabe por qué Flutter no me detecta el emulador de Android después de actualizar el SDK?,0,programming,label0
"Le puse aire a las cuatro cubiertas en la estación de servicio, las dejé con 30 libras",0,transportation,label0
"El estrés del laburo me consumió la poca cordura que tenía, ya no quiero saber nada más de algoritmos ni de la vida",3,programming,label3
"Llevo semanas fingiendo que no tengo hambre para que la comida comprada rinda más días para mis hijos, el dolor moral es tremendo",2,shopping,label2
"Mi jefe técnico me humilló en el grupo de Slack de toda la empresa, perdí la dignidad y las ganas de existir",3,technology,label3
Me preocupa que cocinar ya me cueste tanto porque antes lo disfrutaba mucho.,2,cooking,label2
"Compuse una canción sobre mi dolor y ahora no puedo ni escucharla, ya no quiero vivir.",3,music,label3
leyendo manga en el celular durante el viaje en colectivo,0,books,label0
probando distintos generos mientras cocino,0,music,label0
El estacionamiento estaba completo y tuve que buscar otro.,1,transportation,label1
le preste un libro a mi hermana y todavia no me lo devuelve,0,books,label0
"me olvide el cuaderno de mate en casa, que garrón",0,school,label0
"mi hermano se compro un auto nuevo, esta re contento",0,family,label0
El mesero fue muy amable con nosotros.,0,restaurants,label0
"Atropellaron a mi perro frente a mí y no pude hacer nada, la imagen me atormenta tanto que voy a terminar con mi vida para apagarla",3,pets,label3
Pudieron resolver el bug del token que expiraba antes de tiempo en las sesiones de mobile?,0,programming,label0
"Quisiera volver a sentir emoción al jugar, pero desde hace meses solo siento desgaste.",2,gaming,label2
"Le escribí a mi amigo para preguntarle cómo andaba y me respondió con un 'ok' re seco, me quedé pensando",1,friends,label1
Alguien sabe si sigue vigente la alerta meteorológica por ráfagas fuertes para esta noche?,0,weather,label0
"Pongo películas de fondo para silenciar mis pensamientos suicidas, pero ya no me funciona y me rindo.",3,movies,label3
"Soy pastelero y cada pastel me recuerda lo vacío que estoy, ojalá no despertara.",3,cooking,label3
Hace semanas que cualquier plan lo cancelo por estar pendiente de mi mascota.,2,pets,label2
El sistema empezó a actualizarse justo cuando iba a usarlo.,1,technology,label1
mi conejo por fin dejo que lo acaricie,0,pets,label0
Mi jardín necesita más cuidados de los que imaginaba.,1,hobbies,label1
Me preocupa atrasarme en la carrera porque cada vez rindo menos.,2,university,label2
"Miro llover hace dos semanas seguidas y me la paso llorando sin motivo aparente, la falta de luz me tiene la mente totalmente nublada",2,weather,label2
Tengo los labios todos partidos y la piel seca por este viento frío del sur que no afloja,1,weather,label1
Últimamente casi no encuentro tiempo para dibujar.,1,hobbies,label1
"El nerfeo que le metieron al subfusil lo dejó inutilizable, qué manera de arruinar el meta de armas",1,gaming,label1
armando un huerto en el patio de casa,0,hobbies,label0
Llevo semanas sin avanzar en mi maqueta porque simplemente no puedo enfocarme.,2,hobbies,label2
"Pensé que hoy nos juntaríamos, pero surgieron otros planes.",1,friends,label1
Con tantos desvíos y obras llevo semanas sintiéndome completamente saturado.,2,transportation,label2
Quién tiene en pdf la guía de lectura obligatoria para la cátedra de literatura latinoamericana?,0,books,label0
"El tutorial parecía fácil, pero luego todo se complicó.",1,gaming,label1
"El acoso que recibo en mis redes me destrozó la cabeza, voy a terminar con esto hoy mismo",3,technology,label3
Me cuesta mantener la concentración más de unos minutos cuando juego.,2,gaming,label2
"Siento que perdí mi identidad, la música era mi vida entera y ahora mismo escuchar cualquier acorde me parece un esfuerzo inútil",2,music,label2
Desde hace meses termino llorando de la frustración después del trabajo.,2,work,label2
"Qué semana tan intensa, ya necesito un descanso.",1,school,label1
No soporto cuando adaptan un libro que amo a la pantalla grande y le inventan subtramas que no tienen nada que ver,1,movies,label1
Cuidar a mi perro mayor me tiene completamente drenado desde hace semanas.,2,pets,label2
"El calor adentro del aula era insoportable, los chicos no daban más y a mí me costaba horrores dar la clase",1,weather,label1
Se cortó la luz justo cuando estábamos cenando en familia y prendimos velas como en los viejos tiempos,0,family,label0
Hace meses que no logro relajarme porque siempre estoy preocupado por mi perro.,2,pets,label2
Las compras del hogar ya me están afectando hasta en el trabajo porque no logro concentrarme.,2,shopping,label2
Me cuesta decidir cómo terminar este dibujo.,1,hobbies,label1
ese ensayo tiene una prosa bastante dificil de seguir,0,books,label0
No veo ninguna salida desde que me dijeron que no volveré a competir.,3,sports,label3
"Siento que soy invisible para mi familia a menos que necesiten plata o favores, esa soledad me está carcomiendo por dentro",2,family,label2
Se me escapó el perro por el portón cuando entraba el auto y casi me muero del susto hasta que lo alcancé en la esquina,1,pets,label1
"Llevo días aislado por la nieve sin hablar con nadie, mi mente colapsó y ya no quiero seguir respirando.",3,weather,label3
El dueño me grita todos los días y ya no quiero seguir viviendo.,3,restaurants,label3
El control ya me anda fallando y eso no ayuda.,1,gaming,label1
Quería terminar la maqueta este fin de semana y apenas avancé.,1,hobbies,label1
"Todos me ignoran cuando hablo en clase, soy invisible, creo que estar muerto no sería muy diferente a esto",3,school,label3
"Llevo dos meses atascado en el mismo capítulo, la frustración de ver que mi cerebro ya no da más me hace llorar de bronca",2,books,label2
"Meses de encierro por el mal tiempo me dejaron completamente loco y sin esperanza, me despido.",3,weather,label3
Compré un forro transparente para proteger el manual escolar de los chicos para todo el año,0,books,label0
"Me da mucha bronca que mis amigos piensen que no los quiero invitar a cenar, no entienden que el desgano me tiene atrapado hace semanas",2,cooking,label2
El departamento que alquilamos por la aplicación no tiene aire acondicionado y es un horno para dormir,1,travel,label1
"Mis manualidades ya no me distraen, solo me dan ganas de no despertar.",3,hobbies,label3
"Feliz cumple amiga hermosa!! Pasala increíble hoy, a la noche brindamos con todo 🥂",0,friends,label0
Cada ola de calor me acerca más a la idea de no despertar.,3,weather,label3
Qué bronca me dio que cambiaran el lugar del recital a un galpón con acústica pésima donde no se entiende nada,1,music,label1
"Llevo un mes sintiéndome totalmente atrapado por vivir tan lejos de mi trabajo, la distancia me está robando la juventud y la salud",2,transportation,label2
Espero que el profesor acepte la corrección de mi trabajo.,1,university,label1
"El sobreentrenamiento me quemó la cabeza, me despierto con taquicardia pensando en las series de pasadas que no voy a poder aguantar",2,sports,label2
"Me costó un montón engancharme con la prosa poética del ensayo, pero el tema está bueno",0,books,label0
"Me compré una remera vintage en la feria americana re barata, después te paso la dirección del puesto",0,friends,label0
visitando el mercado local para comprar artesanias,0,travel,label0
Hoy me quedo una horita extra adelantando inventario para dejar todo ordenado para el finde,0,work,label0
"Estoy algo estresado con los finales, pero ahí vamos.",1,university,label1
"Siento que el club me consumió la personalidad, si no rindo en la cancha siento que no valgo nada como persona y eso me hunde a diario",2,sports,label2
"Renuncié a mi puesto de bibliotecaria, no tengo fuerzas ni para acomodar un estante, lo mejor es desaparecer",3,books,label3
Tengo que preparar la valija para la feria comercial del fin de semana en Buenos Aires,0,work,label0
"Los libros de autoayuda no me ayudan, sigo queriendo desaparecer.",3,books,label3
El profesor dejó lectura extra y todavía tengo otras tareas.,1,school,label1
Hoy el boss raid estuvo más complicado de lo normal.,1,gaming,label1
"Cada vez que veo a mis amigos felices sin mí, me dan ganas de desaparecer.",3,friends,label3
Qué complicado coordinar horarios con el equipo del proyecto.,1,university,label1
Qué bronca me dio salir acalambrado a los quince del segundo tiempo y mirar el resto desde el banco,1,sports,label1
empezo a granizar de la nada hace un rato,0,weather,label0
Lloro cortando cebollas porque sé que es la única vez que lloro en ese lugar antes de acabar con mi vida,3,cooking,label3
Tuve que cancelar la salida con mis amigos porque me clavaron cuidando a mis primos a último momento 😩,1,family,label1
Ando con dolor de cabeza desde el mediodía por estar corriendo detrás de las entregas,1,work,label1
El glosario del final viene de diez porque usa muchísimos términos en latín y nombres raros,0,books,label0
El ambiente tóxico del juego ya me está afectando más de lo que quisiera.,2,gaming,label2
"Borré la base de datos de los clientes por accidente, soy un inútil y la única salida que veo es dejar de existir",3,technology,label3
la clase de psicologia social estuvo bastante interesante hoy,0,university,label0
Se me crasheó el juego justo antes del punto de guardado y tengo que hacerme toda la mazmorra de vuelta 😩,1,gaming,label1
Dejé la liquidación de sueldos lista para que la revise tesorería mañana a primera hora,0,work,label0
Estoy leyendo un libro excelente y aun así siento que no logro disfrutarlo.,2,books,label2
Me cuesta enfocarme en el trabajo porque siempre estoy pensando en mi perro.,2,pets,label2
Estoy tan cansado emocionalmente que hasta trabajar se volvió difícil.,2,family,label2
"Desde que me despidieron siento que mi vida perdió el rumbo, ya no quiero seguir.",3,work,label3
"Traté de ir a merendar sola para despejarme pero a los diez minutos me tuve que ir, la apatía que siento es tan grande que me asusta",2,restaurants,label2
Me siento invisible en la empresa y creo que nadie notaría si ya no estuviera.,3,work,label3
"El silencio de la biblioteca me aturde, me hace pensar en lo sola que estoy y en que nadie notaría si desaparezco hoy",3,books,label3
"jugamos el torneo del server, quedamos en semifinal",0,gaming,label0
"Dejé las ollas sucias en la bacha porque sé que mañana ya no las voy a tener que lavar, me voy para siempre",3,cooking,label3
"Nos apuraron para levantar los platos porque necesitaban liberar la mesa para el segundo turno, qué momento incómodo",1,restaurants,label1
"Estoy haciendo las tareas por obligación, pero ya no logro enfocarme.",2,school,label2
"Llevo meses levantándome con náuseas de solo pensar en entrar a la fábrica, ya no sé qué hacer con esta angustia",2,work,label2
"Me asaltaron en el colectivo otra vez, vivo con un pánico que me asfixia y la única salida que veo es la muerte",3,transportation,label3
la libreria del centro tiene descuentos esta semana,0,books,label0
Me agobia ver la pila de lecturas de la facultad acumulándose en el escritorio y sentir que no doy abasto,1,books,label1
La lectura era mi pasión y ahora es un recordatorio de lo vacío que estoy.,3,books,label3
"Ya no puedo con esta presión constante, siento que no vale la pena vivir.",3,programming,label3
"Antes disfrutaba aprender, ahora abrir un PDF me pesa demasiado.",2,university,label2
"Acabo de borrar todo el material que grabamos para el largometraje, lo arruiné por completo y me voy a quitar la vida.",3,movies,label3
subiendo a la montaña temprano para evitar el calor,0,travel,label0
"El clima cambiante me tiene completamente desordenado, ya ni sigo mis rutinas.",2,weather,label2
Estoy tan agotado del trabajo que la idea de no despertar mañana me da muchísima paz,3,work,label3
Mi playlist ya me aburrió y no sé qué agregarle.,1,music,label1
Cada mensaje sin respuesta me convence más de que no merezco seguir.,3,friends,label3
Bajé los gráficos de ultra a medio para que me tire 60 fps estables en las zonas con mucha vegetación,0,gaming,label0
"Siento que el colegio es una cárcel de la que no puedo salir, a menos que deje de vivir",3,school,label3
Terminamos armando un clan nuevo entre los del grupo para jugar torneos de fin de semana,0,gaming,label0
"Mis hijos me culpan por todo y siento que soy una carga, prefiero desaparecer.",3,family,label3
"Atender mesas se volvió una tortura, ya no le veo sentido a nada.",3,restaurants,label3
"El granizo me arruinó la siembra y ahora cada vez que se nubla siento una desesperación que me hace temblar entero, la presión me asfixia",2,weather,label2
mi hija me pidio ayuda con un proyecto del cole,0,family,label0
Avisale a los chicos que los paso a buscar en el auto a las ocho para ir juntos a la facultad,0,transportation,label0
"Hice una ensalada fresca con rúcula, tomates cherry, queso parmesano y vinagreta de mostaza",0,cooking,label0
Ya van meses de tratamientos para mi gato y siento que cada día estoy más agotado.,2,pets,label2
El asistente de voz se activa solo a cada rato con cualquier ruido de la tele y me interrumpe lo que hago,1,technology,label1
"Intento leer para distraerme, pero termino pensando en todo menos en el libro.",2,books,label2
"Las deudas por mi consumismo me tienen ahogado, soy un estorbo para mis papás y voy a dejar de ser un problema definitivamente",3,shopping,label3
Llevo semanas descuidando mis comidas y el estudio por quedarme intentando remontar una racha perdedora que me está enfermando,2,gaming,label2
Desde que me mudé siento que mantener mis amistades me supera emocionalmente.,2,friends,label2
"Hace semanas que la ansiedad no me deja sentarme en la silla ergonómica, me paro, doy vueltas y no puedo codear nada",2,programming,label2
"Últimamente siento que mantengo mis amistades por pura obligación, fingir que estoy bien cuando los veo me drena la poca energía que tengo",2,friends,label2
Papá por fin arregló la persiana del comedor que estaba trabada desde el mes pasado,0,family,label0
"Cancelé la cena de cumpleaños, hace un mes que pisar un patio de comidas me genera náuseas y unas ganas incontrolables de llorar",2,restaurants,label2
"Mis amigos me dejaron sola en el peor momento, ya no quiero vivir.",3,friends,label3
"Mañana arranca la beta abierta del juego de pelea, toca probar a todos los personajes nuevos",0,gaming,label0
"Me reemplazaron por una inteligencia artificial en el trabajo y mi carrera se acabó, ya no le veo sentido a seguir vivo",3,technology,label3
Llevo un buzo con capucha en la mochila por si refresca a la salida del cine,0,weather,label0
"La sobrecarga de tareas me tiene paralizado, tengo diez proyectos atrasados y una angustia que no me deja respirar",2,work,label2
"El taller de carpintería está cerrado, igual que mis ganas de salir adelante, les pido perdón pero me voy a matar.",3,hobbies,label3
"Antes leía todas las mañanas con el mate, hace semanas que me levanto tan desganado que a duras penas me preparo algo caliente",2,books,label2
"Me la paso evitando llamadas de cobranza, ya no quiero vivir con esto.",3,shopping,label3
"Hace semanas intento volver a practicar canto, pero me cuesta muchísimo mantener el ánimo.",2,music,label2
"Me amenazaron con demandarme por la brecha de datos en la nube, estoy aterrorizado y mi única escapatoria es morirme",3,technology,label3
Últimamente siento que hago mis hobbies por costumbre y no porque los disfrute.,2,hobbies,label2
"Los gatitos aprendieron a trepar la cortina del living, toca bajarlos a cada rato con paciencia",0,pets,label0
"Cada semana digo que me voy a acostumbrar al calor, pero solo termino más cansado.",2,weather,label2
Mi hermano se colgó con pagar su parte de los servicios y ahora tenemos que cubrirlo entre los demás,1,family,label1
Cada nueva tecnología que tengo que aprender se siente imposible con el cansancio que traigo.,2,programming,label2
Prefiero escuchar los discos completos de punta a punta antes que temas sueltos en aleatorio,0,music,label0
Hace dos meses que vengo postergando la refactorización porque el solo hecho de clonar el proyecto me paraliza de miedo,2,programming,label2
"Quería comprar frutas, pero varias ya se habían acabado.",1,shopping,label1
Tengo que andar esquivando goteras en el depósito del trabajo porque el techo filtra por todos lados,1,weather,label1
"Qué garrón cuando te recomiendan una película hasta el cansancio, la ponés con mil expectativas y resulta ser malísima",1,movies,label1
El gato sigue escondido desde que llegó la visita.,1,pets,label1
La tienda online me mandó un mail cancelando mi pedido por falta de stock después de habérmelo confirmado,1,shopping,label1
Hoy hubo demasiadas llamadas de clientes molestos.,1,work,label1
"El sol no sale hace un mes y yo tampoco tengo luz adentro, mi decisión de irme ya está tomada.",3,weather,label3
Dejé el coche en el lavadero para que le hagan limpieza de tapizados y chasis completo,0,transportation,label0
"probamos el nuevo lugar de sushi del barrio, muy recomendable",0,restaurants,label0
Me angustia pensar que si no le dedico al menos dos horas diarias al instrumento voy a perder técnica,1,music,label1
Hoy la biblioteca estaba llena y casi no encontré lugar.,1,books,label1
Últimamente no puedo concentrarme leyendo o trabajando porque siempre pienso en mi mascota.,2,pets,label2
el amanecer de hoy estuvo hermoso desde mi ventana,0,weather,label0
"Ayer me dio una crisis de angustia tremenda en la sala de espera del hospital veterinario, siento que ya no tengo de dónde sacar fuerzas",2,pets,label2
el viento hoy esta bastante fuerte para andar en bici,0,weather,label0
aprovechando las rebajas de fin de temporada,0,shopping,label0
Cada competencia me deja pensando durante días en todo lo que hice mal.,2,sports,label2
comparando reseñas antes de comprar el electrodomestico,0,shopping,label0
"Me tiene agotado tener que pensar todos los días qué cocinar para el mediodía y la noche, no se me cae una idea",1,cooking,label1
Últimamente entro a clase y mi cabeza simplemente no logra concentrarse.,2,university,label2
"Las guardias en el hospital me destruyeron por dentro, ya no quiero salvar vidas ni seguir con la mía",3,work,label3
"La masa madre fermentó re bien con este calor, mañana temprano horneo dos panes de campo",0,cooking,label0
"Cada día salgo más temprano y aun así llego tarde, eso ya me tiene muy desgastado.",2,transportation,label2
Hoy me tocó cuidar a los niños mientras los demás salían.,1,family,label1
"La letra de esta edición de bolsillo es diminuta, me arden los ojos de forzar la vista después de leer diez minutos",1,books,label1
Tuvimos un malentendido re tonto con mi suegra y ahora el ambiente está re frío entre nosotros,1,family,label1
"Soy una madre soltera y siento que les arruino la vida a mis niños, ojalá no despertara.",3,family,label3
El pronóstico decía sol y terminó cayendo un aguacero.,1,weather,label1
"Se me rompió la cuerda de saltar en medio del calentamiento, voy a tener que comprar una de acero",0,sports,label0
Hace meses que no puedo concentrarme en mi trabajo por estar calculando en la cabeza cómo estirar la plata para las compras del mes,2,shopping,label2
"Siento una tristeza gris y pesada que me invade cada vez que me siento a programar, la fatiga de pantalla me apagó por completo",2,technology,label2
Pagué con código QR desde la billetera virtual y me reintegraron el quince por ciento al toque,0,shopping,label0
me toca rendir el oral de derecho penal mañana,0,university,label0
"Trabajar de madrugada y cursar a la mañana me vació por completo, ojalá Dios me lleve pronto porque yo me rindo",3,university,label3
desbloquee la skin nueva del evento especial,0,gaming,label0
"necesito una campera para esta noche, refresca bastante",0,weather,label0
"Mi proyecto de DIY quedó a medias, igual que mis ganas de seguir.",3,hobbies,label3
Estoy revisando la documentación porque me perdí con la configuración.,1,programming,label1
"Ayer borré sin querer una rama entera por culpa del embotamiento mental que tengo, me temblaban las piernas del susto",2,programming,label2
"jugamos el clasico del barrio, quedo empatado",0,sports,label0
invite a los chicos a la parrillada del sabado,0,friends,label0
El veterinario me cobró una fortuna por la consulta de urgencia y encima tengo que comprarle tres remedios carísimos,1,pets,label1
Nos trajeron la cuenta con un montón de conceptos raros que no supieron explicarnos con claridad,1,restaurants,label1
comparando cual tarjeta me conviene usar para la compra,0,shopping,label0
Estoy tratando de organizar mejor mis horarios para cumplir con todo.,1,school,label1
Ando con los ojos re irritados por la polvareda que levantó el viento norte esta tarde,1,weather,label1
"Llevo un mes sintiéndome un extraño en este pueblo nuevo, la falta de una red de apoyo me tiene al borde de la desesperación",2,travel,label2
"Perdimos por segundos, estuvo muy cerca.",1,gaming,label1
Siempre regreso por las enchiladas de ese lugar.,0,restaurants,label0
El tráfico diario me deja tan cansado que apenas puedo concentrarme en mis pendientes.,2,transportation,label2
"Tengo la cámara de fotos guardada hace semanas, salgo a caminar pero ya no le veo belleza a nada",2,hobbies,label2
Me da mucha inseguridad presentar el caso clínico frente a los médicos de planta en el hospital,1,university,label1
Últimamente atender mesas me genera una ansiedad que antes no sentía.,2,restaurants,label2
Cada entrevista fallida me acerca más a creer que sería mejor no estar.,3,work,label3
El coro tiene una armonía que todavía no me sale.,1,music,label1
me olvide de comprar leche otra vez,0,shopping,label0
"Atender mesas me volvió invisible, a nadie le importo y si muero hoy nadie en el local lo notaría.",3,restaurants,label3
Hoy salí del trabajo pensando que desaparecer sería más fácil.,3,work,label3
Escuchar canciones felices en la radio del trabajo me genera un contraste tan duro con mi realidad que me encierro en el baño a respirar,2,music,label2
Hoy no tuve tiempo de terminar el último episodio.,1,movies,label1
Las clases me dejan tan agotado que ya ni ganas tengo de hacer mis hobbies.,2,school,label2
"No tengo energía para asistir a clases, siento que todos estarían mejor sin mí.",3,university,label3
"Mi hijo me pidió comida y no tuve fuerzas, mejor desaparezco.",3,cooking,label3
El proyecto universitario tiene demasiados requisitos.,1,programming,label1
"Siento una culpa que me asfixia por no poder darle una vida mejor a mis hijos, lloro a escondidas en el baño casi todas las noches",2,family,label2
El ventilador ya no se da abasto con este calor.,1,weather,label1
Olvidé comprar el ingrediente principal y tuve que improvisar.,1,cooking,label1
Le compré una pelota que chilla al salchicha y lleva dos horas jugando sin parar en el pasillo,0,pets,label0
El pedido para llevar tardó más de lo esperado.,1,restaurants,label1
Cada vez que entro al chat del juego termino de peor humor y eso ya es casi diario.,2,gaming,label2
me anote en la olimpiada de matematica,0,school,label0
"La tela de la remera que compré por internet es re fina y transparente, nada que ver a la foto del catálogo",1,shopping,label1
Espero que la presentación salga bien mañana.,1,school,label1
"El trayecto diario ya me está consumiendo, llego sin energía para hacer cualquier otra cosa.",2,transportation,label2
"La competencia en este colegio privado me volvió loco, no soy perfecto y prefiero dejar de existir a seguir fallando",3,school,label3
Me cuesta mantener la atención durante toda una función y eso nunca me había pasado.,2,movies,label2
Estoy algo frustrado porque no logro subir de división.,1,gaming,label1
El tren de cercanías viene con diez minutos de demora por problemas técnicos en las vías,0,transportation,label0
Quién se copa para armar grupo de estudio en la biblioteca del piso tres después del mediodía?,0,university,label0
Los problemas familiares no me dejan concentrarme en el trabajo desde hace semanas.,2,family,label2
Últimamente empiezo cualquier proyecto creativo y lo abandono rápido.,2,hobbies,label2
"Me quedé con un sabor re amargo con el final de temporada, arruinaron la evolución de mi personaje favorito",1,movies,label1
"Me siento un completo inútil, ayer se me quemó el arroz por quedarme tildado mirando la pared envuelto en esta tristeza que no se va",2,cooking,label2
Salió un remix electrónico de ese clásico de los ochenta que quedó re bailable,0,music,label0
encontre una edicion vieja de mi libro favorito,0,books,label0
"Llevo semanas aguantando los malos tratos de mi mamá porque no tengo adónde ir, me está destruyendo la autoestima día a día",2,family,label2
Estoy tan agotado con este código que ya no quiero vivir así.,3,programming,label3
El pelotón de ciclistas salió puntual a las siete de la mañana rumbo a la autopista,0,sports,label0
"compre tres libros hoy, no me pude resistir",0,books,label0
"mi compañero renuncio, vamos a extrañarlo en el equipo",0,work,label0
Me da cosa consultar tantas dudas sobre el puesto nuevo pero no quiero meter la pata,1,work,label1
"Escuché una canción que hablaba de rendirse y sentí que era mía, ya no quiero seguir.",3,music,label3
El trabajo en equipo está difícil porque nadie responde en el grupo.,1,school,label1
toda la familia se junto para el asado del domingo,0,family,label0
Desde hace semanas pongo una película y a los veinte minutos ya estoy completamente desconectado.,2,movies,label2
"Renuncié al grupo de senderismo, mi cuerpo no da más de la tristeza y hoy voy a apagar mi luz.",3,hobbies,label3
Ya no disfruto programar como antes porque siempre estoy bajo presión y agotado.,2,work,label2
"Hicieron un video burlándose de cómo juego y se hizo viral en TikTok, no soporto la vergüenza, me despido de todos",3,gaming,label3
Me da pánico abrir los canales de soporte de la empresa porque sé que hay bugs míos y me siento completamente acorralado,2,programming,label2
"Cocinar para otros mientras yo paso hambre y deudas me destrozó, hoy apago el horno y apago mi vida.",3,restaurants,label3
"La música ya no me sirve como escape, paso horas con Spotify abierto scrolleando sin darle play a nada de la fatiga mental que manejo",2,music,label2
"Ayer me quedé en blanco en la mitad de la exposición frente a toda la clase, la ansiedad me cortó la voz y no dejo de mortificarme",2,university,label2
"terminando la presentacion para mañana, ya casi",0,work,label0
Se largó a caer granizo de golpe y me desesperé buscando cartones para taparle el techo al auto,1,weather,label1
Pedí una campera de abrigo para el viaje de este viernes y el seguimiento dice que llega recién el martes que viene 😩,1,shopping,label1
Espero que mañana todo salga más tranquilo con el itinerario.,1,travel,label1
Tengo que trabajar doble turno para pagar el tratamiento de mi papá y siento que el cuerpo me va a fallar en cualquier momento,2,family,label2
"Mi familia me usó y luego me tiró, ya no veo ninguna salida.",3,family,label3
"Estoy harto de la toxicidad del competitivo y de mi propia depresión, ojalá me duerma esta noche y no me despierte más",3,gaming,label3
"Salgo del turno con la cabeza hecha un lío, pero mañana sigo.",1,work,label1
"Ando re fastidioso con esta ola de calor, no tengo energía ni para levantarme del sillón a cocinar",1,weather,label1
"Qué bronca me da que los del grupo no manden su parte de la diapositiva, siempre termino emparchando todo solo",1,university,label1
Quién se encarga de pedir las empanadas para el almuerzo del equipo? Yo pongo para la gaseosa,0,work,label0
Siento que vivo preocupado por el trabajo desde hace meses y eso ya afecta mi descanso.,2,work,label2
"escuchando el disco completo de principio a fin, algo que ya no hago tanto",0,music,label0
Llevo meses tratando de mantener la paz en mi casa y ya me siento completamente agotado.,2,family,label2
"Llevo tres meses viviendo de hotel en hotel por trabajo y ya no sé ni en qué ciudad me despierto, siento un vacío enorme",2,travel,label2
Llevo semanas intentando organizar tantas plataformas que ya no puedo concentrarme bien.,2,technology,label2
"El desgaste de viajar tres horas a la facultad todos los días me sacó las ganas de vivir, estoy listo para terminar todo",3,university,label3
Qué bronca perder tres horas farmeando materiales raros en el server survival para que caiga un clan y me raidee,1,gaming,label1
Llevo semanas ignorando el chat del grupo porque no tengo ánimo para participar.,2,friends,label2
"Puse un marcapáginas en la mitad del capítulo, no voy a terminarlo porque hoy decido apagar mi luz",3,books,label3
Me cuesta muchísimo concentrarme cuando intento leer para la universidad.,2,books,label2
"Subieron el precio de la cafetera casi diez lucas de un día para el otro, me quiero matar por no comprarla antes",1,shopping,label1
"Quedamos para merendar el martes que viene entonces, ya me lo agendé en el calendario!",0,friends,label0
Ya quiero que termine este semestre 😅,1,university,label1
"Cada vez que me toca doblar turno siento que me hundo en un pozo sin salida, la fatiga crónica me quitó todas las ganas de salir adelante",2,restaurants,label2
Dejé todos mis proyectos de carpintería a la mitad porque siento que ya no tiene sentido seguir.,3,hobbies,label3
"El rechazo de mi guion me hizo tocar fondo, mi sueño murió y yo quiero irme con él.",3,movies,label3
Llevo tanto tiempo sintiéndome agotado que ni una buena historia logra engancharme.,2,movies,label2
"El ciberacoso cruzó el límite y amenazan a mi familia, voy a desaparecer para protegerlos",3,technology,label3
"Tengo miedo de no pasar el período de prueba en este laburo, me autoexijo demasiado",1,work,label1
"La lectura ya no me salva, solo quiero que este capítulo termine para siempre.",3,books,label3
"No alcancé ni a almorzar tranquilo, tuve que comerme un sánguche rápido entre llamada y llamada",1,work,label1
"Che miren este reel de recetas, el próximo sábado cocinamos hamburguesas caseras en mi patio",0,friends,label0
"Mis canciones hablaban de esperanza y ahora no me las creo, ya no quiero estar.",3,music,label3
La sala del cine estaba llena y había mucho ruido.,1,movies,label1
Llevo semanas con el estómago cerrado por la ansiedad de los despliegues de software fallidos que no me dejan respirar en paz,2,technology,label2
Esta semana ha estado pesada con tantos entrenamientos seguidos.,1,sports,label1
leyendo el libro de la pelicula antes de verla,0,books,label0
El restaurante acepta pagos con tarjeta y efectivo.,0,restaurants,label0
me olvide el cargador de la notebook en casa,0,work,label0
"Cada vez que cancelo un plan con mis amigos me siento peor, pero sigo sin poder asistir.",2,friends,label2
Qué pesada estuvo la sesión de gimnasio 😅,1,sports,label1
Miro el mapa antes de salir y ver las líneas rojas de congestión me genera un nudo en el estómago que me quita el apetito por completo,2,transportation,label2
"Mi familia me dio dinero para la despensa y lo gasté en compras por internet, soy una basura que no merece seguir respirando",3,shopping,label3
Desde hace meses llego a casa sin ganas de hablar con nadie después del restaurante.,2,restaurants,label2
Hoy la sesión de fotografía no salió como esperaba.,1,hobbies,label1
"Qué desgaste pasar cuatro días seguidos durmiendo en camas incómodas de hoteles diferentes, extraño mi almohada",1,travel,label1
La inundación se llevó a mi familia y ahora solo quiero irme con ellos.,3,weather,label3
"Quiero conocer más gente, pero me da un poquito de pena al principio.",1,friends,label1
Se me secó la masa para modelar antes de poder terminar los detalles de la escultura miniatura,1,hobbies,label1
el pronostico anuncia lluvias para el fin de semana,0,weather,label0
"Hace dos meses que no duermo bien pensando en que voy a perder la beca, vivo con taquicardia constante",2,school,label2
El teclado dejó de responder por un momento.,1,music,label1
"El modelismo me apasionaba y ahora siento que soy una carga, mejor desaparezco.",3,hobbies,label3
Cada película que empiezo termina siendo otra que abandono sin terminar.,2,movies,label2
"La indiferencia de mis amigos duele más que mil insultos, ya no tengo fuerzas para seguir intentando conectar.",3,friends,label3
"El vuelo de regreso fue agotador, entre las escalas y las demoras tardamos casi treinta horas en llegar a casa",1,travel,label1
Le armamos un circuito de tubos de plástico al hamster para que recorra la jaula,0,pets,label0
"Programar era mi sueño, ahora siento que mi vida ya no tiene sentido.",3,programming,label3
"El desgaste emocional de lidiar con las quejas de los comensales me dejó sin empatía, estoy seco por dentro y muy deprimido",2,restaurants,label2
"Paso días enteros encerrado en mi pieza iluminado solo por la luz azul del monitor, sintiéndome una sombra vacía sin rumbo",2,technology,label2
"La traición de mi mejor amigo me dejó secuelas re heavys, no puedo confiar en nadie nuevo y vivo a la defensiva, re paranoico",2,friends,label2
La propina quedó incluida en la cuenta.,0,restaurants,label0
"Intenté escribir una nota de despedida bonita pero ni para eso sirvo, soy un fracaso total",3,books,label3
"La irregularidad de los colectivos me tiene con taquicardia constante, vivo con el terror permanente de que me echen del trabajo por llegar tarde",2,transportation,label2
Hoy me tocó atender varias mesas durante mi turno.,0,restaurants,label0
No me compila el módulo en C++ porque falta enlazar la biblioteca compartida en el CMakeLists,0,programming,label0
reservamos terraza para cenar al aire libre,0,restaurants,label0
"Mis amigos del gremio gastronómico me dieron la espalda, la soledad en esta profesión me está matando.",3,restaurants,label3
Me cuesta avanzar en la tesis con tantas otras materias.,1,university,label1
"Sin mi gato el departamento es una tumba, así que hoy me voy a asegurar de que yo también esté bajo tierra",3,pets,label3
"Me da bronca que cancelen el viaje de Uber cuando el chofer estaba a una cuadra de levantarme, qué falta de respeto",1,transportation,label1
vamos a la casa de fede a ver la serie nueva,0,friends,label0
Me comí tremendo spoiler del final de la serie en Twitter y ahora se me fueron todas las ganas de verla,1,movies,label1
Ni siquiera la fotografía consigue despejarme últimamente.,2,hobbies,label2
Cada vez que llega un torneo empiezo a dormir peor desde varios días antes.,2,sports,label2
Ser estudiante foráneo está siendo mucho más difícil de lo que imaginaba.,2,university,label2
"No encuentro fuerzas después de perder a mi perro, solo quiero desaparecer.",3,pets,label3
La cabaña que reservamos en el bosque tiene estufa a leña y una parrilla en el jardín,0,travel,label0
"Me hackearon el home banking por descargar un software pirata, arruiné mi futuro y voy a acabar con mi vida",3,technology,label3
"Perdí a mi hijo y desde entonces solo quiero estar con él, ya no quiero vivir.",3,family,label3
El acoso laboral terminó por quitarme toda esperanza.,3,work,label3
"Estoy lejos de todos y nadie me busca, ya no quiero seguir viviendo.",3,travel,label3
"Siento que mi vida es un libro aburridísimo que nadie quiere leer, es hora de cerrarlo definitivamente",3,books,label3
"Me aislé por completo de todos en el curso, no tengo ganas de hablar ni de fingir que no estoy pasándola mal",2,school,label2
Llevamos casi una hora esperando la comida.,1,restaurants,label1
Cada día en la facultad me hace pensar que desaparecer sería lo mejor.,3,university,label3
Entre el trabajo y la escuela casi no tengo tiempo para jugar.,1,gaming,label1
Compré una libreta cosida con hojas gruesas de 200 gramos para que no traspase la tinta al escribir,0,hobbies,label0
el personaje principal de esta novela es my raro pero me gusta,0,books,label0
"Se me echaron a perder todas las verduras que compré hace dos semanas, no logro juntar la energía mental para lavar y cortar nada",2,cooking,label2
"No tengo fuerzas ni para agarrar las agujas de tejer, el agotamiento me ganó y voy a dejar de existir hoy mismo.",3,hobbies,label3
Llevo semanas sin poder dormir bien antes de los partidos.,2,sports,label2
el ensayo de la banda se extendio hasta tarde,0,music,label0
"Llevo semanas fingiendo que la estoy pasando increíble de viaje para no preocupar a mi mamá, pero por dentro me siento quebrado",2,travel,label2
"Tiré a la basura mis herramientas de cuero, mi pasión desapareció y mis ganas de vivir también.",3,hobbies,label3
Tengo una sensación constante de invasión en mi propia casa porque la oficina virtual me persigue hasta en la cama con el teléfono,2,technology,label2
Compré cosas que ni usé y ahora siento que no merezco seguir adelante.,3,shopping,label3
Dejé mis proyectos de manualidades a medias porque siento que ya no tiene sentido seguir.,3,hobbies,label3
"Me cuesta mucho conectar con la música como antes, llevo meses sintiéndome así.",2,music,label2
"La banda sonora es una obra de arte, sobre todo el tema del violín en los créditos",0,movies,label0
Ya casi no hago actividades al aire libre porque siempre hace un clima insoportable.,2,weather,label2
El estrés constante me está haciendo olvidar cosas importantes durante la jornada.,2,work,label2
probando una receta nueva de pan integral,0,cooking,label0
Me dio mucha rabia que suspendieran la gira por problemas de logística después de esperar meses para verlos,1,music,label1
Llevo tanto tiempo resolviendo problemas técnicos que termino sin energía para otras cosas.,2,technology,label2
Me frustra un huevo que la comida no me quede ni parecida a las fotos de las recetas que sigo en internet,1,cooking,label1
Estoy aprendiendo en la escuela nueva y todavía me adapto.,1,school,label1
"Qué final épico que tuvo esa partida de Rocket League, ganamos en tiempo extra con gol de rebote",0,gaming,label0
Me cuesta muchísimo enfocarme cuando intento depurar errores.,2,programming,label2
Espero que después de reiniciar todo vuelva a funcionar bien.,1,technology,label1
"Cada notificación de error en la consola me detona una crisis de angustia en el pecho, no tolero más esta presión psicológica",2,programming,label2
"Mamá, perdón por ser la decepción de la casa, te prometo que desde mañana ya no vas a sufrir por mí.",3,family,label3
"Miro las medallas colgadas en la pared de mi pieza y no siento orgullo de nada, solo un vacío enorme y un cansancio que me ahoga",2,sports,label2
"Terminé el turno de la guardia sin ningún paciente complicado, me voy directo a dormir",0,work,label0
por fin arregle ese bug que me tuvo toda la mañana,0,programming,label0
"Se me doblaron varias hojas de una edición importada porque la metí a la fuerza en la mochila cargada, qué dolor",1,books,label1
la ultima novela de ese autor no me convencio tanto,0,books,label0
"La presión de tener que cumplir con una dieta sana me detonó un estrés crónico, lloro cada vez que tengo que pesar las porciones de comida",2,cooking,label2
Llevo meses sintiendo culpa después de comprar incluso cosas necesarias.,2,shopping,label2
"Hace semanas que la tristeza por el estado de salud de mi mascota me quitó las ganas de arreglarme, de comer y de salir de la cama",2,pets,label2
Che quién rinde libre la mesa de marzo de contratos? Para comparar el programa,0,university,label0
"Perdí el gusto por la comida y por la vida, solo quiero desaparecer.",3,cooking,label3
El mapa me marcó una ruta cerrada.,1,travel,label1
No pude salvar a mi conejo y siento que ya no tiene sentido vivir así.,3,pets,label3
"Miro el monitor y las letras parecen bailar, no puedo procesar un solo log de errores de tanta fatiga mental acumulada",2,programming,label2
"Ya no aguanto el hostigamiento en la oficina, siento que despedirme de este mundo es mi única opción",3,work,label3
Desde hace meses llego a clases completamente agotado.,2,school,label2
"Me da terror abrir el correo a la mañana, siento que en cualquier momento colapso frente a mis compañeros de trabajo",2,work,label2
"la impresora no anda, capaz hay que cambiar el cartucho",0,technology,label0
Últimamente prefiero quedarme solo aunque sé que me estoy aislando de mis amigos.,2,friends,label2
"Cada rincón me recuerda a mi perrita, siento que ya no vale la pena seguir.",3,pets,label3
Me quedé hasta las dos de la mañana terminando el informe de laboratorio y siento los ojos secos,1,school,label1
Me preocupa un poco la competencia del fin de semana.,1,sports,label1
Se me volcó el comedero de las aves y el loro se asustó tanto que se arrancó un par de plumas de las alas,1,pets,label1
Desde hace meses cocinar para mi familia me deja sin energía para el resto del día.,2,cooking,label2
"Toco el acordeón para ganarme la vida y ya no aguanto, ojalá no despertara.",3,music,label3
Las tortillas se rompían y ya me estaba desesperando un poco.,1,cooking,label1
"Lloré todo el turno limpiando la sala de cine, soy un fracasado y lo mejor es que ya no esté acá.",3,movies,label3
"Ya no puedo soportar otra competencia, siento que desaparecer sería más fácil.",3,sports,label3
armando el readme del repo antes de compartirlo,0,programming,label0
mi abuela guarda todas las cartas viejas de la familia,0,family,label0
Me preocupa tanto gastar de más que hasta decidir entre dos productos me cuesta muchísimo.,2,shopping,label2
"Renuncié hoy porque el estrés de DevOps me estaba matando, pero ahora me doy cuenta de que la vida entera ya no tiene sentido para mí",3,programming,label3
jugando en discord mientras hablamos de cualquier cosa,0,gaming,label0
Cada conversación sobre los problemas familiares me deja más agotado.,2,family,label2
"Las deudas del restaurante de mariscos me taparon la cabeza, ya no hay milagro que nos salve, me voy con ellas.",3,restaurants,label3
"Siento que soy una farsa andante, todo el código que copio no sirve para tapar lo inútil que soy, adiós para siempre",3,programming,label3
armando un playlist retro con canciones de los 80,0,music,label0
"El chef me humilló frente a todo el personal de cocina, no tengo dignidad ni ganas de seguir respirando",3,cooking,label3
mi abuela vino a quedarse unos dias con nosotros,0,family,label0
"El granizo destrozó los invernaderos, estoy arruinado financieramente y no pienso seguir sufriendo esto.",3,weather,label3
Me cuesta tanto concentrarme que termino retrasándome más y eso solo empeora todo.,2,work,label2
"Me despidieron y sigo comprando como si nada porque no sé hacer otra cosa, mi mente está rota y la única paz que veo es la muerte",3,shopping,label3
"Leo el mismo párrafo veinte veces seguidas y a los dos segundos me olvido de todo, siento que perdí por completo la concentración",2,books,label2
"El clima extremo me superó, ya no quiero seguir viviendo.",3,weather,label3
"El final me dejó recalculando, no me esperaba ese giro de tuerca con el protagonista",0,movies,label0
Mi papá se enojó porque no quiero seguir con el negocio familiar y la charla se puso bastante pesada,1,family,label1
Llevo semanas llegando al trabajo sin energía y ya ni me concentro como antes.,2,work,label2
"Soy profesor de literatura y ya no soporto fingir que todo está bien, ojalá no despertara.",3,books,label3
Cada recibo de compra me deja con una preocupación que dura días.,2,shopping,label2
Los fines de semana en el restaurante me dejan sin fuerzas durante días.,2,restaurants,label2
ese libro de no ficcion tiene datos que no conocia,0,books,label0
comparando precios de supermercados antes de hacer las compras,0,shopping,label0
toda la familia se junto para ver las fotos viejas,0,family,label0
El almacenamiento en la nube dice que ya no tengo espacio.,1,technology,label1
probando una receta de tarta salada para la cena,0,cooking,label0
"Ayer entregué mi último proyecto sabiendo que está mal, ya no me importa nada, solo quiero dormir y no volver a despertar",3,university,label3
Me da mucha inseguridad mostrar mis ilustraciones digitales porque siento que el coloreado es re plano,1,hobbies,label1
Intento leer de noche para calmar la ansiedad pero la cabeza me va a mil por hora y termino cerrando el libro con más nervios,2,books,label2
Armar maquetas era mi pasión y ahora siento que todos estarían mejor sin mí.,3,hobbies,label3
Compré dos kilos de duraznos maduros en oferta para preparar mermelada casera en frascos,0,cooking,label0
comprando souvenirs para llevar a la familia,0,travel,label0
conocimos gente nueva en el bar de siempre,0,friends,label0
Pudieron ver la escena post créditos o se levantaron apenas prendieron las luces de la sala?,0,movies,label0
Me costó seguir la historia porque había demasiados personajes.,1,movies,label1
El cielo lleva todo el día gris y ya quiero que salga el sol.,1,weather,label1
toda la familia ayudo a pintar la casa de mis papas,0,family,label0
Últimamente me siento tan desconectado de todo que los personajes de las películas me parecen más reales que mi propia vida,2,movies,label2
Ando con dolor de cabeza de tanto buscar en foros una solución para este error genérico de windows,1,technology,label1
Avisale al técnico de la empresa de internet que la luz PON del módem sigue titilando en rojo,0,technology,label0
Siento que después de tantos semestres en la universidad ya no vale la pena seguir.,3,university,label3
"Estudié actuación y ahora trabajo de mesero, siento que fracasé, ojalá no despertara.",3,movies,label3
"Siento que mi familia estaría mejor si yo ya no estuviera, solo les causo problemas.",3,family,label3
Me compré un casco cerrado homologado para andar más seguro en la ruta con la moto,0,transportation,label0
Quiero terminar la maqueta antes del viernes.,1,school,label1
"Mi carrera como boxeador está terminada por el desprendimiento de retina, no sirvo para nada más y me quiero morir",3,sports,label3
"El entrenador me dijo que soy un inútil, mi vida era el básquet y sin eso no veo ninguna salida más que morir",3,sports,label3
"Siento que todos estarían mejor sin mí, incluso quienes aplaudían mis conciertos.",3,music,label3
me llego por fin el carnet de la biblioteca,0,books,label0
"Me reí por última vez comiendo con mis amigos, ahora me encierro a escribir mi despedida",3,cooking,label3
fuimos a un restaurante nuevo y la comida estaba buenisima,0,restaurants,label0
Estoy tardando el triple en terminar cualquier lectura.,2,books,label2
Alguien tiene el pdf del libro de microeconomía de Varian para pasar por acá?,0,university,label0
No dejo de pensar en si mi gato estará bien cuando salgo de casa.,2,pets,label2
"Hace semanas que juego con las luces apagadas sintiéndome invisible y miserable, sin poder encontrar una pizca de la emoción de antes",2,gaming,label2
"Me humillaron tanto en el trabajo que perdí la voluntad de vivir, les escribo esto para despedirme",3,work,label3
"Estoy atrapado en una carrera que odio por obligación familiar, ya no encuentro motivos para despertarme mañana",3,university,label3
el veterinario dijo que esta todo bien en el control,0,pets,label0
armamos un grupo en discord para jugar los sabados,0,gaming,label0
Me cuesta concentrarme en otras cosas por estar pensando en todo lo que necesito comprar.,2,shopping,label2
Esperé toda la semana para venir a comer acá y el plato insignia del chef no tenía nada de sabor,1,restaurants,label1
"El nivel de exigencia de esta maestría me rompió por dentro, ya no quiero llorar más, solo quiero dejar de existir",3,university,label3
"El grinding diario del juego móvil me tiene esclavizado hace meses, juego con sueño y desgano solo para no perder recompensas",2,gaming,label2
Se me cargaron los músculos después de correr tantos kilómetros.,1,sports,label1
Armaron sala en Discord para jugar unas carreras en Mario Kart o están todos durmiendo?,0,gaming,label0
El restaurante cerró antes de que llegáramos.,1,restaurants,label1
"Ojalá mañana no despierte, estoy cansado de ser el amigo que sobra y que a nadie le duele.",3,friends,label3
La carretera tenía muchas obras y avanzamos muy lento.,1,travel,label1
Se agotó justo el artículo que quería comprar.,1,shopping,label1
Avisale al recepcionista del hostel que llegamos después de medianoche por la demora del colectivo,0,travel,label0
Olvidé empacar varias cosas importantes.,1,travel,label1
"Dejé la puerta abierta por accidente, mi gato se escapó y lo mataron, el remordimiento me come y hoy voy a hacer que pare para siempre",3,pets,label3
"Ver a mi abuela cocinar era hermoso, traté de hacer su estofado para recordarla y me dio un ataque de pánico que me duró todo el día",2,cooking,label2
"Me esfuerzo muchísimo, pero mis calificaciones siguen bajando.",2,university,label2
"Me dio un ataque de pánico en pleno examen de grado, soy débil y la verdad es que ya no quiero luchar más",3,university,label3
mi papa nos enseño a jugar al ajedrez este finde,0,family,label0
llamando a mi abuelo para preguntarle como esta,0,family,label0
Me fastidia un montón que tarden cuarenta minutos en traerte una simple entrada de rabas,1,restaurants,label1
Me pesa sentir que ya no soy el mismo con mis amistades.,2,friends,label2
"Se me cayó la cámara de fotos al piso mientras sacaba una panorámica y se le rayó el lente, qué amargura",1,travel,label1
"Cada torneo me rompe un poco más, ya no quiero vivir así.",3,gaming,label3
Espero que la próxima temporada esté mejor que esta.,1,movies,label1
"El profe de dirección me dijo que no tengo talento, destruyó mi única esperanza y hoy acabo con mi vida.",3,movies,label3
El clima cambió varias veces en un solo día.,1,weather,label1
El reproductor se congeló varias veces durante la película.,1,movies,label1
"Siento que mi vida no tiene arreglo después de tanto gastar, ya no quiero estar.",3,shopping,label3
"Adoptamos un perrito hace dos días y se la pasa llorando abajo de la cama, me da mucha lástima no saber cómo calmarlo",1,pets,label1
"El wifi se cae cada cinco minutos y me desconecta de las reuniones de trabajo, me saca de quicio",1,technology,label1
"Me pasé toda la tarde lidiando con un bug que no puedo reproducir en local, qué frustración",1,work,label1
Me costó mucho decidir entre dos productos.,1,shopping,label1
"Me tiemblan las manos antes de cada pesaje, la obsesión con la balanza y el desgaste de dar la categoría me tienen al límite psicológico",2,sports,label2
El supervisor me habló medio cortante hoy y me dejó maquinando toda la tarde al pedo,1,work,label1
"Siento una presión en el pecho permanente desde que arrancó el año escolar, no tengo un solo día de paz",2,school,label2
"Todo el mundo dice que es solo un juego, pero yo ya no quiero vivir.",3,gaming,label3
Entre el calor y la humedad terminé agotado.,1,weather,label1
Avisen a qué hora prenden el fuego para el asado así voy yendo con la ensalada,0,family,label0
"No importa la ruta que tome, siempre termino estresado y eso ya afecta cómo rindo en el trabajo.",2,transportation,label2
Últimamente cualquier lectura me deja mentalmente agotado.,2,books,label2
"La ola de calor no afloja y mi paciencia tampoco da más, ando con una irritabilidad crónica que ya me trajo problemas graves en el laburo",2,weather,label2
Espero que el próximo ensayo salga mucho mejor.,1,music,label1
"Llevo dos meses viviendo con un miedo constante a los choques en cadena, freno de golpe a cada rato y la paranoia me tiene destruido",2,transportation,label2
aprendiendo a hacer pan artesanal como hobby,0,hobbies,label0
Quién tiene un adaptador universal para los enchufes de Europa que me preste para la semana que viene?,0,travel,label0
armando una playlist para el viaje del finde,0,music,label0
Cada despedida en el aeropuerto me deja emocionalmente drenado.,2,travel,label2
La tablet que uso para dar clases se quedó congelada en una pantalla negra y no responde a ningún botón,1,technology,label1
Siento una culpa atroz cada vez que intento descansar media hora mientras mi perro sigue respirando con tanta dificultad,2,pets,label2
"Escribir era mi única terapia y ahora me da asco ver mi propia letra, mi única paz será dejar de existir",3,books,label3
"Claude me ayudó a resumir un PDF de cincuenta páginas en cinco minutos, una locura total",0,technology,label0
El cargador hace falso contacto y eso me preocupa un poco.,1,technology,label1
me voy al gym despues del laburo hoy,0,sports,label0
"Me da pánico que descubran mi incompetencia en la agencia y me echen, esa paranoia me superó y hoy decido acabar con todo",3,technology,label3
Che alguien tiene una cámara de repuesto rodado 29 para prestarme para la salida de cicloturismo?,0,sports,label0
Estoy aprendiendo acuarela y todavía me cuesta controlar los colores.,1,hobbies,label1
"Siento que la lectura me abandonó, era mi único refugio y ahora intentarlo solo me recuerda lo roto que estoy por dentro",2,books,label2
"Vi una película triste y no pude parar de llorar, ya no quiero seguir así.",3,movies,label3
"No logro recuperar energía entre un viaje y otro, ya llevo semanas así.",2,travel,label2
"Armaba dioramas para crear mundos donde sí quería estar, ya que en el real soy un estorbo y hoy decido irme para siempre.",3,hobbies,label3
Me siento agotado de estar organizando medicamentos y citas veterinarias todo el tiempo.,2,pets,label2
"Escribí una carta de despedida pero la rompí, aún así ya no quiero vivir.",3,books,label3
"Soy panadero y el pan ya no me alimenta, solo quiero desaparecer.",3,cooking,label3
Pensé que tenía huevos y ya no quedaba ninguno.,1,cooking,label1
"Me culparon de un error gravísimo en la empresa, me van a despedir y la verdad prefiero matarme antes que afrontarlo",3,work,label3
La fila para pagar estaba larguísima.,1,shopping,label1
Gasté todo lo que tenía en cosas que no necesitaba y ahora siento que no merezco seguir aquí.,3,shopping,label3
Puse a cargar el smartwatch anoche pero parece que quedó mal apoyado en la base magnética,0,technology,label0
Me siento culpable porque siempre cancelo las reuniones con mis amigos.,2,friends,label2
"Tengo el estómago cerrado por la ansiedad antes de cada partido de básquet, juego mareado y con una sensación constante de asfixia",2,sports,label2
Avisale al equipo contrario que cambiamos las camisetas por las suplentes para que no coincidan colores,0,sports,label0
Los cuidados diarios de mi conejo me tienen mentalmente exhausto.,2,pets,label2
Dormí muy mal por el calor de anoche.,1,weather,label1
"Ya no puedo con los proyectos, ojalá mañana no despertara.",3,university,label3
Quería armar el terrario hoy pero se me rompieron dos plantitas carnívoras al pasarlas de maceta,1,hobbies,label1
por fin termine ese informe que me tenia complicado,0,work,label0
Se quedó congelada la pantalla y tuve que reiniciar el equipo.,1,technology,label1
Extrañar a mi familia todos los días me está afectando más de lo que pensé.,2,travel,label2
"El desgaste mental me arruinó el scrapbooking, quiero armar páginas lindas pero mi mente solo proyecta recuerdos dolorosos",2,hobbies,label2
"La app del clima dice que despeja después de las tres de la tarde, ojalá le pegue",0,weather,label0
"La música ya no me distrae, solo me da ganas de no estar más.",3,music,label3
"El rafting por los rápidos del río fue una experiencia re divertida, nos empapamos enteros",0,travel,label0
me perdi un poco pero el gps me reencaminó rapido,0,transportation,label0
Me tiene re preocupado que el presupuesto diario no me esté alcanzando por los precios carísimos del transporte,1,travel,label1
cambie de sensibilidad en el mouse y mejoro mi puntaria,0,gaming,label0
"fui a ver una banda tributo el finde, estuvo divertido",0,music,label0
"Gasté lo que me prestaron para el negocio en compras por impulso, lo arruiné todo y la verdad es que ya no quiero despertar",3,shopping,label3
"el almuerzo de equipo de hoy estuvo bueno, buena junta",0,work,label0
Qué impotencia cuando amasás durante media hora con los brazos cansados y la masa sigue re pegajosa,1,cooking,label1
Entre comparar precios ya se me fue toda la mañana.,1,shopping,label1
"Me despidieron del restaurante y siento que soy una carga, mejor desaparezco.",3,restaurants,label3
El tráfico estaba detenido por unas obras en la avenida.,1,transportation,label1
"Hace un mes que vivo con el estómago cerrado por la presión de las entregas, ya bajé tres kilos y sigo sin avanzar",2,programming,label2
"Terminé el semestre totalmente quebrado anímicamente, aprobe las materias pero siento que el costo de mi salud mental fue altísimo",2,university,label2
Me cuesta muchísimo concentrarme porque siempre estoy pensando en lo que pasa en casa.,2,family,label2
Quién tiene hojas de repuesto número 3 que me convide dos para la prueba de lengua?,0,school,label0
Menos mal que miré el radar de tormentas antes de salir en bici porque se venía el agua de golpe,0,weather,label0
"Hace semanas que viajo aplastada contra las puertas del subte con ataques de taquicardia, siento que me falta el aire todo el trayecto",2,transportation,label2
"Antes me pasaba horas tejiendo para relajarme, ahora agarro las agujas y me da una ansiedad que me asfixia",2,hobbies,label2
El estrés del hospital ya me acompaña incluso cuando estoy en casa.,2,work,label2
"Cené pastillas anoche con un vaso de agua, la peor cena de mi vida, y ya no hay vuelta atrás",3,cooking,label3
"le enseñe una mordida nueva al perro, ya la aprendio",0,pets,label0
El equipaje tardó bastante en salir en la banda.,1,travel,label1
Compré un champú hipoalergénico con avena para bañarlo en casa el fin de semana,0,pets,label0
Nos cambiaron de mesa porque la primera estaba reservada.,1,restaurants,label1
Escuchar los temas viejos que me gustaban me genera una nostalgia tan pesada que termino en la cama sin poder levantarme,2,music,label2
Qué fastidio tener que reconfigurar todos los accesos directos porque la actualización me cambió la distribución,1,technology,label1
"Pongo películas de terror a la madrugada para ver si logro sentir algo distinto a esta tristeza constante, pero sigo igual de vacío",2,movies,label2
"Siento que ya no encajo en ningún lado, me alejé de mi círculo de toda la vida y esta tristeza gris me acompaña a cada minuto",2,friends,label2
"No le agarro la mano al enfoque manual de noche con el lente nuevo, me salen todas las tomas movidas",1,hobbies,label1
"Llevo meses ocultando los recibos de mis compras a mi pareja, no soporto vivir con esta mentira y tomé la decisión de acabar con mi vida",3,shopping,label3
"Hacía jabones artesanales para no sentirme inútil, pero el vacío regresó y ya tomé la decisión irrevocable de desaparecer.",3,hobbies,label3
Qué bronca cuando pagás una habitación con vista al mar y te dan una ventana que da al estacionamiento interno,1,travel,label1
"Me siento totalmente desconectada, tomo los pedidos y las voces de la gente me suenan lejanas, como si estuviera sumergida bajo el agua",2,restaurants,label2
Ya no logro descansar porque siempre estoy pendiente del siguiente traslado.,2,travel,label2
Probé los auriculares de vincha nuevos y los graves suenan una locura,0,music,label0
"Terminé el viaje re saturado de coordinar horarios y reservas, necesito vacaciones de las vacaciones para recuperarme",1,travel,label1
"No soporto ver cómo todos mis compañeros avanzan y yo sigo estancado, soy una carga y ojalá un accidente me lleve hoy",3,university,label3
"Llevo un año sin conseguir empleo, soy una carga para mi familia y ya decidí que no quiero seguir estorbando",3,work,label3
"Me cuesta un montón seguirle el ritmo a este framework nuevo, siento que la curva de aprendizaje es gigante",1,programming,label1
Estoy esperando que preparen mi orden para llevar.,1,restaurants,label1
el asado de este lugar es de los mejores de la ciudad,0,restaurants,label0
No entiendo nada de los ejercicios de álgebra y mañana la profe revisa la libreta con firma,1,school,label1
"Antes resolvía problemas con calma, ahora me bloqueo con cosas básicas.",2,programming,label2
Se siente una humedad que cansa bastante.,1,weather,label1
"El horno quedó encendido y pensé en dejar que todo se consumiera, conmigo adentro, ya no aguanto más",3,cooking,label3
Ni en mis descansos logro dejar de pensar en el restaurante.,2,restaurants,label2
Me siento culpable porque no alcanzo a ayudar a todos como quisiera.,2,family,label2
Estoy algo estresado porque todavía no termino el módulo.,1,programming,label1
El transporte público en esta ciudad me tiene un poco confundido.,1,travel,label1
Hoy fui por una cosa y terminé recorriendo toda la tienda.,1,shopping,label1
"Ando re acelerado con tantas llamadas telefónicas al hilo, necesito diez minutos de silencio",1,work,label1
Nos dejaron una investigación larguísima para la próxima clase.,1,university,label1
Ni siquiera puedo terminar una canción porque pierdo la concentración.,2,music,label2
"Mi hobby era mi terapia y ahora ni eso me calma, ya no quiero seguir.",3,hobbies,label3
Llevo media hora esperando el camión.,1,transportation,label1
el colectivo llego antes de lo que pensaba,0,transportation,label0
"El estrés de mediar en los conflictos de mis padres me dejó sin fuerzas para mi propia vida, me siento completamente absorbido",2,family,label2
"Siento que soy un estorbo para mi grupo, dejé de ir a las juntadas porque me convencí de que la pasan mejor si no voy 😔",2,friends,label2
"Mi aplicación fue rechazada de la tienda de nuevo, todo mi esfuerzo fue en vano y prefiero morir",3,technology,label3
Quién se copa para ir a la feria del libro el domingo temprano y evitar la marea de gente?,0,books,label0
Me duele físicamente ver cómo mis amigas de la secundaria siguieron con sus vidas y yo me quedé estancada y sola,2,friends,label2
"Me cuesta un huevo hacer amigos nuevos en el trabajo, siento que todos ya tienen sus grupitos armados",1,friends,label1
Las tareas se siguen acumulando porque me cuesta muchísimo empezar.,2,school,label2
Adaptarme a otro país me está costando muchísimo más de lo que esperaba.,2,travel,label2
Me prestaron una novela ambientada en la época victoriana con descripciones re detalladas,0,books,label0
compre todo lo necesario para la fiesta del sabado,0,shopping,label0
La tormenta hizo que se fuera la luz un rato.,1,weather,label1
"Traté de hornear el pastel que le gustaba y se me quemó, me puse a llorar en el piso y entendí que ya no puedo más",3,cooking,label3
"la oficina esta medio vacia hoy, varios de vacaciones",0,work,label0
revisando los horarios del tren para el finde,0,transportation,label0
El ambiente en la oficina está re tenso con los rumores de reestructuración de áreas,1,work,label1
"Cada propina miserable me recuerda lo poco que valgo, ya no quiero vivir.",3,restaurants,label3
Avisen si alguno tiene monedas antiguas repetidas para intercambiar en la reunión numismática del centro,0,hobbies,label0
Ya no recuerdo cuándo fue la última vez que dormí tranquilo por estar pendiente de mi mascota.,2,pets,label2
"No me reconocía el código QR para entrar al estacionamiento medido, tuve que llamar al tótem",0,transportation,label0
Ni siquiera los fines de semana logro descansar porque sigo pensando en el proyecto.,2,programming,label2
caminando hasta el trabajo porque hace buen dia,0,transportation,label0
Siento que nunca puedo desconectarme de los problemas familiares.,2,family,label2
Bajé tres paradas antes para caminar un rato por la costanera y despejar la cabeza,0,transportation,label0
"Mi padre me dijo que ojalá no hubiera nacido, y a veces lo creo, ya no quiero estar aquí.",3,family,label3
"El ambiente competitivo de la facultad de derecho me arruinó los nervios, no puedo confiar en nadie y la paranoia me agota",2,university,label2
"Me aislé por jugar y ahora siento que no queda nada, ya no quiero seguir.",3,gaming,label3
El tráfico y las entregas me hicieron el día eterno.,1,work,label1
El proyecto en equipo va muy lento porque casi nadie responde.,1,university,label1
"Qué embole estar en racha perdedora todo el fin de semana, toco un competitivo más y desinstalo el juego",1,gaming,label1
El ambiente en mi trabajo me tiene desgastado desde hace semanas y siento que mi rendimiento cayó mucho.,2,work,label2
"Dejé de ir a la feria del libro porque me da ansiedad, prefiero desaparecer.",3,books,label3
Me cuesta muchísimo concentrarme desde que empezó esta temporada de frío constante.,2,weather,label2
"Ya no tengo ahorros ni esperanza, las compras me quitaron todo, no quiero seguir.",3,shopping,label3
Hoy casi olvido mi pasaporte en la habitación.,1,travel,label1
Mi perro falleció y desde entonces siento que no hay futuro para mí.,3,pets,label3
"Intento hacer cerámica otra vez, pero abandono la pieza antes de terminarla.",2,hobbies,label2
"mi perro aprendio a sentarse, tardo bastante pero lo logro",0,pets,label0
"Perdí a todos mis amigos por mi carácter, ya no merezco estar aquí.",3,friends,label3
Recomienden algún libro de divulgación astronómica que sea accesible para principiantes,0,books,label0
"Me da pánico que mis papás se enteren de que bajé muchísimo el promedio, esa presión me tiene con el estómago cerrado hace días",2,university,label2
A veces me siento re culpable de querer mudarme solo pero la convivencia acá ya me está pesando bastante,1,family,label1
Compré una camisa y me quedó más grande de lo esperado.,1,shopping,label1
Tengo un bloqueo mental tan grande por el cansancio de los viajes que tardo horas en entender un mapa simple de la ciudad,2,travel,label2
El viento hizo más difícil el entrenamiento de ciclismo.,1,sports,label1
estuve leyendo antes de dormir estas ultimas semanas,0,books,label0
Estoy batallando para entender álgebra.,1,school,label1
"Llevo semanas en piloto automático, mirando por la ventanilla del micro con una tristeza pesada y una sensación de encierro que me ahoga",2,transportation,label2
"El desgaste del alto rendimiento me quemó la cabeza, ojalá mañana no me despierte para dejar de sentir esta agonía",3,sports,label3
"Antes me pasaba horas escuchando hard techno para liberar tensión, ahora ese mismo ritmo me detona una ansiedad insoportable",2,music,label2
Quería hacer galletas y terminé quemando la primera tanda.,1,cooking,label1
No entendí casi nada de química hoy 😅,1,school,label1
Desde que me lesioné siento que ya no quiero vivir.,3,sports,label3
Avisale a mamá que conseguí el molde desmontable de 24 cm para hacer la chocotorta,0,cooking,label0
"El viento zonda me destrozó los nervios y la depresión me ganó, les escribo para despedirme.",3,weather,label3
Últimamente cualquier actividad escolar me deja completamente drenado.,2,school,label2
"No pegué un ojo en toda la noche por el calor agobiante, encima el ventilador tiraba puro aire caliente",1,weather,label1
El estrés universitario me dejó sin fuerzas y ya no quiero seguir luchando.,3,university,label3
Compré unos auriculares gamer con micrófono desmontable para no ocupar tanto lugar en el escritorio,0,gaming,label0
"Trato de contarles a mis amigos cómo me siento pero siempre cambian de tema, ese nivel de abandono emocional me tiene destrozado",2,friends,label2
"Me doxxearon y publicaron toda mi información personal, mi vida está arruinada y prefiero matarme",3,technology,label3
mi hermano menor no deja de pedirme prestado el cargador,0,family,label0
"Ya no logro desconectarme de las malas partidas, sigo pensando en ellas durante horas.",2,gaming,label2
Nos tardamos media hora solo para decidir dónde reunirnos.,1,friends,label1
Hoy sentí raro que olvidaran avisarme del cambio de lugar.,1,friends,label1
El trabajo me tiene viajando sin parar y siento que mi vida no tiene sentido.,3,travel,label3
"No soporto los ataques de pánico antes de cada reunión virtual, esta agonía no es vida y decidí terminarla hoy mismo",3,technology,label3
esa artista saco un album conceptual bastante interesante,0,music,label0
El restaurante se fue a la quiebra y con él mis ganas de vivir.,3,restaurants,label3
"Ando en un bloqueo lector tremendo, abro cualquier libro y a los cinco minutos me disperso con el celular",1,books,label1
"Gasté lo que no tenía intentando curar a mi gata y se murió igual, mi vida está arruinada y me quiero ir de acá",3,pets,label3
El cliente pide que la app móvil soporte modo offline sincronizando con SQLite local,0,programming,label0
"Siento que perdí la pasión por la carpintería, entro al taller y me quedo mirando las herramientas con una tristeza pesadísima",2,hobbies,label2
Me compré el pase de batalla nuevo solo por la skin del pase nivel 100 que está genial,0,gaming,label0
armamos equipo para el torneo del finde,0,friends,label0
Quién sabe cómo desactivar las notificaciones emergentes de noticias en Chrome?,0,technology,label0
"Me quedé sin pociones de salud frente al dragón y no tengo partida guardada previa, qué situación de mierda",1,gaming,label1
"Salgo de noche para ir a trabajar y vuelvo de noche, esta falta de luz solar me chupó toda la motivación y me siento un robot triste y vacío",2,weather,label2
"Otra Navidad completamente solo porque nadie de mi familia quiso invitarme, ya entendí que no le importo a nadie, adiós.",3,family,label3
Ayer me largué a llorar en el pasillo del mayorista porque tuve que dejar la leche y el aceite en la caja al no alcanzarme el saldo,2,shopping,label2
El titular de cátedra avisó que mañana toma asistencia obligatoria por el paro de transporte,0,university,label0
El profe cambió la fecha de entrega y ahora todo se juntó.,1,school,label1
"Hace semanas que el calor extremo no me deja dormir más de tres horas, voy al trabajo como un zombie y lloro de puro agotamiento",2,weather,label2
"Llevo meses sintiendo que soy el cuello de botella del equipo, esa culpa me carcome por dentro y no me deja ni comer tranquilo",2,programming,label2
"Cada nota me recuerda lo solo que estoy, ojalá no despertara.",3,music,label3
La lesión en la rodilla me dejó estancado hace medio año y la desesperación de ver cómo todos compiten menos yo me está enfermando,2,sports,label2
"Se me quedó la ventanilla del acompañante trabada a mitad de camino, mañana desarmo el panel",0,transportation,label0
Se me desafinaron todas las cuerdas del ukelele por el cambio brusco de clima y estuve media hora renegando,1,music,label1
"Soy repostera y el azúcar ya no endulza nada, mejor desaparezco.",3,cooking,label3
"Termino el turno en la cocina con un dolor de cabeza que me dura días, siento que el laburo me está chupando la vida",2,work,label2
"Siento que defraudé a todos los que apostaron por mí en el crossfit, mi cuerpo tocó fondo y no tengo energía ni para completar un wod",2,sports,label2
"La falta de apoyo de mi familia con mi embarazo me tiene sumida en una depresión horrible, lloro todos los días sintiéndome re sola",2,family,label2
Mi mamá necesita tantos cuidados que ya casi no tengo tiempo para descansar.,2,family,label2
Tengo que esperar dos años para la próxima parte del multiverso y ya me estoy olvidando de qué pasó en esta,1,movies,label1
Esta semana ha estado pesada con tantas reuniones.,1,work,label1
"Tengo el cerebro frito de leer la documentación oficial de AWS, son mil servicios y ninguno explica claro",1,programming,label1
"Llevo tres semanas sin ir a clases porque no tengo fuerzas ni para bañarme, siento que despedirme de todos es lo correcto ahora",3,university,label3
Desde que mi conejo empezó con sus problemas de salud vivo preocupado todo el tiempo.,2,pets,label2
"Se trabó la guillotina de la imprenta, ya le avisé a mantenimiento para que pase a verla",0,work,label0
Subieron la preventa exclusiva para la avant premiere pero la página colapsó al toque,0,movies,label0
Reservé la cancha de fútbol 5 para el jueves a las nueve de la noche con los pibes,0,friends,label0
No entiendo por qué el internet está fallando tanto hoy.,1,technology,label1
buscando el segundo tomo de la saga que estoy leyendo,0,books,label0
Todo el estrés escolar me llevó a pensar que desaparecer sería más fácil.,3,school,label3
Qué bronca me dio que mataran al único personaje querible de la saga para generar impacto fácil en la audiencia,1,movies,label1
"Mi guion nunca se va a filmar, siento que mi vida no tiene sentido, ojalá no despertara.",3,movies,label3
"Siento que no avanzo en jiu-jitsu, los cinturones blancos nuevos me pasan la guardia re fácil y me frustra",1,sports,label1
Conseguí las zapatillas que buscaba en 3 cuotas sin interés y con envío gratis 🎉,0,shopping,label0
"El agua de la ducha del hotel salía tibia tirando a fría y con una presión diminuta, no te podías ni lavar la cabeza",1,travel,label1
armando la documentacion de la api antes de la entrega,0,programming,label0
"Creo que estudié, pero igual me da nervio el examen.",1,school,label1
"El DIY ya no me distrae, solo quiero desaparecer.",3,hobbies,label3
Armamos noche de juegos de mesa en el quincho con los primos el viernes que viene?,0,family,label0
Desde hace semanas siento que vivir entre aeropuertos me está pasando factura.,2,travel,label2
Me está costando entender este framework nuevo.,1,programming,label1
Llevo semanas sin poder desconectarme del estrés del restaurante.,2,restaurants,label2
"Se agotaron todas las ubicaciones en diez minutos, una locura la demanda por esa banda",0,music,label0
celebramos el aniversario en el restaurante de siempre,0,restaurants,label0
Estoy intentando mejorar mi saque en voleibol.,1,sports,label1
Ando re estresado porque no llego a buscar a los chicos al colegio a horario por culpa de un embotellamiento,1,transportation,label1
El ventilador de la placa de video se pone al taco cuando abro juegos pesados,0,technology,label0
Qué golazo de tiro libre al ángulo clavó el diez en el torneo interbarrial,0,sports,label0
Me cuesta entender temas que antes habría aprendido sin problema.,2,school,label2
el cliente pidio una reunion urgente para revisar los numeros,0,work,label0
Hoy preparé una receta complicada y terminé mentalmente cansado.,1,cooking,label1
Tenemos que entregar el avance de tesis el viernes.,1,university,label1
"El estrés del laburo me consumió la poca felicidad que tenía, ya no quiero saber nada más de la vida",3,work,label3
Guardá partida manual antes de cruzar esa puerta blindada por si te emboscan los bichos,0,gaming,label0
"El calor me tiene sofocado y la vida me tiene harto, ojalá esta noche sea mi última madrugada.",3,weather,label3
"El maltrato de los clientes en la mesa de ayuda me apagó el alma por dentro, no tengo fuerzas para seguir viviendo un día más",3,technology,label3
"esta helado esta mañana, se ve la respiracion en el aire",0,weather,label0
La plataforma cerró mi sesión y tuve que volver a entrar.,1,movies,label1
Organizamos una vaquita entre todos para comprarle la cafetera de regalo a Nico?,0,friends,label0
Ayer me dio una crisis de llanto en plena transmisión porque me di cuenta de que odio cada segundo de lo que estoy jugando,2,gaming,label2
Alguien sabe a qué edad se les puede enseñar a los conejos a usar la esquinera con viruta?,0,pets,label0
Se vino una neblina tan espesa que desde la ventana no se ve ni la vereda de enfrente,0,weather,label0
"Miro a otros streamers avanzar mientras yo me quedé estancado hace meses, esa comparación me tiene el ánimo totalmente quebrado",2,gaming,label2
"Estudié gastronomía y ahora siento que fracasé, ojalá no despertara mañana.",3,cooking,label3
Ya llevo semanas sintiendo que mi productividad baja por este agotamiento digital.,2,technology,label2
"Siento que mis padres me arruinaron la vida con sus comparaciones constantes, crecí sintiéndome una basura y hoy no puedo ni salir de la cama",2,family,label2
Me cuesta encontrar tiempo para ensayar entre la escuela y el trabajo.,1,music,label1
Últimamente olvido pedidos porque mi cabeza está demasiado cansada.,2,restaurants,label2
Me mudé lejos de mi familia por trabajo y ahora siento que todos estarían mejor sin mí.,3,travel,label3
"Perdí la pasantía porque mi rendimiento académico es pésimo, no tengo futuro y no quiero seguir aquí",3,university,label3
armando un mueble de madera para el balcon,0,hobbies,label0
"Ya ni siquiera siento alivio cuando salgo los viernes, la angustia del domingo a la tarde me arranca el sábado a la noche",2,work,label2
"El veterinario me dijo que no hay nada más que hacer, si mi perro se va yo me quito la vida porque no soporto la soledad",3,pets,label3
"Nos tocó jugar contra quinto año el partido de handball del intercolegial, deséenme suerte",0,school,label0
El modo historia está entretenido pero el modo multijugador online se siente re vacío de gente,0,gaming,label0
"La violencia en mi casa es insoportable, estoy aterrorizada y siento que mi única salida es irme de este mundo.",3,family,label3
Qué impotencia romperte el lomo entrenando todo el mes para quedar afuera en la primera ronda del torneo,1,sports,label1
Tengo el estómago cerrado de los nervios de pensar en cómo voy a hacer para comprarle los útiles a mis hijos este ciclo,2,shopping,label2
"El viento zonda me voló dos macetas de la terraza, voy a tener que atar las plantas chicas",0,weather,label0
El transporte lleno me deja tan tenso que luego me cuesta enfocarme en mis actividades.,2,transportation,label2
Vivo preocupado por los pagos de compras anteriores y eso ya afecta mi rutina diaria.,2,shopping,label2
amasando ravioles caseros para la cena de hoy,0,cooking,label0
"Estoy varada en la frontera sin esperanza, ojalá no despertara mañana.",3,travel,label3
"Le dije a mi amigo cómo me sentía y se rió, ya no veo ninguna salida.",3,friends,label3
"El jefe de cocina me humilla tanto a diario que perdí toda mi seguridad, ando mareado y cometiendo errores tontos por puro estrés",2,restaurants,label2
"Ando con un cansancio mental tremendo de cuidar a mi sobrinito toda la siesta, no para un segundo",1,family,label1
"El módulo de autenticación con OAuth me está volviendo loco, me devuelve un token inválido sin dar detalles",1,programming,label1
Pedí un Didi porque se largó a llover con todo y la parada del micro no tiene techo,0,transportation,label0
Las entregas acumuladas ya afectaron hasta mi forma de dormir.,2,university,label2
"El ruido de la música fuerte del vecino me detona unos ataques de ansiedad tremendos, vivo en un estado de nervios que me tiene destrozado",2,music,label2
Me da ansiedad jugar ranked solo q porque siempre termino puteando con gente que no colabora,1,gaming,label1
la fila para probarse ropa estaba larguisima hoy,0,shopping,label0
"tengo viaje de trabajo la semana que viene, ya arme la valija",0,work,label0
Le compré un bebedero automático tipo fuente al gato para que tome más agua fresca,0,pets,label0
me anote en el centro de estudiantes de la carrera,0,university,label0
el frontend ya consume bien los datos del backend,0,programming,label0
Llevo tanto tiempo bajo presión en el restaurante que siento que ya afecta todo mi día a día.,2,restaurants,label2
El reconocimiento facial dejó de funcionar después de la actualización.,1,technology,label1
Puse mi álbum favorito para ver si se me pasaba esta amargura y a la tercera canción tuve que apagarlo porque me dio taquicardia,2,music,label2
Se cayó la página del siu justo cuando abría la inscripción a materias y me quedé sin cupo en la práctica,1,university,label1
me anote en la liga amateur de futbol del barrio,0,sports,label0
Mi hija se mudó lejos y siento que ya no tiene sentido seguir.,3,family,label3
Cerramos la semana de entrenamiento con 45 minutos de pileta libre re tranquilos,0,sports,label0
Qué desgaste bancarse la presión de la hinchada rival gritándote en cada tiro libre,1,sports,label1
"Cancelé todos mis planes de viaje por falta de dinero, ojalá no despertara.",3,travel,label3
"Hace meses que me hago cargo de los problemas de todos en mi casa y nadie me pregunta cómo estoy, me siento emocionalmente quebrado",2,family,label2
"Me escondo en el baño todos los días para que no me peguen, estoy tan cansado que quiero acabar con todo hoy",3,school,label3
"Se quedaron sin stock de la base de maquillaje que uso siempre, voy a probar otra marca similar",0,shopping,label0
"Mis hijos ya ni me piden que les cocine porque saben que estoy triste, perdónenme por ser tan poca cosa",3,cooking,label3
"Las compras me destruyeron, ya no quiero estar en este mundo.",3,shopping,label3
La tarjeta de crédito me rebotó por sospecha de fraude en el extranjero y ando renegando para que me la habiliten,1,travel,label1
Reprobé otra materia y siento que todos estarían mejor sin mí.,3,university,label3
"Antes cocinar me ayudaba a despejarme, ahora termino más cansado.",2,cooking,label2
"Fui la burla de todos en la fiesta de ayer, no tengo cara para volver a verlos, prefiero morir.",3,friends,label3
Mañana tenemos ensayo con el trío a las seis en la sala que alquilamos por hora,0,music,label0
El calor hace que me canse más rápido.,1,weather,label1
"Perdí la cosecha por las heladas tardías y las deudas me ahogan, mi única paz será la muerte.",3,weather,label3
Pedimos una pizza familiar para compartir.,0,restaurants,label0
"Mi sueño de publicar una novela se murió y yo me quiero ir con él, perdóname mamá",3,books,label3
Desde hace tiempo cualquier gasto inesperado me deja muy preocupado varios días.,2,shopping,label2
Cada partido perdido me hace pensar que ojalá no despertara.,3,sports,label3
"Nadie quiere armar party conmigo porque soy malísimo, soy un inútil en el juego y en la vida real, me quiero morir",3,gaming,label3
"Hice un maratón de películas tristes para tener una excusa para llorar, pero la verdad es que ya decidí quitarme la vida.",3,movies,label3
"Siento una culpa que me carcome el pecho cada vez que compro algo que no sea comida básica, el remordimiento no me deja vivir en paz",2,shopping,label2
Cada mañana que suena la alarma para ir al liceo siento que el cuerpo me pesa mil kilos de pura tristeza,2,school,label2
Cada discusión en mi casa me deja sin energía para el resto del día.,2,family,label2
"Ayer me largué a llorar encerrada en el baño del hospital antes de la guardia, siento que la presión me está destruyendo",2,work,label2
Se me desafina la primera cuerda cada dos temas y me tiene re tenso tener que corregir en vivo entre canción y canción,1,music,label1
Gasté menos de lo que pensaba en los útiles escolares de los chicos gracias a la promo bancaria,0,shopping,label0
Perdí mi lugar en el equipo y siento que sería mejor no estar aquí.,3,sports,label3
Tengo el carnet de socio al día así que mañana retiro dos novelas de terror para el viaje,0,books,label0
"Pongo la tele en mute con cualquier película reproduciéndose mientras lloro tirado en el sillón, esta tristeza lleva meses y no sé cómo frenarla",2,movies,label2
Cada vez que mi papá me grita siento que no merezco estar aquí.,3,family,label3
"El pronóstico decía día soleado y salí de remera corta, ahora me estoy muriendo de frío en la parada",1,weather,label1
Desde hace meses vivo preocupado por la situación económica de mi familia.,2,family,label2
"Hace semanas que el síndrome del impostor me paraliza, miro a mis compañeros avanzar y yo me siento estancado en un pozo ciego",2,university,label2
Estoy agotado de vivir organizando horarios para medicamentos y consultas.,2,pets,label2
Pagué los salarios de los cocineros con lo último que tenía y ahora yo no tengo para comer ni para seguir.,3,restaurants,label3
Estoy harto de fingir que todo está bien en la escuela cuando por dentro solo quiero desaparecer.,3,school,label3
probando distintos buscadores para ver cual anda mejor,0,technology,label0
Mañana iremos otra vez porque nos gustó mucho ese restaurante.,0,restaurants,label0
"Llego al final del día con los ojos rojos, mareado y con una sensación de fracaso enorme por no haber podido avanzar en la computadora",2,technology,label2
probando react native por primera vez para el proyecto nuevo,0,programming,label0
configurando el balanceador de carga para el nuevo servicio,0,programming,label0
Ando con un dolor de cabeza tremendo de tanto concentrarme para no perder las bases en el multijugador,1,gaming,label1
"El agotamiento es tan profundo que ya ni siquiera puedo llorar, solo quiero desaparecer de este trabajo y de la vida",3,work,label3
Avisen si alguno tiene una clave repetida del bundle para cambiar por algún juego indie,0,gaming,label0
Se me volaron tres chapas del cobertizo con las ráfagas de viento y estuve renegando bajo la lluvia para atarlas,1,weather,label1
probamos el nuevo helado artesanal que abrieron cerca de casa,0,restaurants,label0
Tienen un dos por uno en desodorantes y pastas dentales en la perfumería de la galería,0,shopping,label0
Cada vuelo me deja más cansado que el anterior y llevo semanas así.,2,travel,label2
"Ando re estresado con la migración a TypeScript, me tira errores de tipo en librerías viejas que ni toqué",1,programming,label1
El profesor de música dejó una pieza bastante complicada.,1,music,label1
"No logro que el emulador de Flutter me reconozca los permisos de ubicación en Android, qué pérdida de tiempo",1,programming,label1
"Uso los audiolibros para tapar el silencio de mi casa, los dejo de fondo todo el día porque mis propios pensamientos me aterrorizan",2,books,label2
Cada vez que uso la tarjeta me quedo intranquilo el resto del día.,2,shopping,label2
Hace semanas que la incertidumbre de no saber cuánto tiempo más me toca quedarme en esta provincia me quitó las ganas de todo,2,travel,label2
Mi código funciona en local pero no en producción.,1,programming,label1
Mi hamster logró escaparse de la jaula por un rato.,1,pets,label1
"Cocinar para otros me da satisfacción, pero por dentro solo quiero morir.",3,cooking,label3
Hace meses que mi tiempo libre dejó de sentirse realmente libre.,2,hobbies,label2
buscando recomendaciones de libros cortos para el viaje,0,books,label0
Encontré un perchero de madera nórdico hermoso para la entrada del departamento en oferta,0,shopping,label0
Qué bronca cuando la impresora se tilda con un atasco de papel fantasma justo antes de imprimir el informe,1,technology,label1
por fin termine el rompecabezas que llevaba semanas armando,0,hobbies,label0
Tengo que entregar el ensayo de cívica antes de las 12 de la noche y apenas voy por la introducción,1,school,label1
"Perdón mamá por no ser el hijo inteligente que querías, te prometo que ya no vas a sufrir por mi culpa",3,school,label3
Estoy agotado de revisar logs durante horas sin encontrar la causa del problema.,2,programming,label2
"Quiero terminar el pase de batalla, pero voy atrasado.",1,gaming,label1
"Guardé todos los utensilios nuevos en su caja, alguien más los va a usar cuando yo ya no estorbe aquí",3,cooking,label3
ayudando a mis papas a mudarse de casa este finde,0,family,label0
"Me obligo a leer diez páginas por día para sentir que hago algo, pero termino el capítulo con dolor de cabeza y sin retener nada",2,books,label2
Me siento sin energía casi todos los días desde que empezó esta temporada.,2,weather,label2
voy a la libreria esta tarde a buscar algo nuevo,0,books,label0
Me dio bronca fallar el último tiro al aro cuando estábamos a dos puntos de ganar el partido,1,sports,label1
"No puedo mantener a mi familia con los sueldos miserables de freelance, soy un fracaso y lo mejor es que ya no esté",3,programming,label3
"Antes probaba recetas nuevas, ahora siempre termino pidiendo comida porque no puedo más.",2,cooking,label2
Ando con dolor de pies insoportable después de caminar quince kilómetros recorriendo el centro histórico,1,travel,label1
"Ya ni hablar con mis papás ayuda, siento que sería mejor no despertar.",3,school,label3
por fin llegue a diamante despues de tanto intentar,0,gaming,label0
"Intenté volver a la jardinería pero tocar la tierra me generó una crisis de llanto incontrolable, me siento súper frágil",2,hobbies,label2
sacando fotos de todos los lugares que visitamos,0,travel,label0
"El cansancio crónico me liquida, abro un libro y a los cinco minutos se me cierran los ojos de puro agotamiento mental",2,books,label2
"Al fin pude platinar el Elden Ring, el último jefe me tuvo trabado tres días seguidos",0,gaming,label0
"Tengo cuatro reuniones seguidas por zoom esta tarde, hoy no avanzo nada de código",0,work,label0
Ojalá mañana no despertara y dejara atrás todo esto del deporte.,3,sports,label3
Hoy acabé mentalmente cansado después de tantas consultas.,1,work,label1
Acaban de abrir un restaurante de comida coreana cerca.,0,restaurants,label0
"Me la paso en el cine para no estar en mi casa, pero ya no quiero vivir así.",3,movies,label3
"Me siento una carga para mi equipo, estarían mejor sin mí.",3,sports,label3
me anote en el club de ajedrez del cole,0,school,label0
Siento una angustia que no cede jamás cada vez que suena la alarma a la madrugada para encarar la rutina del viaje largo,2,transportation,label2
"Llevo meses viendo el catálogo sin decidirme por nada, todo me da igual.",2,movies,label2
"No logro desconectar un solo segundo, me despierto sobresaltado a las cuatro de la madrugada pensando en los plazos",2,work,label2
aprovechando el descuento de temporada en la ropa de invierno,0,shopping,label0
"Perdón por haber invertido todo en hardware para un proyecto que no sirvió, les prometo que ya no seré un gasto nunca más",3,technology,label3
"Conseguí lugar para estacionar justo en la puerta del banco, un milagro total para un lunes",0,transportation,label0
Me anoté en el curso de gastronomía con toda la ilusión y ahora falto a casi todas las clases porque no tengo fuerzas para agarrar un cuchillo,2,cooking,label2
"Siento que el aire pesado y caliente me asfixia, vivo hiperventilando y con ataques de pánico hace casi un mes por culpa de este clima",2,weather,label2
"Antes estudiaba con gusto, ahora todo se siente como una carga enorme.",2,university,label2
el subte venia repleto esta mañana,0,transportation,label0
mi gato maulla todas las mañanas para que le de de comer,0,pets,label0
Dejé a la gata en la veterinaria para que le hagan análisis de sangre y ando con los nervios de punta esperando los resultados,1,pets,label1
Estoy aprendiendo TypeScript y todavía me equivoco con los tipos.,1,programming,label1
Ando con una contractura tremenda en la espalda baja por tirar sentadilla pesada sin faja,1,sports,label1
Cada vez que empiezo un libro termino dejándolo a la mitad.,2,books,label2
Subieron el recital entero grabado en alta definición al canal oficial de YouTube,0,music,label0
"Viajar de madrugada para ir a un trabajo donde me humillan me sacó las ganas de vivir, hoy fue mi último viaje, se los juro",3,transportation,label3
"Hoy perdí todas las rankeds, qué mala racha.",1,gaming,label1
"No me levanta el contenedor de redis con docker compose, dice que el puerto 6379 ya está ocupado",0,programming,label0
Me costó seguir el ritmo del grupo en la rodada.,1,sports,label1
"Dejo mi cuenta de Steam y mi Discord activos por si alguien lee esto, ya no voy a conectarme nunca más.",3,friends,label3
Desde hace meses cualquier error mío me pesa demasiado durante toda la partida.,2,gaming,label2
Se me llenó de pulgones la huerta de tomates y tengo que andar fumigando con jabón potásico todos los días,1,hobbies,label1
Me frustra que comparen mis notas de la facu con las de mi primo como si fuera una competencia,1,family,label1
Mi perro ya es mayor y esa preocupación constante me está consumiendo poco a poco.,2,pets,label2
"Siento una desconexión total con el remo, meto la pala en el agua y siento que mi cuerpo es un peso muerto sin coordinación",2,sports,label2
Mi mejor amigo se mudó y desde entonces solo pienso en no despertar.,3,friends,label3
"Antes disfrutaba manejar, ahora solo me genera preocupación constante.",2,transportation,label2
Recomienden una película ligera para ver un domingo a la siesta sin pensar demasiado,0,movies,label0
Acuérdense de cerrar la jaula del canario con la traba antes de abrir las ventanas para ventilar,0,pets,label0
Me desespera no encontrar la cuchara de madera justa cuando se me está empezando a pegar la salsa blanca,1,cooking,label1
Todos dependen de mí para arreglar el sistema y siento que estarían mejor sin mí.,3,programming,label3
el viento casi se lleva mi gorra recien,0,weather,label0
La API responde raro y no sé si el problema es mío o del servidor.,1,programming,label1
"El burnout digital que manejo no se arregla con vacaciones, necesito dejar de existir para descansar de verdad",3,technology,label3
Hicimos una parada en la ruta provincial para estirar las piernas y tomar un café caliente,0,transportation,label0
vamos a hacer surf este finde si el clima ayuda,0,sports,label0
"Estoy agotado de sentirme un fracaso en la escuela, ya no quiero continuar.",3,school,label3
Qué desgaste la gente que solo te manda un mensaje cuando necesita que le hagas un favor o le prestes algo,1,friends,label1
"Se cayó la plataforma de pagos justo cuando estaba confirmando las seis cuotas sin interés, no sé si entró la orden",1,shopping,label1
"El viaje que soñé se volvió una pesadilla, ya no le veo fin a esto.",3,travel,label3
El viento no me dejó dormir muy bien anoche.,1,weather,label1
Llevo meses trabajando en el restaurante y termino completamente agotado al final de cada turno.,2,restaurants,label2
Me frustré porque la pintura se corrió al final.,1,hobbies,label1
"Hace semanas que vivo con taquicardia por miedo a cruzarme a mis ex amigos en el barrio, salir a comprar el pan es un calvario",2,friends,label2
"No puedo pasar el tutorial de ese juego de estrategia espacial, tiene mil mecánicas complejas y me abruma",1,gaming,label1
La parada estaba llena y costó subir al camión.,1,transportation,label1
Desde hace meses siento que la cocina solo me genera más desgaste.,2,cooking,label2
Después de tantos golpes en el trabajo siento que ya es imposible seguir adelante.,3,work,label3
Nos dijeron que ya no les quedaba pasta casera después de habernos tenido veinte minutos mirando la carta,1,restaurants,label1
Fijate si te gusta este itinerario para las vacaciones en las sierras que armé en una planilla,0,friends,label0
"La sobrecarga de tareas dev me liquidó la salud, tengo taquicardia cada vez que suena una alerta de monitoreo",2,programming,label2
Mis calificaciones arruinaron todo y ya no quiero seguir adelante.,3,school,label3
Desde hace meses siento que perdí el hábito de leer y no logro recuperarlo.,2,books,label2
"El restaurante de mi papá quebró y él no lo supera, yo tampoco quiero seguir.",3,restaurants,label3
Mi familia se reúne a comer y yo solo pienso en no estar más.,3,cooking,label3
Vivo comparando precios todos los días y siento que ya no descanso mentalmente.,2,shopping,label2
Mi perro ladra cada vez que alguien pasa por la calle.,1,pets,label1
"Me da fobia abrir el celular y ver que nadie me escribió en toda la semana, la confirmación de que estoy solo me pega re mal",2,friends,label2
Desde hace semanas entro a la cocina y me quedo sin saber por dónde empezar.,2,cooking,label2
"Soy fan del cine pero ya nada me emociona, solo quiero desaparecer.",3,movies,label3
"Fui reemplazado por un bot en atención al cliente, no sirvo para nada más y me quiero ir",3,technology,label3
nos vemos el domingo para desayunar como siempre,0,friends,label0
Me desespera no encontrar la moneda que me falta para completar la serie del año 2000 en el álbum numismático,1,hobbies,label1
"La startup quebró y perdí todos los ahorros de mi familia, lo mejor para ellos es que yo desaparezca",3,technology,label3
El restaurante abre desde las siete de la mañana.,0,restaurants,label0
"Qué bronca cuando ponés a tostar pan para desayunar, te distraés un minuto y salta la alarma de incendios",1,cooking,label1
Mi cuñado trajo una torta helada de tres chocolates para el postre que era una locura,0,family,label0
Qué amargura que el festival de música coincidió justo con el casamiento de mi primo y me lo voy a perder,1,music,label1
terminando de armar la maqueta para el taller de mañana,0,university,label0
"el codigo compilo a la primera, raro pero bienvenido",0,programming,label0
"El temblor en las piernas después de manejar cuatro horas seguidas en la hora pico no se me va hasta el día siguiente, estoy al límite",2,transportation,label2
Mi conejo anda más inquieto de lo normal.,1,pets,label1
"No me alcanza ni para comer menos para curar a mi gato, soy un fracaso absoluto y merezco desaparecer hoy mismo",3,pets,label3
Qué alivio que refrescó después de cuatro días seguidos de calor agobiante,0,weather,label0
Ando re tensionado porque mis viejos andan discutiendo mucho últimamente por temas económicos,1,family,label1
Siento que estudio durante horas y aun así no logro avanzar.,2,school,label2
El ensayo de hoy fue intenso y terminé mentalmente cansado.,1,music,label1
"Intento mantenerme fuerte por mi familia, pero llevo mucho tiempo sintiéndome agotado.",2,family,label2
"No puedo conectar con la pelota, entro a jugar sintiendo un pánico terrible a equivocarme y regalarle los puntos al rival",2,sports,label2
El libro que quería sigue prestado en la biblioteca.,1,books,label1
armando modelos de trenes en miniatura,0,hobbies,label0
El tiempo que paso manejando ya me afecta hasta para dormir bien.,2,transportation,label2
"Paso tardes enteras scrolleando en Stack Overflow sin retener nada, tengo la concentración totalmente pulverizada hace semanas",2,programming,label2
La incertidumbre de las fechas de las mesas de examen finales me tiene recalculando todo el mes,1,university,label1
"Fallé el salto definitivo y perdimos la medalla, veo sus caras de decepción y sé que si desaparezco todos van a estar mejor",3,sports,label3
Me desespera no tener tiempo libre para jugar al evento de temporada con los chicos por estar tapado de tareas,1,gaming,label1
git me tiro otro merge conflict 😂 clasico de los viernes,0,programming,label0
Cada alerta del teléfono hace que sienta otra carga encima.,2,technology,label2
"Me paso las noches viendo películas viejas en automático, no me divierten pero me aterran mis propios pensamientos si apago todo",2,movies,label2
visitando ruinas antiguas que siempre quise conocer,0,travel,label0
probando la parrilla nueva que abrieron en la esquina,0,restaurants,label0
Mi mejor amigo me falló y ahora solo quiero desaparecer para siempre.,3,friends,label3
Qué largas se hicieron las colas para encontrar partida.,1,gaming,label1
"Me siento tan miserable viendo cómo todos se compran cosas mientras yo cuento monedas, renuncio a esta vida de una vez por todas",3,shopping,label3
"No jugué como esperaba, pero toca seguir practicando.",1,sports,label1
Me quedé sin dinero para continuar estudiando y ya no encuentro motivos para seguir.,3,university,label3
"Me siento derrotado, quisiera desaparecer y dejar de ser un problema para todos.",3,work,label3
probando hacer helado casero con la heladera nueva,0,cooking,label0
"Llegamos re cansados del vuelo transatlántico, directos a la cama para adaptarnos al cambio de horario",0,travel,label0
"Antes salir al cine era un plan que me emocionaba, ahora me da igual.",2,movies,label2
"Siento que la escuela me consume la vida entera, no tengo momentos de desconexión ni de tranquilidad mental",2,school,label2
"El rompecabezas parecía sencillo, pero me está dando batalla.",1,hobbies,label1
"Estoy cansado de fallar en la escuela, ya no quiero vivir así.",3,school,label3
empece un libro de misterio que promete bastante,0,books,label0
Desde que tuve que dormir a mi perro no dejo de pensar que quisiera desaparecer.,3,pets,label3
"Me quedé re bajón con la muerte del protagonista en el anteúltimo capítulo, me arruinó el fin de semana por completo",1,books,label1
"Llevo un mes sin revelar fotos analógicas, el cuarto oscuro me encierra con mis peores pensamientos y me da terror entrar",2,hobbies,label2
"Ya no sé diferenciar la realidad del juego, mi cabeza está completamente colapsada y la única paz que veo posible es la muerte",3,gaming,label3
Me da bronca errar tiros regalados con la sniper por ponerme nervioso en las rondas decisivas,1,gaming,label1
"En la universidad nadie me habla y siento que soy invisible, ojalá no despertara.",3,friends,label3
El menú digital con código qr no cargaba por falta de señal en el sótano del local y no tenían cartas físicas,1,restaurants,label1
Últimamente cualquier partida competitiva me pone demasiado tenso y luego no puedo relajarme.,2,gaming,label2
Me cuesta mantener una alimentación saludable porque ya no puedo con la rutina de cocinar.,2,cooking,label2
"Usaba los libros para evadirme y ahora ni eso me funciona, la realidad me aplasta tanto que no hay historia que me saque de este pozo",2,books,label2
Hay que recortarle las uñitas a la gata porque se le enganchan en las mantas de polar,0,pets,label0
"Me dejó re bajón la película dramática que vimos anoche, te juro que me costó conciliar el sueño pensando en la historia",1,movies,label1
Pedí dos banquetas para la barra de la cocina pero una vino con la pintura raspada en la pata,0,shopping,label0
Avisen cuando termine el mantenimiento de servidores de Epic Games que quiero canjear el juego gratis,0,gaming,label0
Olvidé guardar los boletos en una carpeta y tardé en encontrarlos.,1,travel,label1
Estoy agotado de fingir que todo va bien mientras por dentro quiero desaparecer.,3,gaming,label3
Hoy preparé la cena para todos y terminé bastante cansado.,1,family,label1
Se me rompió la licuadora en mitad de preparar la crema de zapallo y me quedó todo a medio procesar,1,cooking,label1
comprando una bateria externa para cuando salgo todo el dia,0,technology,label0
Soy migrante y la nostalgia me tiene tan mal que ya no quiero estar.,3,travel,label3
Hoy me tocó cubrir dos sectores a la vez en el depósito y terminé con los brazos acalambrados,1,work,label1
Se me dobló la tapa blanda adentro de la mochila por no meterla en una funda protectora,0,books,label0
"Hijo, cómo hago para que la pantalla del celular no se apague tan rápido cuando leo?",0,technology,label0
"Todos avanzan en sus carreras tecnológicas menos yo, soy una decepción total y mi única opción es dejar este mundo",3,programming,label3
"Mis amigos armaron un grupo de chat sin mí para hablar mal de mí, ya no quiero seguir viviendo.",3,friends,label3
Después de tantas derrotas ya no encuentro sentido a continuar.,3,gaming,label3
"Las tormentas eléctricas me tienen al borde, solo quiero desaparecer.",3,weather,label3
"Llevo tres días sin dormir cuidando la caja registradora de los embargos, mi mente dijo basta y yo también.",3,restaurants,label3
"Compré una campera de abrigo talle M pero me quedó re justa de hombros, mañana la cambio",0,shopping,label0
El decano mandó una circular sobre el nuevo calendario académico para el segundo semestre,0,university,label0
"Ya no me da la cabeza para abrir la mochila al llegar a casa, me quedo mirando la nada sintiendo un cansancio horrible",2,school,label2
"Hacía joyería para sentirme útil, pero nadie compra nada y la verdad es que yo no valgo nada tampoco, adiós.",3,hobbies,label3
Ayer me quedé encerrado en el auto en la cochera llorando de pura impotencia por haber pasado tres horas parado en el puente,2,transportation,label2
No logro superar su ausencia y empiezo a creer que todos estarían mejor sin mí.,3,pets,label3
Me preocupa que todo esto en mi familia ya esté afectando mi desempeño diario.,2,family,label2
"Ya no tengo fuerzas para abrir la laptop, no veo ninguna salida.",3,programming,label3
No me llegan los correos con archivos adjuntos grandes y el cliente me reclama que no respondo a tiempo,1,technology,label1
La consulta SQL tardaba ocho segundos en responder hasta que le creé un índice compuesto por fecha y usuario,0,programming,label0
"tengo laboratorio de anatomia esta tarde, primera vez que voy",0,university,label0
Dejé el bordado abandonado en el bastidor hace un mes porque me mareó contar tantas cruces seguidas,1,hobbies,label1
"Tiré mi colección de figuras de acción, sin eso mi cuarto está tan vacío como mi alma, es mi última noche acá.",3,hobbies,label3
"El maltrato de mi director de tesis me dejó sin fuerzas para existir, hoy es mi última noche acá",3,university,label3
Hace tres semanas que vivo con taquicardia constante por el miedo a que me echen sin liquidación,2,work,label2
"Ayer tuve un ataque de pánico antes de ir al cumpleaños de un amigo, la ansiedad social me ganó y me quedé llorando en el sillón",2,friends,label2
"Siento que la virtualidad me robó la humanidad entera, llevo semanas hablando únicamente a través de micrófonos y me siento marchito",2,technology,label2
la vista desde el mirador valio cada minuto de la subida,0,travel,label0
Cada vez que suena el chat del trabajo pienso que es otra urgencia jaja.,1,work,label1
Qué complicado es coordinar horarios cuando viaja toda la familia.,1,travel,label1
armando el checklist antes de salir de viaje,0,travel,label0
"Vengo durmiendo re poco intentando dejar lista la API antes del viernes, me tiene quemadísimo este ritmo",1,programming,label1
Fuimos al restaurante de la esquina y nos encantó la comida.,0,restaurants,label0
Fuimos sin planearlo y encontramos mesa enseguida.,0,restaurants,label0
Todos esperaban que llegara lejos en esports y solo los decepcioné.,3,gaming,label3
"Ni restaurar muebles viejos me da esperanza, todo está roto como yo y prefiero matarme antes que seguir fingiendo.",3,hobbies,label3
"Perdí el semestre y no sé cómo decírselo a mi familia, siento que despedirme de la vida es lo más fácil ahora",3,school,label3
"Me siento un parásito viviendo de mis abuelos a mi edad, voy a hacerles el favor de desaparecer hoy mismo.",3,family,label3
"Me dejaron afuera de los Juegos Panamericanos, cuatro años de sacrificio tirados a la basura, ya no me quedan ganas de vivir",3,sports,label3
"mi mouse dejo de andar, tengo que comprar uno nuevo",0,technology,label0
"Ayer me dio una crisis de angustia en el lobby del hotel porque me olvidé en qué piso estaba mi habitación, estoy al límite del colapso",2,travel,label2
Me preocupa quedar mal con el equipo si no termino mi parte.,1,work,label1
Puse a hervir las papas con cáscara para que el puré no absorba tanta agua y quede más firme,0,cooking,label0
"Siento que la industria tech me masticó y me escupió, perdí toda esperanza y prefiero matarme antes que seguir así",3,technology,label3
"Me acaban de avisar que reprobé el examen de admisión, mi vida se acabó y no pienso seguir aquí",3,school,label3
Nos quedamos hasta las 4 de la mañana farmeando materiales para fabricar la armadura pesada,0,gaming,label0
"Soy DJ y ya no soporto las fiestas, solo quiero desaparecer.",3,music,label3
"Los libros de fantasía ya no me hacen soñar, solo quiero que todo termine.",3,books,label3
"Tengo las muñecas súper resentidas de bloquear remates en vóley, voy a tener que vendarme para jugar",1,sports,label1
Se nos demoró el check-in en el puerto y nos quedamos sin asientos juntos en la cabina del barco,1,travel,label1
"te tomo la palabra, el viernes salimos entonces",0,friends,label0
"Hace meses que intento sostener emocionalmente a mi hermana deprimida pero siento que me estoy hundiendo con ella, no doy abasto",2,family,label2
El profesor dejó demasiados ejercicios para una sola clase.,1,university,label1
Mis calificaciones han bajado porque ya no logro concentrarme.,2,school,label2
salio el sol despues de tantos dias de lluvia,0,weather,label0
"El frío me paraliza literalmente, llevo semanas postergando trámites urgentes porque la idea de salir a la calle helada me da ataques de ansiedad",2,weather,label2
"Se me llenó la memoria interna del teléfono y ya no me deja ni recibir audios de whatsapp, qué fastidio",1,technology,label1
El DIY me entretenía y ahora solo me da pensamientos horribles.,3,hobbies,label3
"Cada vez que intento leer me vienen pensamientos horribles, ya no quiero seguir.",3,books,label3
compre boletos para dos shows el mismo mes,0,music,label0
"Mi canal de YouTube fue hackeado y borraron todo, perdí diez años de mi vida y con ellos mis ganas de vivir",3,technology,label3
"armando bonsais, es mas paciencia de la que pensaba",0,hobbies,label0
"Llevo semanas postergando la lectura obligatoria del seminario, el pánico a fracasar me paraliza y no puedo ni abrir el pdf",2,books,label2
"Escondí las bolsas de ropa en el placard para que no las vean, estoy enfermo y no tengo arreglo, esta noche termino con esto",3,shopping,label3
La página pirata donde estaba mirando el estreno se cayó a mitad de película y no la encuentro en ningún otro lado,1,movies,label1
"Paso horas en streaming para no pensar en mis deudas, pero ya no quiero estar aquí.",3,movies,label3
"Puse una comedia para ver si se me pasaba este nudo en el pecho y terminé llorando igual, llevo semanas sintiéndome miserable",2,movies,label2
El bajista de la banda tocó un solo tremendo en medio del recital anoche,0,music,label0
El trabajo acabó con las pocas ganas que tenía de seguir viviendo.,3,work,label3
El cliente me rechazó el diseño tres veces seguidas por temas de responsive y tengo que rehacer el CSS,1,programming,label1
"La distancia con mi familia me está matando, ya no quiero seguir así.",3,travel,label3
Me tiene re tenso pensar que perdí todas las fotos familiares del disco viejo que hace un ruido a matraca raro,1,technology,label1
"Quiero seguir cuidando a mi mascota, pero este agotamiento constante ya está afectando mi día a día.",2,pets,label2
Traigo las piernas bien cansadas después de entrenar.,1,sports,label1
Pudiste hacer la videollamada con los tíos de España? Me dijeron que los nenes están gigantes,0,family,label0
"El nivel de desgate que me generó este proyecto me dejó sin defensas, vivo enfermo y tapado de mocos y fiebre",2,work,label2
"Fui al súper y no me alcanzó para la leche de mis hijos, soy un completo inútil y hoy voy a desaparecer para que dejen de sufrir por mi culpa",3,shopping,label3
"Le conté a mi amiga que me quería morir y me dejó en visto, ya no hay motivos para seguir aquí.",3,friends,label3
tengo que armar el cronograma del proyecto nuevo,0,work,label0
Estoy perdiendo la paciencia muy rápido en cualquier partida desde hace varias semanas.,2,gaming,label2
Últimamente el simple hecho de pensar en otro vuelo me deja sin ganas.,2,travel,label2
Siento que mis amigos estarían mucho mejor si ya no tuvieran que lidiar con mis crisis constantes.,3,friends,label3
"Me esfuerzo en cada partido, pero siento que mi cabeza ya no responde igual.",2,sports,label2
Me desespera que el navegador me consuma seis gigas de memoria ram teniendo tres pestañas básicas abiertas,1,technology,label1
Siento el cuerpo pesado como si cargara plomo después de pasar diez horas sentado frente a la interfaz del sistema hospitalario,2,technology,label2
El modelismo me distraía y ahora solo quiero desaparecer para siempre.,3,hobbies,label3
Nos vemos directo en la puerta del cine quince minutos antes de la función de las ocho,0,friends,label0
"Salí fundido del doble turno de hoy, encima llego a casa y tengo que seguir resumiendo",1,school,label1
Paso tantas horas frente a la pantalla que ya ni logro desconectarme al terminar el día.,2,technology,label2
Tengo miedo de que se me haya metido un virus porque me saltan ventanas de publicidad en cualquier navegador,1,technology,label1
"Mis hermanos tienen éxito y yo soy el fracaso, mejor desaparezco.",3,family,label3
La escuela me consume tanto que ya perdí las ganas de seguir adelante.,3,school,label3
"probando el nuevo iphone, la camara se ve bastante mejor",0,technology,label0
"Hoy intenté pintar un rato, pero no quedé convencido con el resultado.",1,hobbies,label1
"El budín de banana y nuez me quedó esponjosísimo, valió la pena esperar los 40 minutos de horno",0,cooking,label0
El aeropuerto estaba llenísimo hoy.,1,travel,label1
"El cansancio crónico me tiene mal, me duermo a los cinco minutos de cualquier película no por sueño sino porque mi cuerpo no da más",2,movies,label2
"erre un gol re facil, que verguenza jaja",0,sports,label0
"Me cuesta horrores sentarme a estudiar cuando afuera está lindo, pero si no estudio me va para el orto",1,school,label1
Me faltan apenas dos logros secretos para completar el 100% de la biblioteca de ese desarrollador,0,gaming,label0
Últimamente cualquier pendiente familiar me abruma más de lo normal.,2,family,label2
"La sequía me quitó el trabajo en el campo, no sirvo para otra cosa y mi vida terminó aquí.",3,weather,label3
Mi mejor amigo cambió de ciudad y lo voy a extrañar.,1,friends,label1
"Tengo una apatía total hacia mis proyectos personales, dejé todo tirado porque tocar una tecla me genera un rechazo visceral",2,programming,label2
Cada día salgo de la escuela con la sensación de no haber podido con todo.,2,school,label2
"Otra semana más fingiendo que no me duele que me excluyan del salón, estoy tan cansada que ya no quiero despertar",3,school,label3
Me da bronca que cancelen la fecha de la liga de fútbol justo cuando teníamos el equipo completo para jugar,1,weather,label1
"agregandole mas especias a la sopa, le faltaba sabor",0,cooking,label0
Paso tanto tiempo en aeropuertos que siento que nunca desconecto de verdad.,2,travel,label2
El viaje me separó de mi pareja y ahora solo quiero desaparecer.,3,travel,label3
"Las guardias de ciberseguridad me arruinaron la salud y la familia, ya tomé la decisión de acabar con todo",3,technology,label3
Cuidar a mi papá todos los días me tiene emocionalmente muy cansado.,2,family,label2
Pudiste conectar la impresora wifi o tuviste que tirar cable derecho al módem?,0,technology,label0
Nos anotamos en el torneo relámpago de fútbol playa para el fin de semana largo,0,sports,label0
La app canceló mi pedido después de esperar cuarenta minutos porque el restaurante se quedó sin stock,1,restaurants,label1
"Me dejaron en visto y siento que no valgo nada, prefiero desaparecer.",3,friends,label3
"estoy aprendiendo a tocar la guitarra, de a poco voy mejorando",0,music,label0
"Siento una culpa horrible por haber internado a mi mamá en un geriátrico, no duermo pensando en ella y apenas puedo probar bocado",2,family,label2
"Ya ni pintar logra hacerme sentir algo, solo quiero desaparecer.",3,hobbies,label3
"Hace semanas que mi pareja y yo no paramos de discutir por la crianza de los nenes, la casa es un campo de batalla que me agota mentalmente",2,family,label2
el proyecto se retraso un poco pero ya esta encaminado,0,work,label0
Mi aplicación volvió a fallar y siento que todos estarían mejor sin mí.,3,programming,label3
"la funcion asincrona no esperaba bien la respuesta, ya lo arregle",0,programming,label0
el sonido del show estuvo un poco flojo la verdad,0,music,label0
"Ayer me dio un ataque de pánico en la caja del supermercado cuando vi el monto total en la pantalla, tuve que salir a tomar aire",2,shopping,label2
"cenamos todos juntos esta noche, hacia rato que no pasaba",0,family,label0
"aprendiendo caligrafia, cuesta bastante agarrarle la mano",0,hobbies,label0
Desde hace meses siento una presión enorme por mantener la beca.,2,university,label2
Ayer quise coser un vestido que tenía a medias y terminé desarmando todo de la pura bronca e impotencia que siento todos los días,2,hobbies,label2
Perdí mi cuenta después de años y siento que mi vida ya no tiene sentido.,3,gaming,label3
mi compañera se toma un cafe conmigo todos los dias a las 4,0,work,label0
Llego del colegio tan agotado anímicamente que me tiro a dormir la siesta y me despierto sintiéndome igual de mal,2,school,label2
"probamos el brunch del domingo, quedamos encantados",0,restaurants,label0
"Dejé el libro abierto boca abajo en el sillón y se le rajó la contratapa, me quiero matar con lo que me costó comprarlo",1,books,label1
Trabajar en cocina todos los días me tiene emocionalmente drenado.,2,restaurants,label2
"Gasté lo último que tenía en ingredientes caros para una cena que nadie vino a compartir, estoy roto",3,cooking,label3
"probando los parlantes nuevos, se escuchan re bien",0,music,label0
Me quedé recalculando todo el viaje de vuelta por una indirecta re mala leche que me tiraron en la cena,1,friends,label1
Llevo tanto tiempo preocupado por mi perro que hasta las tareas más simples me cuestan trabajo.,2,pets,label2
Mi saga favorita terminó y siento que mi vida también debería terminar.,3,books,label3
Las escalas y los cambios de horario ya me tienen completamente drenado.,2,travel,label2
"pintando con oleo por primera vez, es bastante distinto a la acuarela",0,hobbies,label0
Vivir cambiando de hotel me tiene completamente agotado desde hace meses.,2,travel,label2
Me da bronca que mi hermana use mis cosas sin pedir permiso y encima las deje tiradas en cualquier lado 🤦‍♂️,1,family,label1
No entiendo una parte de programación y llevo horas intentando.,1,university,label1
"Mi sueño era hacer cine y ahora siento que mi vida no tiene sentido, ya no quiero seguir.",3,movies,label3
"Dejo las llaves del restaurante colgadas en la entrada, es mi despedida definitiva de este mundo.",3,restaurants,label3
"Terminé la facultad y perdí a todos mis compañeros, ahora paso los fines de semana enteros sin hablar con un solo ser humano, es asfixiante",2,friends,label2
"No me puedo concentrar ni para leer un poema, mi cerebro está roto y la única salida es la muerte",3,books,label3
Siento que llevo meses funcionando en automático en la oficina.,2,work,label2
pintando la pared del cuarto con un mural,0,hobbies,label0
"Le eché sal gruesa dos veces a la sopa sin darme cuenta y quedó totalmente incomible, me quiero matar",1,cooking,label1
Dicen que la secuela no le llega ni a los talones a la primera entrega de la saga,0,movies,label0
"Me tiemblan las manos cada vez que tengo que abrir el campus virtual, el pánico a ver las notas de los recuperatorios me asfixia",2,university,label2
El chofer del taxi me contó tres historias de la ciudad mientras cruzábamos el puente,0,transportation,label0
"Siento que mis amigos solo me aguantan por lástima, mejor desaparezco.",3,friends,label3
Estoy cansado de depender de sistemas que fallan constantemente.,2,technology,label2
"El chef salió a saludar a los clientes, estuvo padre.",0,restaurants,label0
el profe de arte nos dejo pintar libremente hoy,0,school,label0
No dejo de distraerme cuando intento leer y eso lleva meses pasando.,2,books,label2
"El quiosquero de la esquina no tenía figuritas, tuvimos que ir al que está a dos cuadras",0,school,label0
Se siente un olor a tierra mojada riquísimo por la lluvia de recién,0,weather,label0
Llevo meses intentando sacar este proyecto adelante y siento que ya no vale la pena seguir.,3,programming,label3
No sé cómo decirle a mi amigo que me molesta que siempre caiga con gente desconocida cuando arreglamos para vernos nosotros,1,friends,label1
"Compré unas botas caras y a los dos días de uso se les despegó la suela en la punta, qué estafa",1,shopping,label1
me llamaron para una entrevista de trabajo el jueves,0,work,label0
Los clientes difíciles me afectan mucho más que antes y llevo meses así.,2,restaurants,label2
Compré cera de soja y pabilos de madera para hacer velas aromáticas con esencia de bergamota,0,hobbies,label0
"Hice dos figuras complejas de origami con papel satinado y no se me rompieron los pliegues, un milagro",0,hobbies,label0
"La separación de mis papás se volvió súper violenta y a mí me usan de mensajero, me da pánico estar en el medio de los dos",2,family,label2
Desde hace semanas entro al servidor con ansiedad porque siento que voy a volver a fallar.,2,gaming,label2
"Quería verla en el cine, pero ya quitaron la función.",1,movies,label1
Hoy me tocó ayudar a mi abuelo con unos trámites.,1,family,label1
Mi jefe quiere cambios de última hora y toca adaptarse.,1,work,label1
"Ya no puedo soportar otro día de clases, siento que no hay salida.",3,school,label3
"Viajar aplastado contra la puerta del vagón con este calor me deja sin aire, salgo del subte con dolor de cabeza",1,transportation,label1
"Mi rendimiento como full-stack está por el piso, la fatiga mental es tan fuerte que ya tomé la decisión de apagar todo para siempre",3,programming,label3
Metí un try catch global en el worker de Celery para atrapar excepciones que colgaban la cola,0,programming,label0
Mi planta sigue sin crecer como esperaba.,1,hobbies,label1
"Terminé un libro larguísimo ayer y no sentí absolutamente nada, antes me emocionaba un montón y ahora solo siento indiferencia total",2,books,label2
Cancelaron el entrenamiento por la tormenta otra vez.,1,weather,label1
Avisame cuando aterrice tu vuelo así calculo a qué hora pasar a buscarte por la terminal 2,0,travel,label0
"La comida del comedor hoy estaba sorprendentemente rica, hicieron fideos con tuco",0,school,label0
Con tanta lluvia me siento atrapado y cada día me cuesta más mantener el ánimo.,2,weather,label2
la torta quedo mejor de lo que esperaba,0,cooking,label0
"Entregué a mi mascota porque ya no podía mantenerla y siento que nunca me lo voy a perdonar, ya no quiero seguir.",3,pets,label3
El metro avanzaba muy lento esta mañana.,1,transportation,label1
Estoy tan saturado del competitivo que hasta dormir me cuesta después de jugar.,2,gaming,label2
Mañana tengo presentación con la banda y ya ando nervioso.,1,music,label1
Necesito administrar mejor mi tiempo este semestre.,1,university,label1
"El aislamiento de trabajar encerrado en mi cuarto tres años seguidos me destruyó, hoy apago la luz para siempre",3,technology,label3
Estoy tan agotado emocionalmente que ojalá todo terminara de una vez.,3,university,label3
Siento un vacío y un agotamiento tan profundo que ya ni siquiera me alegra cuando me pagan el sueldo a fin de mes,2,work,label2
Tengo que rehacer toda la muestra estadística porque el profe dice que el tamaño de la población está sesgado,1,university,label1
No compren entradas para la sala 4 que el aire acondicionado está tirando calor en vez de frío,0,movies,label0
"Mi huerta era lo único que me mantenía de pie, ahora se secó todo y siento que yo también debería irme.",3,hobbies,label3
Me comparo con los personajes exitosos del cine y siento que no merezco vivir.,3,movies,label3
Siento que mi relación con la música cambió por completo y eso ya afecta hasta cómo paso mi tiempo libre.,2,music,label2
Cada día frente al monitor pienso menos en el código y más en que ya no quiero vivir.,3,programming,label3
"Puse a lavar las sábanas de todas las camas, después ayúdenme a tenderlas en la terraza",0,family,label0
"Desde el choque que tuve hace meses manejar ya no se siente igual, vivo muy tenso al volante.",2,transportation,label2
Últimamente hasta elegir qué escuchar me parece demasiado esfuerzo.,2,music,label2
Estoy peleándome con los estilos en CSS desde hace rato.,1,programming,label1
El GPS nos hizo dar una vuelta enorme durante el viaje.,1,travel,label1
"El bar que tanto soñé abrir se convirtió en una trampa de deudas, ya tomé la decisión de apagar mi vida.",3,restaurants,label3
Llevo horas buscando un bug y todavía no encuentro qué lo causa.,1,programming,label1
Perdí 80 puntos de elo hoy por insistir jugando cuando ya estaba re tilteado de cabeza,1,gaming,label1
"Fui un pésimo desarrollador backend y arruiné todo, les pido perdón pero ya no puedo lidiar con mi propia existencia",3,programming,label3
"Llevo meses pagando la suscripción al pedo, el cansancio emocional que manejo me quitó hasta las ganas de armar una lista de reproducción",2,music,label2
El agotamiento mental que cargo es tan pesado que tardo tres días en escribir un script que normalmente me tomaba dos horas,2,programming,label2
Tengo que memorizar los nombres de cincuenta personajes secundarios para el examen de literatura y se me mezclan todos,1,books,label1
"Siento que no me rinde el tiempo para nada, cierro un ticket y me caen tres más al sistema",1,work,label1
"Anotá en la lista de compras que falta pimienta negra en grano, pimentón ahumado y sal gruesa",0,cooking,label0
"Quería ser escritor para dejar una marca en el mundo, pero soy un fantasma y prefiero hacerme invisible de verdad",3,books,label3
"Mi tesis me rompió por dentro, ya no quiero vivir.",3,university,label3
Hoy ayudé a mi mamá con las compras y nos tomó más tiempo del esperado.,1,family,label1
Ya no logro concentrarme cuando intento hacer algo que antes me encantaba.,2,hobbies,label2
Ya ni siquiera disfruto jugar con mi squad porque siempre termino agotado.,2,gaming,label2
"Lloro cada vez que tengo que encender la laptop de la oficina, la única manera de frenar este dolor crónico es no estando más",3,technology,label3
"Puse el DVD de nuestra película favorita, te extraño tanto que hoy voy a ir a buscarte al otro lado.",3,movies,label3
"Siento que mi única utilidad era tirar código y como ya no puedo concentrarme, mi vida no tiene ningún valor",3,programming,label3
No pude tender la ropa porque no deja de llover.,1,weather,label1
"Me banearon la cuenta de diez años por un error, perdí mi vida entera ahí y ya no le encuentro sentido a existir",3,gaming,label3
Se juntaron los reportes de laboratorio con los parciales.,1,university,label1
Trabajo con tecnología todo el día y ya siento un cansancio mental constante.,2,technology,label2
"Qué lindo día soleado para lavar las sábanas y colgarlas al aire libre, se secan en un toque",0,weather,label0
La universidad me quitó las ganas de seguir intentando cualquier cosa.,3,university,label3
"Extraño sentirme cercano a mis amigos, pero desde hace mucho tiempo todo se volvió emocionalmente muy pesado.",2,friends,label2
Todo lo que construí como gamer se vino abajo y quisiera desaparecer.,3,gaming,label3
Descongelé el pescado blanco en la heladera desde anoche para cocinarlo al horno con papas panadera,0,cooking,label0
"Qué difícil es bañar a un gato grande cuando se resiste con uñas y dientes, terminé con los brazos llenos de rasguños",1,pets,label1
El calor me deshidrata y me quita las ganas de seguir.,3,weather,label3
bañe al perro hoy y quedo todo mojado el patio,0,pets,label0
Hoy me rechazaron un pull request por varios detalles.,1,programming,label1
El menú tiene muchas opciones vegetarianas.,0,restaurants,label0
"Hace un mes que no logro conectar con ningún personaje, vivo tan metido en mis propios miedos y paranoias que la ficción me parece inalcanzable",2,movies,label2
"En el grupo de WhatsApp nadie me contesta, ya no tiene sentido seguir viviendo.",3,friends,label3
"Mi abuela me tejió una bufanda de lana para el invierno, le quedó re linda",0,family,label0
El DJ cambió el orden de las canciones y me sacó de onda.,1,music,label1
Se me acalambró el gemelo derecho en la pileta justo cuando terminaba los 100 metros libres,0,sports,label0
"Siento que la ingeniería me consumió el alma, llevo tres años sin tener vida social y aún así sigo reprobando cálculo",2,university,label2
Cada día de sol abrasador me pregunto por qué sigo aquí.,3,weather,label3
"Leo una frase y mi mente se dispara a maquinar problemas, me paso horas leyendo pero estoy atrapado en mis propios pensamientos",2,books,label2
"Compré las tres cartulinas que pidió la seño, me faltan los marcadores indelebles",0,school,label0
El profe de física explica re rápido y cuando pregunto me hace sentir que es una pavada,1,school,label1
La nieve acumulada en la vereda se hizo hielo y casi me pego un golpe terrible al salir a comprar pan,1,weather,label1
No me sale la simetría del rostro en el retrato que estoy dibujando y ya borré tanto que casi rompo la hoja,1,hobbies,label1
Miro la heladera vacía a mitad de quincena y me invade una desesperación tan grande que me cuesta horrores levantarme al día siguiente,2,shopping,label2
el club de lectura eligio un libro bastante largo este mes,0,books,label0
"Este invierno gris me aplastó por completo, ojalá no me despierte mañana para dejar de sufrir.",3,weather,label3
el gps me llevo por un camino distinto al de siempre,0,transportation,label0
"Dejé de comer para no cocinar, y ya no quiero estar aquí.",3,cooking,label3
Estuvimos mirando fotos viejas de las vacaciones del 2010 y nos morimos de la risa con los cortes de pelo,0,family,label0
"Las compras en línea dejaron de emocionarme, ahora solo me generan tensión.",2,shopping,label2
Pedí las papas fritas crocantes y me trajeron una porción grasienta que parecía recalentada en microondas,1,restaurants,label1
"Miro mi biblioteca de Steam con cientos de juegos y no logro conectar con ninguno, la apatía me tiene completamente ganado",2,gaming,label2
"Tengo que streamear para comer pero el pánico me paraliza frente a la cámara, estoy en un callejón sin salida y me voy a quitar la vida",3,gaming,label3
"El agua de la lluvia me arruinó una encomienda de cartón que me habían dejado en el porche, qué bronca",1,weather,label1
Tengo que faltar a clases para llevar a mi abuela a hacerse una tomografía y me da miedo atrasarme,1,family,label1
Tuvimos que esperar parados en la barra apretados porque la mesa reservada todavía no se desocupaba,1,restaurants,label1
Ando con los nervios de punta preparando tres platos distintos para la cena de navidad sin ayuda de nadie,1,cooking,label1
"Siento que la rutina del traslado me vació de motivaciones, ya no tengo ganas de estudiar, ni de entrenar, ni de hacer nada productivo",2,transportation,label2
Puse tres buzos básicos en el carrito de compras online esperando a ver si bajan en el CyberMonday,0,shopping,label0
"Quería comprar la edición nueva, pero ya se había agotado.",1,books,label1
"Soy lavaplatos y nadie nota que existo, mejor desaparezco.",3,restaurants,label3
Me frustra un huevo que me recomienden un clásico como una obra maestra y a mí me parezca un bodrio intragable,1,books,label1
Me quedé sin batería en la notebook y en este anfiteatro no anda ninguno de los enchufes lpm,0,university,label0
"Nos peleamos feo con mi viejo por temas de plata del arreglo del auto, qué amargura",1,family,label1
mi abuela se compro un celular nuevo y le estoy enseñando a usarlo,0,technology,label0
Me cuesta encontrar un rato libre para avanzar en mi colección.,1,hobbies,label1
Hace semanas que evito el sector de franquicias porque ver a todo el mundo comiendo feliz me recuerda lo deprimida y sola que estoy,2,restaurants,label2
Me dio un ataque de pánico cuando la cinta de equipajes se detuvo y mi valija despachada no aparecía,1,travel,label1
"Siento que la disciplina deportiva se transformó en una cárcel, no tengo vida social ni descanso mental hace más de un año",2,sports,label2
Últimamente ni las comedias logran sacarme del agotamiento que traigo.,2,movies,label2
"Desde que ella murió ya no puedo entrar a la cocina sin romperme por dentro, ojalá no despertara.",3,cooking,label3
Me siento emocionalmente cansado de intentar que las amistades funcionen.,2,friends,label2
"Llevo semanas soñando con que fallo el último tiro del partido, me despierto bañado en sudor frío y con palpitaciones",2,sports,label2
El sonido en el estadio rebotaba un poco al fondo pero el show estuvo diez puntos,0,music,label0
Llevo meses sintiéndome desconectado hasta de mis amigos más cercanos.,2,friends,label2
"Llevo meses en burnout severo, no puedo pensar ni trabajar, solo quiero cerrar los ojos y descansar en paz",3,work,label3
nos anotamos como grupo para el campeonato intercolegial,0,school,label0
Me cuesta enfocarme en el trabajo desde que paso media vida viajando.,2,travel,label2
Entre el trabajo y la familia siento que el tiempo no alcanza.,1,family,label1
"El restaurante estaba lleno, así que esperamos unos minutos.",0,restaurants,label0
El huracán me quitó todo y ahora solo quiero desaparecer.,3,weather,label3
"Mi animalito me daba el amor que nadie más me dio, su muerte me confirmó que la vida es una basura y ya me voy de aquí",3,pets,label3
Cada mañana antes de entrar al trabajo deseo no despertar.,3,work,label3
Desde hace tiempo duermo mal pensando en todo lo que tengo que hacer en el trabajo.,2,work,label2
Paso más tiempo evitando cocinar que realmente preparando la comida.,2,cooking,label2
La próxima salida elijo yo el lugar porque siempre terminamos yendo a la misma cervecería che,0,friends,label0
"Me diagnosticaron una alergia grave que me prohíbe comer lo que amo, mi vida perdió el sentido y me quiero ir",3,cooking,label3
"Me da terror abrir la casilla de entrada a la mañana, sé que hay cincuenta problemas técnicos esperando y siento que no doy abasto",2,technology,label2
reserve una mesa para el cumple de mi mama,0,restaurants,label0
"La presión que me ponen mis padres para ser perfecto me reventó por dentro, ya no quiero vivir más.",3,family,label3
"No doy más con estas temperaturas, llevo veinte días con insomnio severo y hoy casi choco el auto por el embotamiento mental que cargo",2,weather,label2
Desde hace meses no siento que tenga un lugar fijo donde descansar.,2,travel,label2
"No me reconozco en este trabajo, antes me apasionaba enseñar y ahora cada mañana en el aula es una tortura silenciosa",2,work,label2
Tuvimos un cruce medio feo en Discord jugando ranked porque me echó la culpa de haber perdido la partida,1,friends,label1
Vi tantos capítulos seguidos que terminé cansado.,1,movies,label1
"Armé un terrario cerrado en un frasco de vidrio grande con musgo, piedritas y dos helechos mini",0,hobbies,label0
la habitacion del hotel es mas chica de lo que se veia en las fotos,0,travel,label0
"Mis amigos siguen ahí, pero mantener la relación se ha vuelto muy difícil para mí.",2,friends,label2
me pase toda la tarde leyendo sin darme cuenta,0,books,label0
Últimamente cualquier turno se siente como si durara el doble.,2,restaurants,label2
Se nubló de repente y me agarró sin paraguas.,1,weather,label1
Me aislé de toda la comunidad dev y de mis amigos porque me da vergüenza profunda admitir que este framework me sobrepasó,2,programming,label2
"Llevo semanas comiendo fideos solos porque el dinero no me alcanza para más, la tristeza de no poder comprar comida digna me destruye",2,shopping,label2
La escena final de mi peli favorita me hace pensar en el final de mi vida.,3,movies,label3
saque la licencia de conducir la semana pasada,0,transportation,label0
Ver películas era mi forma de descansar y ahora hasta eso me cuesta.,2,movies,label2
Se desconfiguró la hora del reloj digital cuando se cortó la luz anoche,0,technology,label0
"Escribí un guion sobre mi vida y me di cuenta de que no vale la pena, ya no quiero estar.",3,movies,label3
Perdí el torneo otra vez y creo que ya no tiene sentido seguir.,3,gaming,label3
"No sé cómo voy a hacer para estudiar anatomía y biología el mismo fin de semana, es un montón",1,school,label1
"coleccionando monedas antiguas, encontre una re rara en una feria",0,hobbies,label0
Cada problema con la nube me genera una preocupación que dura todo el día.,2,technology,label2
"Descendimos a la liga inferior por mi culpa, arruiné el esfuerzo de todo el roster y merezco desaparecer del mapa",3,gaming,label3
"Siento que mi única utilidad era programar y como ya el cerebro no me da, mi vida no tiene ningún valor",3,technology,label3
"Mis amigos se burlaron de mis problemas la última vez que nos vimos, desde ese día vivo con una angustia que me tiene el estómago cerrado",2,friends,label2
"El veterinario dice que mi gata tiene sarro avanzado y hay que hacerle una limpieza dental con anestesia general, me da miedo",1,pets,label1
La enfermedad de un familiar me tiene emocionalmente agotado desde hace meses.,2,family,label2
"Me sentí re estafado con los efectos especiales de la película, en el trailer prometían otra cosa totalmente distinta",1,movies,label1
Estoy emocionalmente agotado por la presión del trabajo y cada día me cuesta más rendir.,2,work,label2
Compré unos marcadores lavables para que los chicos no manchen la mesa del comedor,0,family,label0
Había tantas personas hablando en el cine que distraían bastante.,1,movies,label1
"Ver que mi ex mejor amigo ya tiene un nuevo grupo feliz me terminó de quebrar, adiós a todos.",3,friends,label3
"Qué bronca bárbara, organizamos el picnic durante dos semanas y la tormenta nos arruinó todo el plan 🤦‍♂️",1,weather,label1
"Qué decepción este lugar nuevo que tanto recomendaban en redes, los platos son diminutos y carísimos",1,restaurants,label1
"Vendí mi bicicleta para poder comer y me quedé a pie y sin nada, me rindo, la vida me ganó y me despido de todos",3,transportation,label3
Compré un soporte magnético para el teléfono para no distraerme mirando el mapa al manejar,0,transportation,label0
Mi cachorro llora cuando me voy a trabajar.,1,pets,label1
"Mi familia estaría mejor sin mí, les arruiné la vida con mis compras compulsivas.",3,shopping,label3
"La tesis me consumió cuatro años y me la acaban de rechazar, mi vida perdió todo el sentido y me quiero ir",3,university,label3
"Ya no puedo con los bugs, ojalá mañana no despertara.",3,programming,label3
la clase de programacion se hizo eterna hoy,0,university,label0
Me está costando mantener el ritmo porque cualquier fallo técnico me desconcentra por completo.,2,technology,label2
Qué fila kilométrica en el andén para subir a la formación que va a provincia,0,transportation,label0
"Hace semanas que pago las plataformas de streaming al pedo, entro, miro los pósters y siento una pesadez tan grande que termino apagando",2,movies,label2
"El concierto fue bueno, pero el sonido no estuvo tan claro.",1,music,label1
Cada vez me cuesta más trabajo escribirle a mis amigos aunque quiera hacerlo.,2,friends,label2
"Compro y compro para sentir algo, pero ya solo quiero que todo acabe.",3,shopping,label3
Espero cerrar todos los pendientes del sprint antes del viernes.,1,programming,label1
"Llevo dos meses en piloto automático scrolleando feeds sin poder concentrarme en mis responsabilidades, la sobrecarga me consumió",2,technology,label2
se me paso el arroz un poco pero se puede salvar,0,cooking,label0
"No puedo dejar de llorar por mi mascota, quisiera no despertar mañana.",3,pets,label3
"Si no soy jugador profesional no soy nada, me lesioné la muñeca y mi vida perdió absolutamente todo el sentido, adiós",3,gaming,label3
"La cámara web de la notebook tiene una resolución malísima con poca luz, voy a buscar una externa",0,technology,label0
"Antes bordar me daba paz, ahora cada puntada me recuerda lo dolorosa que es la vida y tomé la firme decisión de irme.",3,hobbies,label3
"Llevo semanas sintiendo náuseas antes de subir al escenario, la presión de tocar en vivo me destruyó los nervios por completo",2,music,label2
Cada noche reviso varias veces a mi perro y luego amanezco completamente cansado.,2,pets,label2
El equipo me sacó de la alineación y ya no veo ninguna salida.,3,gaming,label3
cantando en el auto todo el viaje con la radio a full,0,music,label0
No logro hacer que pasen todos los tests.,1,programming,label1
"tengo educacion fisica primera hora, hoy toca voley",0,school,label0
"Me identifico tanto con el personaje principal que decidió rendirse, creo que voy a seguir sus mismos pasos esta noche",3,books,label3
Llevo semanas intentando terminar una película de Netflix pero mi atención está tan destrozada por el burnout que siempre la dejo,2,movies,label2
hice la devolucion del producto que llego roto,0,shopping,label0
Ayer me dio un ataque de llanto en medio de un live coding técnico porque la mente se me puso totalmente en blanco,2,programming,label2
"Preparar la vianda para ir al trabajo se volvió una tortura, termino llorando a las once de la noche frente a la heladera abierta",2,cooking,label2
"Llevo días viendo la misma película en bucle, perdí la noción de la realidad y solo deseo dejar de existir ya.",3,movies,label3
"El estrés de estar conectado respondiendo correos 24/7 me destrozó, ojalá me duerma hoy y no despierte nunca más",3,technology,label3
Me confundí con las instrucciones de la tarea 😕,1,school,label1
me toco hacer el resumen de la reunion para todos,0,work,label0
"Lloro frente a la cuna vacía de mi bebé, el dolor me asfixia y voy a ir a buscarlo al cielo hoy.",3,family,label3
"empezando a coleccionar vinilos, ya tengo unos diez",0,hobbies,label0
Llegué re tarde a la primera hora por el corte de calle y me clavaron media falta en preceptoría,1,school,label1
¿Ya probaste el nuevo restaurante de hamburguesas?,0,restaurants,label0
"Hace semanas que la música me suena vacía, escucho mis bandas favoritas y no siento absolutamente nada",2,music,label2
pido un uber porque esta lloviendo bastante fuerte,0,transportation,label0
El viaje en camioneta con toda la familia estuvo largo pero paramos a comer unas empanadas en la ruta,0,family,label0
Mi bajo necesita cuerdas nuevas y se nota al tocar.,1,music,label1
"Cada día nublado me recuerda lo vacío que estoy, ojalá no despertara.",3,weather,label3
Qué tipo de harina conviene usar para que la masa de tarta quede crocante y no se rompa?,0,cooking,label0
Nos agarró un piquete en la ruta de acceso y casi perdemos el transfer que nos llevaba al aeropuerto,1,travel,label1
Termino mis días tan drenado emocionalmente que mi único pasatiempo ahora es mirar la pared esperando que se me pase este dolor,2,hobbies,label2
La preventa del libro que esperaba hace un año se agotó en diez minutos y me quedé sin la edición especial,1,books,label1
"Me saco los lentes de realidad virtual y veo mi vida miserable, no soporto la realidad y tomé la decisión de no volver a ella",3,gaming,label3
"Ando re frustrado porque no logro subir copas en Clash Royale, me cruzo puro mazo counters con niveles al máximo",1,gaming,label1
Entre el trabajo y programar en las noches ya terminé cansado.,1,programming,label1
"Me anoté en las clases de cerámica que tanto quería y ayer falté por tercera vez, no me da el cuerpo de tanta fatiga mental",2,hobbies,label2
Lloré un montón con la de animación pero el mensaje final que deja es hermoso,0,movies,label0
"Mis amigos me ignoran cuando hablo de mi dolor, ya no quiero estar aquí.",3,friends,label3
Hoy falté otra vez a clases porque ya no veo futuro para mí.,3,university,label3
"Nadie entró a mi directo en todo el mes, soy un completo fracaso intentando ser streamer y prefiero desaparecer de una vez",3,gaming,label3
La dependencia absoluta de estos sistemas inestables para poder comer me tiene con una opresión en el pecho que no cede jamás,2,technology,label2
Anoté las direcciones de los miradores gratuitos para no pagar las entradas caras de las torres,0,travel,label0
El sistema falló varias veces y nos atrasó bastante.,1,work,label1
"Creo que exageré un poco en la discusión, luego le escribiré.",1,friends,label1
"La ola de frío me tiene congelado por dentro y por fuera, ya no quiero estar.",3,weather,label3
"Me da nervio presentar el proyecto mañana, espero que salga bien.",1,work,label1
Ya van meses de retrasos en el transporte y siento que mi paciencia se acabó.,2,transportation,label2
prendi la calefaccion porque enfrio bastante de golpe,0,weather,label0
"Ayer me invitaron a una maratón de Star Wars y me inventé que estaba enfermo, la depresión me tiene aislado hasta de las cosas que amaba",2,movies,label2
Estoy convencido de que soy una decepción y que todos estarían mejor sin mí.,3,school,label3
Llevo semanas evitando comprar algunas cosas porque me genera mucha ansiedad decidir.,2,shopping,label2
Últimamente cometo errores por lo cansado que estoy y eso me preocupa cada vez más.,2,work,label2
"La olla está vacía y mi vida también, ya no quiero estar aquí.",3,cooking,label3
cambiando los zapatos porque el otro par se rompio rapido,0,shopping,label0
Hoy caminamos muchísimo visitando lugares turísticos.,1,travel,label1
Siento que mi única salida para dejar de sufrir por la presión de esta empresa es desaparecer para siempre,3,work,label3
"Cocinar para mi marido enfermo me drenó por completo la poca energía vital que me quedaba, lo hago por amor pero estoy destruida por dentro",2,cooking,label2
Quién para rankear un rato en Valorant hoy a la noche? Nos falta uno para quinteto,0,gaming,label0
"Hace dos meses que mi rendimiento en la pileta no para de caer, nado con los brazos pesados y lloro de frustración en las duchas",2,sports,label2
El cachorro me masticó las patas de la mesa del comedor y ya no sé cómo hacer para que entienda que no se muerde 😩,1,pets,label1
"Ya ni la música logra calmarme, solo quiero desaparecer.",3,music,label3
Fijate si podés cubrirme la primera media hora del turno que el colectivo viene a paso de hombre,0,work,label0
Se me empañaron todos los vidrios del auto por la diferencia de temperatura de adentro y afuera,0,weather,label0
Llevo un mes renovando el préstamo de un libro porque me da vergüenza admitir que no pude leer ni el prólogo por lo mal que estoy,2,books,label2
"Perdí la final del torneo, pero estuvo divertida.",1,gaming,label1
Mi rutina gira alrededor de los problemas en casa y me siento completamente desgastado.,2,family,label2
Fallé otra competencia y siento que mi vida perdió el sentido.,3,sports,label3
Esperaba que adaptaran mejor ese libro.,1,movies,label1
terminamos la clase de yoga bastante relajados,0,sports,label0
Tengo que implementar la autenticación con JWT antes de que termine el sprint actual,0,programming,label0
"Mis compañeros de la carrera de software son brillantes y yo no entiendo ni los bucles básicos, no quiero seguir ocupando espacio en el mundo",3,programming,label3
Últimamente siento que cualquier pendiente me rebasa y eso afecta todo mi día.,2,work,label2
Me frustra un montón no tener tiempo libre para salir con la cámara de fotos por estar tapado de compromisos,1,hobbies,label1
"Apago el gas de la cocina por última vez, mi ciclo en este mundo llegó a su fin, adiós",3,cooking,label3
La lluvia arruinó los planes que tenía para hoy.,1,weather,label1
"Aunque sigo asistiendo a la universidad, cada día me cuesta más mantener el ritmo.",2,university,label2
Me faltó concentración en el segundo tiempo.,1,sports,label1
Desde hace semanas mi alimentación empeoró porque no puedo sostener la rutina de cocinar.,2,cooking,label2
"Antes el cine era mi escape, ahora ni eso me ayuda a desconectarme.",2,movies,label2
"Soy nómada digital pero la soledad me tiene al borde, ya no quiero continuar.",3,travel,label3
"Hace dos meses que no tengo un solo domingo de paz, las reuniones familiares siempre terminan en gritos y yo salgo descompuesto",2,family,label2
"Miro la pantalla y las letras parecen flotar, el agotamiento visual y mental que cargo hace dos meses me dejó totalmente disfuncional",2,technology,label2
"Vivo en un departamento que es un horno y la falta de descanso lleva meses pasándome factura, estoy rindiendo pésimo en la facultad",2,weather,label2
Todo ha subido tanto que hacer las compras se volvió una fuente constante de estrés.,2,shopping,label2
"Viendo cómo muere el protagonista sentí una envidia inmensa, quiero descansar como él y lo haré esta noche.",3,movies,label3
"El dueño de las placas me corrió y ya no podré ser taxista, perdí mi único ingreso y mi única opción es dejar este mundo",3,transportation,label3
"desbloquee el personaje nuevo, tiene habilidades re buenas",0,gaming,label0
El ambiente es tan insoportable que la idea de morir se volvió mi único consuelo durante mi turno,3,work,label3
"El estrés de repartir pedidos de comida con la presión de los tiempos me dejó con gastritis crónica, vivo amargado y asustado todo el día",2,restaurants,label2
"Gasté todos los ahorros del mes en el gacha y arruiné mi vida por completo, no merezco vivir con esta culpa, adiós",3,gaming,label3
Últimamente termino agotado después de cualquier conversación con amigos.,2,friends,label2
"Se me quedó sin batería el coche justo cuando salía para el trabajo, tengo que esperar a que el seguro me mande auxilio",1,transportation,label1
"Estudio para ser escritor y siento que no valgo nada, ya no quiero seguir.",3,books,label3
El guía turístico nos contó toda la historia de las ruinas prehispánicas y estuvo súper entretenido,0,travel,label0
"Me sacaron del grupo del salón para burlarse de mí, ya no quiero vivir en un mundo así",3,school,label3
Cada vez que empieza mi turno siento un peso enorme en el cuerpo.,2,restaurants,label2
Cada vez que entro al salón siento una presión que no se me quita.,2,school,label2
Intento retomar mis pasatiempos cada fin de semana y siempre los dejo a medias.,2,hobbies,label2
Nos perdimos en las callecitas empedradas del barrio antiguo pero encontramos un cafecito hermoso de casualidad,0,travel,label0
Alguien sabe si el recital del sábado es en predio abierto o techado?,0,friends,label0
prendi el ventilador porque no se aguanta el calor,0,weather,label0
cambiando la contraseña del wifi porque nadie se acordaba,0,technology,label0
Desde hace semanas me cuesta muchísimo contestar mensajes de mis amigos.,2,friends,label2
"La actuación del villano se come toda la película, tendrían que darle un premio seguro",0,movies,label0
La fila para cargar combustible estaba larguísima.,1,transportation,label1
Llevo meses pegado a la computadora y siento que mi cabeza ya no descansa.,2,technology,label2
"Qué desgaste lidiar con la adolescencia de mi hijo, cualquier cosa que le digo se la toma a la defensiva",1,family,label1
Fui a cenar con mi pareja para celebrar nuestro aniversario y me la pasé llorando en el baño del local por la angustia que traigo arrastrando,2,restaurants,label2
prendi el aire acondicionado por primera vez este año,0,weather,label0
El paisaje gris de este pueblo fantasma bajo la llovizna me confirma que nadie va a llorar si desaparezco.,3,weather,label3
Desde hace meses cualquier derrota me deja sin ánimo para hacer otras cosas.,2,gaming,label2
"El rival hizo una buena jugada, toca aprender de eso.",1,gaming,label1
Compré dos paquetes de papas fritas gigantes y gaseosa para picar mientras vemos el partido,0,friends,label0
"Mi colección de figuras sigue creciendo, pero ya ni disfruto acomodarla.",2,hobbies,label2
"Llevo semanas jugando ocho horas diarias en piloto automático, sintiéndome desconectado de mi propio cuerpo y de la realidad",2,gaming,label2
"cancelamos el asado por la lluvia, lo pasamos para el domingo",0,weather,label0
Ya no encuentro razones para seguir después de perder mi empleo.,3,work,label3
Llevo semanas intentando avanzar con este proyecto y siento que mi cabeza ya no da para más.,2,programming,label2
Este capítulo estuvo más complicado de entender.,1,books,label1
"Mi perrita era mi único apoyo emocional, sin ella la depresión me ganó y ya no quiero luchar más",3,pets,label3
el profe de box nos hizo trabajar bastante los reflejos,0,sports,label0
Mi hijo se fue de casa y siento que ya no tengo razón para vivir.,3,family,label3
"el contenedor de docker no queria levantar, ya lo solucione",0,programming,label0
"Se canceló el tour en catamarán por el oleaje fuerte, nos dijeron que lo reprograman para pasado mañana",0,travel,label0
Qué cómodo es pagar con el celular usando la antena NFC sin sacar la billetera,0,technology,label0
Cada viaje al trabajo parece interminable y ya no logro recuperarme durante el día.,2,transportation,label2
"Terminé el reparto bajo la lluvia con dos horas de demora, qué día más cuesta arriba",1,work,label1
Herví unos mates cocidos calentitos con pan tostado con queso para el desayuno de los nenes,0,cooking,label0
me olvide de hacer commit antes de cerrar la compu,0,programming,label0
"El sol no aparece y mi ánimo tampoco, ya no quiero estar aquí.",3,weather,label3
Trabajé toda mi vida en restaurantes y ya no le veo sentido a nada.,3,restaurants,label3
aprendiendo a hacer pasta casera desde cero,0,cooking,label0
Hoy jugué cansado y se notó bastante.,1,gaming,label1
Se me juntaron tres cierres contables el mismo día y no sé por cuál arrancar a ordenar,1,work,label1
Subí a arena legendaria en Clash Royale usando un mazo re ciclado que vi en YouTube,0,gaming,label0
"Compré un juego de sábanas de cuatrocientas hebras en el bazar del centro, una caricia al tacto",0,shopping,label0
"No pude pasar ni una sola prueba de código para entrar a trabajar, soy un fracaso y mi única paz será morir",3,technology,label3
Me siento demasiado cansado para seguir cualquier trama después de unos minutos.,2,movies,label2
"Mi cuya amaneció con un ojo medio cerrado y lagañoso, espero que no sea una infección respiratoria",1,pets,label1
Me cuesta seguir el ritmo porque mi cabeza está en otra parte todo el tiempo.,2,music,label2
"Siento que mi vida se redujo únicamente a jeringas, pañales y sueros para mi mascota, perdí totalmente mis espacios propios",2,pets,label2
Alguien anda cerca del centro para hacer tiempo en una cafetería hasta que me toque el turno?,0,friends,label0
"me quede sin nafta a mitad de camino, por suerte habia una estacion cerca",0,transportation,label0
"Siento que si me voy nadie va a llorar mi ausencia, mis amigos ya hicieron su vida sin mí.",3,friends,label3
Reservé una noche extra en la posada porque el clima mejoró y queremos disfrutar un día más de sol,0,travel,label0
"Terminé mi turno totalmente quebrado por dentro, siento que el código me apagó la luz y mi única paz será la muerte",3,programming,label3
"El bombardeo constante de notificaciones en Slack me destruyó la capacidad de concentración, tardo cuatro horas en redactar un correo",2,technology,label2
Cada temporada prometo que será diferente y siempre acabo igual de drenado.,2,gaming,label2
Se me hace pesado viajar diario hasta la universidad.,1,university,label1
horneando alfajores para regalar en las fiestas,0,cooking,label0
Llevo dos meses pasando cuatro horas diarias arriba del colectivo y llego a la oficina tan roto que no logro concentrarme en nada,2,transportation,label2
Compramos los tickets del tren de alta velocidad con descuento por sacarlos dos meses antes,0,travel,label0
"El maltrato técnico del líder de proyecto me tiene anulado, voy a trabajar sintiéndome el programador más incompetente del planeta",2,programming,label2
El ambiente era tan oscuro que teníamos que usar la linterna del celular para leer los precios de la carta,1,restaurants,label1
Ser repartidor del restaurante también me tiene agotado mentalmente.,2,restaurants,label2
Ya no soporto ver las historias de Instagram de mis amigos divirtiéndose mientras yo me hundo en este pozo.,3,friends,label3
"Hace un mes que no tengo ganas de hacer nada más en todo el día, el juego me absorbió la motivación para vivir el mundo real",2,gaming,label2
"Trabajar de bachero sin descanso me secó el cerebro, esta vida de esclavo no vale nada, me despido de todos.",3,restaurants,label3
"probando el nuevo control, se siente mejor que el anterior",0,gaming,label0
Qué impotencia perder por un punto en el último segundo del partido por un error defensivo tan tonto,1,gaming,label1
"Fui a comprar el buzo que vi ayer en vidriera y justo se llevaron el último en mi talle, qué bronca",1,shopping,label1
El entrenamiento de artes marciales estuvo más pesado de lo normal.,1,sports,label1
Las responsabilidades con mi familia ocupan toda mi cabeza desde hace mucho tiempo.,2,family,label2
Desde que regresé de la lesión no logro recuperar mi nivel y eso me pesa todos los días.,2,sports,label2
buscando el cargador que combine con el nuevo celular,0,technology,label0
"No importa cuánto entrene, ya no encuentro motivos para seguir.",3,sports,label3
"Mi perro guía falleció y me quedé totalmente a oscuras en todos los sentidos, ya no quiero seguir luchando en esta vida",3,pets,label3
Mandame la minuta de la reunión de ayer que justo se me cortó la luz cuando resumían,0,work,label0
Todos esperaban mucho de mí como deportista y solo los decepcioné.,3,sports,label3
La frustración de cocinar tres horas para que la comida me sepa a cartón me tiene sumido en una apatía que no me deja vivir en paz,2,cooking,label2
Perdí a mis amigos del clan y no veo ninguna salida.,3,gaming,label3
Leer era mi momento favorito del día y ahora se siente como otra obligación.,2,books,label2
el precio de los libros subio bastante este año,0,books,label0
Se escucha re saturado el micrófono si no le ponés un filtro antipop adelante,0,music,label0
Cada sesión de práctica termina dejándome sin energía para el resto del día.,2,music,label2
"Otra vez me dejaron solo en el trabajo en equipo, nadie me quiere y la verdad prefiero morirme de una vez",3,school,label3
Estoy algo nervioso porque vienen invitados a cenar.,1,cooking,label1
"la bateria del celular se me va volando, ya no dura nada",0,technology,label0
"Las exigencias de las prácticas profesionales me liquidaron la salud mental, voy al hospital sintiéndome una cáscara vacía",2,university,label2
Últimamente cualquier plan con mis amigos me deja completamente drenado.,2,friends,label2
Se me borraron todas las pestañas que tenía fijadas en el navegador después de un corte de energía brusco,1,technology,label1
"Hay un clima re tenso en casa desde el almuerzo, no se puede decir nada sin que alguien salte enojado",1,family,label1
El mozo se confundió de pedido y nos trajo una porción de papas con cheddar gratis golazo,0,friends,label0
La maleta pesó más de lo permitido y tuve que reorganizar todo.,1,travel,label1
"Mi mejor amigo me robó la cuenta y me bloqueó, confié ciegamente en él y me destruyó, ya no quiero saber nada más de vivir",3,gaming,label3
"Hoy no pude comprarle ni un helado a mi sobrino, me odio tanto que no quiero seguir abriendo los ojos cada mañana",3,shopping,label3
llevando a los chicos a la escuela en auto hoy,0,transportation,label0
"Cada vez que veo a mi familia feliz sin mí, pienso en desaparecer.",3,family,label3
"El horno de este departamento calienta re desparejo, me quema todo de un lado y me deja crudo el otro",1,cooking,label1
"Me olvidé de cómo se sentía disfrutar un plato rico, estoy tan muerto por dentro que voy a apagarme hoy",3,cooking,label3
el cielo se puso bastante gris de repente,0,weather,label0
Mi perro sigue delicado y siento que la preocupación nunca se apaga.,2,pets,label2
Estoy cansado de fingir que estoy bien después de abandonar el deporte.,3,sports,label3
Me enteré que mi mejor amiga habló pestes de mí a mis espaldas y el dolor en el pecho me tiene con taquicardia hace tres días,2,friends,label2
"Me mareo y vomito cada vez que viajo en colectivo, no puedo tener una vida normal y prefiero estar muerto a ser una carga",3,transportation,label3
Qué partidazo de truco nos jugamos con los tíos después de comer el domingo,0,family,label0
Termino cada sesión de entrenamiento con la vista nublada y una sensación de desamparo que no logro sacarme de encima,2,sports,label2
prefiero los libros fisicos antes que los digitales,0,books,label0
Me tocó cubrir a un compañero y terminé agotado.,1,work,label1
"Me da mucha pena ver a mi perro renguear de la pata trasera después de jugar en el parque, ojalá no sea displasia",1,pets,label1
Ayer me quedé sentado en la cocina llorando de madrugada sin poder levantarme del piso por el cansancio acumulado de tantas semanas,2,pets,label2
"El domingo corro mi primera carrera de 15k, ojalá no me toque tanto viento en contra",0,sports,label0
Se me empañaron todos los vidrios del auto por la humedad y estuve diez minutos pasando trapos con bronca,1,weather,label1
el estacionamiento del centro estaba lleno hoy,0,transportation,label0
"Me salí del grupo de coleccionistas de cartas, estarían más tranquilos sin un estorbo depresivo como yo.",3,hobbies,label3
Nos costó encontrar un restaurante cerca del hotel.,1,travel,label1
"Cada semana intento organizar las compras mejor, pero el desgaste emocional sigue siendo el mismo.",2,shopping,label2
"Hace un mes que las videollamadas con mis amigos del exterior me dejan llorando mares, la distancia me está destruyendo la salud mental",2,friends,label2
Siento que el deporte ocupa toda mi energía y aun así mi rendimiento sigue bajando.,2,sports,label2
"Llevo semanas comiendo fideos solos con manteca, es lo único que puedo preparar sin que la cabeza se me llene de pensamientos horribles",2,cooking,label2
Me cuesta dormir porque cualquier movimiento de mi gato me despierta enseguida.,2,pets,label2
"Me re cuesta adaptarme a este colegio nuevo, los profesores son mucho más exigentes que en el anterior",1,school,label1
Paso las noches en vela en camas ajenas mirando el techo con el corazón latiendo a mil por la ansiedad que me provocan las escalas,2,travel,label2
"Llevo un año desarrollando un videojuego que nadie compró, fracasé rotundamente y ya no quiero seguir respirando",3,technology,label3
"Cada sesión termina igual, con la cabeza saturada y sin ganas de nada más.",2,gaming,label2
Cada traslado largo me deja mentalmente agotado durante días.,2,travel,label2
"Siento que estoy remando contra la corriente hace medio año, me mato a dietas y gimnasio pero mis registros físicos solo van hacia abajo",2,sports,label2
Me dio una rabia bárbara perder una partida de ajedrez por colgarme la dama en una jugada re obvia,1,hobbies,label1
"No entiendo la lógica del algoritmo de grafos que dio el profe, me quedé trabado en el punto dos de la guía",1,programming,label1
Cada compra me deja pensando durante horas en cómo voy a acomodar los gastos.,2,shopping,label2
el crucero sale del puerto mañana a la mañana,0,travel,label0
Ojalá mañana no despertara y así dejar de hacer sufrir a mis hijos.,3,family,label3
El lugar estaba tan ruidoso y con la música tan al palo que salí con dolor de cabeza de gritar para hablar,1,restaurants,label1
Probé Linux Mint en la máquina de escritorio de mi viejo y anda re fluida para navegar,0,technology,label0
"Me pasaron por encima para el ascenso otra vez, no valgo nada, ojalá me pasara algo para no tener que despertar",3,work,label3
Me desespera no poder mantener el ritmo de 4:30 el kilómetro cuando paso la barrera de los 8k,1,sports,label1
Le eché demasiado chile picante a la salsa de los tacos y nos enchilamos todos en casa jaja,0,cooking,label0
Qué embole tener que ir en uniforme de gala un viernes solo por el izamiento de la bandera,0,school,label0
"Vi una peli sobre un hombre solo y sentí que era yo, ya no quiero despertar.",3,movies,label3
Tengo miedo de trabarme al hablar en la defensa oral del seminario de graduación,1,university,label1
Ando con taquicardia repasando mentalmente los artículos del código civil antes de que me llamen,1,university,label1
"Hace un mes que evito escuchar a los artistas que escuchaba con mi pareja, pero incluso la música nueva me deja con una angustia insoportable",2,music,label2
"Mi esposo se llevó el auto y me dejó aislada en el campo, no tengo cómo salir de aquí y la única salida que veo es la muerte",3,transportation,label3
Compré otro libro y todavía tengo varios pendientes 😅,1,books,label1
Me trajeron un platillo que no había pedido.,1,restaurants,label1
Todo el tiempo hay prisas y ya no logro relajarme ni cuando salgo.,2,restaurants,label2
terminando de armar los tests de integracion,0,programming,label0
"Ya no disfruto aprender como antes, todo se siente demasiado pesado.",2,school,label2
Por más que practico siento que cada día juego peor y eso ya me está afectando bastante.,2,gaming,label2
El recuperatorio del segundo parcial quedó fijado para el jueves a primera hora,0,university,label0
probando claude para ayudarme a resumir unos textos,0,technology,label0
Intento usar música para relajarme antes de dormir y aun así descanso muy mal.,2,music,label2
No me salen las cuentas de fracciones por más que miro los ejemplos del libro mil veces,1,school,label1
"Ya ni las películas logran distraerme, siento que ya no tiene sentido seguir viviendo.",3,movies,label3
Hicimos una hora de yoga restaurativo al atardecer y quedé completamente relajado,0,sports,label0
El libro llegó tarde y ahora voy atrasado con la lectura.,1,books,label1
Se me recalienta la consola y empieza a tirar tirones de frames justo cuando entra mucha gente al server,1,gaming,label1
Conviene migrar el backend a FastAPI o seguimos metiéndole fichas a Django con DRF?,0,programming,label0
"El nivel de exposición en redes sociales me consumió la poca cordura que tenía, ya no quiero saber nada más de vivir",3,technology,label3
llevamos al conejo al veterinario para el control anual,0,pets,label0
probando fastapi para el nuevo microservicio,0,programming,label0
Leer artículos para el trabajo se volvió agotador y después ya no tengo energía para leer por gusto.,2,books,label2
"Mis amigos están todos casados y yo sola, mejor desaparezco.",3,friends,label3
No encuentro motivos para seguir intentando después de tantos problemas en la escuela.,3,school,label3
El pastel no esponjó como decía el video.,1,cooking,label1
"Siento que me apagué por dentro, antes lloraba de emoción con los finales épicos y ahora los miro con una frialdad y un vacío que me aterran",2,movies,label2
Desde hace meses todo lo que veo me deja con la misma sensación de vacío emocional.,2,movies,label2
"amasando el pan casero, tarda bastante pero vale la pena",0,cooking,label0
Terminé el ensayo sobre historia contemporánea y me dejó pensando un montón en el contexto actual,0,books,label0
Todo gira alrededor de pantallas y eso ya está afectando mi día a día.,2,technology,label2
Abandoné todas mis partidas porque ya no encuentro razones para continuar.,3,gaming,label3
"Siento un desgano tan profundo que dar mis clases de piano se volvió una tortura, finjo sonreír pero por dentro estoy apagado",2,music,label2
"Me expulsaron de la prepa y arruiné mi futuro, no tiene caso seguir respirando si soy un inútil",3,school,label3
"Esta semana de cierres de trimestre me tiene re saturado, quiero que sea viernes ya",1,school,label1
El profe de física llenó todo el pizarrón de fórmulas y no dejó copiar nada antes de borrar,0,school,label0
"Tengo el estómago destrozado de los nervios constantes, cada notificación de Slack me hace temblar las manos 😔",2,work,label2
Me duele la espalda de caminar cuatro horas por el centro comercial buscando zapatos que no me aprieten los dedos,1,shopping,label1
"Renuncié al proyecto de la serie, no sirvo para escribir y sinceramente ya no encuentro motivos para respirar.",3,movies,label3
"Dejé todo por viajar y ahora siento que arruiné mi vida, ya no quiero estar aquí.",3,travel,label3
Tuvimos que desviar por caminos de tierra porque estaban repavimentando el acceso norte,0,transportation,label0
Hoy salí a pescar y no tuve mucha suerte.,1,hobbies,label1
Llego a mi casa después de hacer las compras básicas y me tiro en la cama a llorar de pura impotencia por lo poco que pude traer,2,shopping,label2
"Paso días sin comer porque no encuentro razones para seguir, ya no quiero vivir.",3,cooking,label3
"Ojalá la vida fuera como el cine y pudiera darle stop, estoy tan cansado que voy a forzar el final yo mismo.",3,movies,label3
Tengo dolores de cabeza tan fuertes por la tensión de los exámenes orales que vivo a base de analgésicos 😔,2,university,label2
pedimos para llevar y comimos en el auto camino a casa,0,restaurants,label0
"Me compré un kindle para motivarme a leer y hace dos meses que lo tengo tirado en el cajón, no tengo energía ni para prenderlo",2,books,label2
Me da pereza infinita tener que armar el meal prep del domingo para toda la semana laboral que arranca,1,cooking,label1
la practica de arquitectura salio mejor de lo que pensaba,0,university,label0
"Soy crítico literario y ya nada me emociona, solo quiero desaparecer.",3,books,label3
"Reventé mis ahorros comprando cosas que no necesito por mi adicción, no merezco vivir y ya no le encuentro sentido a seguir respirando",3,shopping,label3
"Compré una raqueta de tenis usada pero en perfecto estado, solo tengo que cambiarle el encordado",0,sports,label0
El profe cambió la fecha de entrega y ahora todo se acumuló.,1,university,label1
Mi gato anda muy selectivo con la comida estos días.,1,pets,label1
Las cuentas de la clínica veterinaria me tienen tapado de deudas y con ataques de ansiedad casi todas las noches 😔,2,pets,label2
Las noches de películas ya no me ayudan a relajarme como antes.,2,movies,label2
Mi carrera como programador me dejó sin esperanza.,3,programming,label3
buscando muebles nuevos para el living,0,shopping,label0
"El granizo arruinó mi auto y mi vida, mejor desaparezco.",3,weather,label3
"Perdón por haber gastado tanta plata en la carrera de sistemas para nada, les prometo que ya no voy a ser un gasto nunca más",3,programming,label3
No encuentro la confirmación de la reserva del hotel.,1,travel,label1
"No encuentro trabajo hace dos años, soy un peso inútil en la casa y hoy voy a solucionar eso para siempre",3,work,label3
Siento que ya no disfruto las salidas con mis amigos como antes.,2,friends,label2
"Subí los cambios del layout responsive a la rama dev, pruébenlo en resoluciones chicas a ver si rompe",0,programming,label0
"Llevo semanas evadiendo las llamadas de mis hermanos porque sé que es para pelear, esa guerra constante me chupó toda la energía vital",2,family,label2
"Siento que voy re lento aprendiendo Rust, el borrow checker me rechaza cada línea de código que escribo",1,programming,label1
Llevo semanas fingiendo que entiendo la arquitectura del sistema por miedo a que me echen de la empresa,2,programming,label2
"Me da vergüenza lo que gasté, ya no quiero enfrentar otro día.",3,shopping,label3
"Terminé con la cabeza quemadísima de renegar con el router toda la noche, mañana llamo al servicio técnico",1,technology,label1
El proyecto en producción me tiene con estrés todos los días y ya afecta cómo trabajo.,2,programming,label2
Me quedé leyendo hasta las tres de la mañana porque la trama de espionaje te atrapa de una,0,books,label0
Mandame la ubicación en tiempo real así calculo cuándo salir hacia la terminal de ómnibus,0,transportation,label0
Tenés que colar el caldo antes de guardarlo en el freezer para que no le queden impurezas,0,cooking,label0
"el hostal quedo cerca de todo, buena ubicacion",0,travel,label0
Estoy cansado de sentir que todo mi esfuerzo en el juego no se refleja.,2,gaming,label2
Hace semanas que vivo con una preocupación constante por mi familia.,2,family,label2
probando el transporte publico de esta ciudad nueva,0,travel,label0
Cargué nafta premium con descuento de la billetera virtual antes de que cambie la tarifa,0,transportation,label0
"Ya me probé la campera de egresados, me quedó bárbara de talle y el bordado está genial",0,school,label0
"Mi disco no vendió nada y siento que fracasé, mejor desaparezco.",3,music,label3
El acoso en las partidas me dejó sin ganas de seguir.,3,gaming,label3
tejiendo al crochet un gorro para mi sobrino,0,hobbies,label0
Avisen a qué hora bajan al comedor que tengo un hambre tremendo,0,work,label0
Mi amigo llegó muy tarde y ya llevábamos rato esperándolo.,1,friends,label1
"Siento que mi vida es un guion mal escrito y lleno de fracasos, es hora de cancelar el proyecto para siempre.",3,movies,label3
"El estrés de administrar este local me quemó la cabeza, vivo con gastritis y ataques de llanto de la pura angustia financiera",2,restaurants,label2
"Se me pegaron los panqueques a la sartén antiadherente nueva, no entiendo qué estoy haciendo mal",1,cooking,label1
Cancelaron la función de las siete por un problema técnico con el proyector digital,0,movies,label0
Hoy el paseo fue más largo de lo normal y quedó bien cansado.,1,pets,label1
"Terminé el mes totalmente quebrado por la presión de las deudas comerciales acumuladas, siento que la angustia me consumió la salud",2,shopping,label2
la clase de zumba de hoy estuvo bastante intensa,0,sports,label0
Me siento tan culpable por lo que gasté que ya no merezco estar aquí.,3,shopping,label3
Llevo semanas intentando hacer una simple receta de repostería y termino dejando todo a la mitad por el cansancio extremo,2,hobbies,label2
El equipo no se coordinó y terminamos perdiendo.,1,gaming,label1
"Cada mañana me cuesta muchísimo levantarme para ir a la oficina, esto ya lleva bastante tiempo.",2,work,label2
"Me humillaron en la clase de educación física por mi peso, me odio tanto que no quiero seguir vivo",3,school,label3
El coach corrigió mucho mi técnica y tengo bastante por mejorar.,1,sports,label1
La cantidad de correos y mensajes diarios ya me tiene completamente saturado.,2,technology,label2
"Soy editor y ya no encuentro sentido en corregir las historias de otros, mejor desaparezco.",3,books,label3
"Siento una apatía tremenda por el menú, soy el chef pero hace semanas que cocino sin ganas, sin amor, arrastrando una tristeza infinita",2,restaurants,label2
La orquesta se disolvió y siento que mi vida perdió sentido.,3,music,label3
No sé cómo resumir una novela de seiscientas páginas en un informe de tres carillas sin dejarme cosas importantes afuera,1,books,label1
Me angustió bastante ver cómo le temblaban las patitas a mi perro por el ruido de los fuegos artificiales de anoche,1,pets,label1
salgo a andar en bici todos los sabados a la mañana,0,sports,label0
"Pensé que el trayecto sería corto, pero había mucho tráfico.",1,travel,label1
A veces estoy en el medio de una fiesta con mis amigos y me agarra una angustia tan pesada que me tengo que encerrar en el baño a respirar,2,friends,label2
Me preocupa no terminar el reporte antes del viernes.,1,work,label1
Cada intento de distraerme con cine termina igual porque no logro involucrarme en la historia.,2,movies,label2
el clima de hoy invita a quedarse adentro con un te,0,weather,label0
"No me corre ni una pizca de brisa por la ventana de la pieza, es sofocante estar adentro",1,weather,label1
"Estoy resignado, las deudas por compras me ganaron, ya no quiero estar aquí.",3,shopping,label3
Me cuesta enfocarme porque siempre estoy calculando qué puedo comprar y qué no.,2,shopping,label2
La presión por entregar software ya me acompaña incluso cuando cierro la laptop.,2,programming,label2
"Mis compañeros del club de lectura avanzan con sus vidas y yo soy un estorbo, voy a hacerles el favor de irme",3,books,label3
"Tengo pánico de entrar al salón de clases por el grupito que no para de hostigarme, ya no sé a quién pedir ayuda",2,school,label2
El software de producción musical se me cerró solo y perdí tres pistas de voces que no había guardado,1,music,label1
Es difícil encontrar un día que todos puedan salir.,1,friends,label1
Me dio una culpa bárbara gastarme media quincena en novedades editoriales sabiendo que tengo que pagar la tarjeta,1,books,label1
"La sobreexposición a las pantallas me liquidó la concentración, intento leer un libro en papel y a los dos minutos busco el celular con pánico",2,technology,label2
Cada sesión de lectura termina dejándome más cansado de lo que empezó.,2,books,label2
"Ya casi acabo las tareas, solo me falta una materia.",1,school,label1
tengo que coordinar la agenda de la semana que viene,0,work,label0
Le puse unos grips de goma a los analógicos del mando de PS5 y mejoró bastante el agarre,0,gaming,label0
Perdí al cliente más importante y ya no veo salida.,3,programming,label3
La ayudante de trabajos prácticos explicó re claro el tema de derivadas parciales hoy,0,university,label0
Me da bronca depender de compañeros que se borran a dos horas de subir el trabajo final a la plataforma,1,university,label1
Siento que perdí la capacidad de disfrutar una buena película desde hace meses.,2,movies,label2
Cada vez que intento aprender una canción nueva termino frustrado y agotado.,2,music,label2
El tablero de ajedrez me tuvo pensando un buen rato.,1,hobbies,label1
Ando con dolor de cabeza de escuchar ladrar al perro del patio cada vez que pasa una moto por la calle,1,pets,label1
"Me tiemblan las manos de la tensión después de cada torneo, siento que la exigencia me sobrepasó y no sé cómo frenar",2,gaming,label2
El pegamento instantáneo me manchó el parabrisas transparente del autito a escala y no sale con nada,1,hobbies,label1
Hace meses que siento que solo sobrevivo semestre tras semestre.,2,university,label2
"No puedo ni mantener mi propia alacena llena, soy un desastre como adulto y como persona, adiós",3,cooking,label3
"El empaque venía un poco maltratado, aunque el producto está bien.",1,shopping,label1
La habitación era más pequeña de lo que esperaba.,1,travel,label1
Estoy retomando la escritura después de varias semanas.,1,hobbies,label1
"Hace meses que no logro entender el código y el síndrome del impostor me consumió, ya no quiero vivir esta farsa, me despido de todos",3,programming,label3
"Vi una película sobre la soledad y me quebré, no puedo soportar esta vida y decidí terminarla.",3,movies,label3
Paso toda la noche pensando en pendientes de la escuela y casi no duermo.,2,school,label2
"El restaurante quebró y perdí los ahorros de mi vida que invertí en los hornos, me rindo con todo",3,cooking,label3
El partido estuvo muy intenso y terminé sin energía.,1,sports,label1
Llegué a casa y sigo pensando en cómo carajos resolver la consulta en SQL para que no tarde una eternidad,1,programming,label1
Me preocupa que mi abuela no esté descansando lo suficiente.,1,family,label1
"Ya no puedo con esta presión constante, ojalá todo terminara.",3,gaming,label3
La sala estaba hasta las manos y había dos chicos hablando fuerte en la fila de adelante,0,movies,label0
"El servidor me tiró 180 de ping toda la partida, imposible pegar un tiro con ese delay",0,gaming,label0
Cada maqueta que armo me pregunto por qué sigo aquí.,3,hobbies,label3
habia un descuento enorme hoy en el super,0,shopping,label0
"Le fallé a mi familia por gastar en puras compras, ojalá no despertara.",3,shopping,label3
El preceptor avisó que mañana no tenemos las dos primeras horas por jornada docente,0,school,label0
Tengo que meter doble turno de acá al domingo si quiero llegar con aire para el partido definitorio,1,sports,label1
El audio se desincronizó y fue muy incómodo verla así.,1,movies,label1
Salí del cine con una contractura en el cuello de lo incómodas que eran las butacas de esa sala vieja,1,movies,label1
"Me da terror que mis papás vean el boletín este trimestre, el miedo a decepcionarlos me tiene sin dormir",2,school,label2
Nos cambiaron el orden del recital a último momento y nos toca abrir a las siete de la tarde con el lugar vacío,1,music,label1
El vuelo está demorado tres horas por mantenimiento en pista y la sala de embarque no tiene ni un asiento libre,1,transportation,label1
Desde hace meses el trayecto diario me deja con la cabeza agotada.,2,transportation,label2
El supervisor estuvo encima de todos todo el día.,1,work,label1
Llevo semanas terminando el día completamente exhausto por los traslados.,2,transportation,label2
La aplicación de mapas me mandó por una calle de tierra cortada y casi encajo el auto en el barro,1,transportation,label1
Me cuesta enfocarme porque paso demasiadas horas cambiando entre pantallas.,2,technology,label2
"Hace meses que mi mamá me usa de terapeuta contándome sus intimidades y quejas, esa carga emocional me tiene colapsado y con migrañas",2,family,label2
"Antes esperaba el fin de semana para hacer maratones, ahora apago la película a los pocos minutos.",2,movies,label2
"Me engañé pensando que podía con la doble titulación, mi cerebro colapsó y la única paz que me queda es dejar de existir",3,university,label3
"Siento una tristeza pesada y constante desde que mi hijo me dejó de hablar, la casa se siente vacía y yo no tengo ganas ni de comer",2,family,label2
"Mi primer mes aquí ha sido intenso, aunque voy aprendiendo bastante.",1,work,label1
Se me pasó la fecha para devolver el libro.,1,books,label1
Hoy tuve práctica deportiva después de clases y acabé rendido.,1,school,label1
La abogada de la empresa mandó el borrador del convenio de confidencialidad para revisar,0,work,label0
"Compré los pochoclos en el cine y estaban fríos y gomosos, encima te cobran una fortuna por el balde",1,movies,label1
cambiando la goma pinchada antes de salir,0,transportation,label0
"Siento la cabeza saturadísima de tantas fórmulas de cálculo vectorial, ya no distingo las integrales dobles",1,university,label1
El almuerzo del domingo se arruinó porque dos de mis tíos se pusieron a discutir de política a los gritos,1,family,label1
Termino cada jornada escolar con una sensación de fracaso tan grande que me cuesta horrores volver al día siguiente,2,school,label2
Acordate de apagar el compresor y cerrar las llaves de gas antes de bajar la persiana,0,work,label0
Compré un cable HDMI mallado de dos metros para conectar la notebook al monitor secundario,0,technology,label0
Perdí el vuelo de regreso y siento que mi vida ya no tiene arreglo.,3,travel,label3
"hoy toca revisar contratos, tarea larga pero necesaria",0,work,label0
"Me paso las tardes sentado con el libro en las manos sin leer ni una palabra, la soledad me tiene la cabeza nublada hace meses",2,books,label2
"La sequía mató todos mis cultivos y me quedé en la calle, mi única salida es la muerte.",3,weather,label3
El libro prometía ser un thriller atrapante pero se volvió densísimo con descripciones interminables que no aportan nada,1,books,label1
Tuvimos una discusión re estúpida sobre quién ponía la casa para el sábado y al final se suspendió todo el plan,1,friends,label1
el cachorro nuevo no para de jugar con todo lo que encuentra,0,pets,label0
aprendiendo a hacer velas caseras con distintos aromas,0,hobbies,label0
"Siento que estoy re estancado como músico, toco siempre las mismas tres progresiones de acordes sin innovar",1,music,label1
Clavamos diez kilómetros de running por la costanera con un ritmo re parejo,0,sports,label0
"Me quedé dormido en el bus y me robaron la mochila con todo, ya no aguanto tanta desgracia y me quiero morir",3,transportation,label3
Ya quiero que arreglen los servidores.,1,gaming,label1
La biblioteca estaba cerrada cuando llegué.,1,books,label1
Perdí la beca y con ella las ganas de seguir adelante.,3,university,label3
"La presión de la hinchada se volvió una amenaza constante, vivo con pánico y siento que mi única escapatoria es la muerte",3,sports,label3
la reunion de hoy se extendio bastante mas de lo pensado,0,work,label0
Abandoné mis tareas porque ya no veo razón para continuar.,3,university,label3
Últimamente siento que perdí cualquier rutina por estar viajando tanto.,2,travel,label2
"La sobrecarga laboral me quemó la cabeza por completo, ya no quiero seguir viviendo esta tortura",3,work,label3
"Cada comida familiar es una tortura, ya no quiero seguir viviendo.",3,family,label3
mi compañero de equipo se desconecto a mitad de partida,0,gaming,label0
El entrenador nos exigió muchísimo hoy.,1,sports,label1
"Me cuesta horrores interactuar con la gente en el día a día, siento que nadie entiende el dolor tan desgastante de ver apagarse a un compañero",2,pets,label2
Qué complicado organizar un viaje entre tantos amigos.,1,friends,label1
te vas a burlar toda la vida de esa foto jajaja,0,friends,label0
"Las coreografías de combate cuerpo a cuerpo estuvieron impecables, sin cortes de cámara molestos",0,movies,label0
tenemos que traer el delantal para la clase de quimica,0,school,label0
jugamos toda la noche a las cartas en lo de fede,0,friends,label0
Me perdí en un país extranjero y siento que ya no hay salida para mí.,3,travel,label3
"Cada entrenamiento me deja cansado, pero siento que voy avanzando poco a poco.",1,sports,label1
"Dejo todos mis ítems en el banco del gremio, gracias por estos años pero ya tomé la firme decisión de irme de este mundo",3,gaming,label3
Me compré una guitarra criolla usada para arrancar clases particulares los martes,0,music,label0
Ya van varias semanas en las que mi rendimiento sigue bajando y no entiendo por qué.,2,sports,label2
me anote para el congreso de la carrera el mes que viene,0,university,label0
Ayer me quedé mirando una campera en la vidriera y me puse a llorar en la vereda de la pura frustración de no llegar a fin de mes,2,shopping,label2
"El estrés de estar siempre conectado me rompió por dentro, me despido de todos ustedes",3,technology,label3
Siento que por más que le meta pata nunca llego a terminar con la lista de pendientes diarios,1,work,label1
"El agotamiento digital es tan profundo que ya ni siquiera puedo mirar el celular, solo quiero desaparecer de la vida",3,technology,label3
Se nos pinchó una rueda en medio del trayecto entre ciudades y tuvimos que cambiarla al rayo del sol,1,travel,label1
Últimamente siento que me cuesta mejorar mi resistencia.,1,sports,label1
discutiendo con mis papas sobre la hora de vuelta a casa,0,family,label0
La desesperación de ver el límite de crédito agotado me provocó un bajón tan profundo que no tengo fuerzas ni para salir de la cama,2,shopping,label2
Estoy seguro de que mañana todo estará más tranquilo en casa.,1,family,label1
"Me confundí de ramal del colectivo por no mirar el cartel y terminé en la otra punta de la ciudad, qué desastre",1,transportation,label1
"Se me volcó media botella de aceite de oliva en el piso de la cocina, estuve media hora pasando trapos para no patinarme",1,cooking,label1
No me pasa ni un solo test unitario del backend y no entiendo qué mockeé mal en la base de datos,1,programming,label1
"Llevo semanas sintiendo una angustia que no se me va, cualquier tarea simple del colegio se me hace un mundo imposible",2,school,label2
"Compré un disco rígido externo y cuando lo enchufo la máquina no lo reconoce, qué dolor de cabeza lpm",1,technology,label1
Cada reclamación de un cliente se me queda dando vueltas por horas.,2,restaurants,label2
"No puedo mantener a mi familia reparando equipos, soy un fracaso absoluto y lo mejor para ellos es que ya no esté",3,technology,label3
me junte con mis compañeros a estudiar para el final,0,university,label0
Qué difícil dormir cuando hace tanto calor.,1,weather,label1
"Ni dormir puedo por pensar en el trabajo, siento que ya no hay esperanza.",3,work,label3
El pegamento de contacto tardó más de lo pensado en secar en la maqueta de cartón maquetero,0,hobbies,label0
Me da bronca que dividan el desenlace de una trilogía en dos libros carísimos solo para sacarle más plata a los lectores,1,books,label1
"Mis amigos creen que estoy ocupado, pero en realidad llevo meses sin energía para convivir.",2,friends,label2
Pudimos cambiar los pasajes de regreso para dos días más tarde sin que nos cobren penalidad,0,travel,label0
"El chocolate cobertura se me quemó a baño maría por entrarle una gota de agua, perdí toda la tableta",1,cooking,label1
El flan me salió lleno de agujeritos de aire y con textura gomosa por pasarme con la temperatura del horno,1,cooking,label1
"El código quedó muy largo, creo que toca refactorizar.",1,programming,label1
el peaje de la ruta nueva es bastante caro,0,transportation,label0
Siento que mi cerebro no retiene nada nuevo desde hace meses por culpa de tanta intoxicación de información en internet,2,technology,label2
Todo empezó con este trabajo programando y ahora siento que no hay salida.,3,programming,label3
Estoy haciendo horas extra estos días y ya lo resiento.,1,work,label1
Alguien que me recomiende un buen thriller psicológico en Netflix para ver esta noche?,0,movies,label0
Fallé como cuidador y esa culpa me hace pensar que ya no quiero vivir.,3,pets,label3
"Siento que me derrito por dentro y por fuera, la sensación térmica de 40 grados diaria me quitó el apetito y la fuerza para vivir el día a día",2,weather,label2
"Tengo las manos agarrotadas y los ojos secos de tantas horas de ranked, pero lo peor es la culpa constante que no me deja en paz",2,gaming,label2
"Ese viento constante y ruidoso de la Patagonia me tiene los nervios destrozados, llevo meses súper irritable y peleando con todos en mi familia",2,weather,label2
Hoy el tren salió con retraso otra vez.,1,transportation,label1
Me falta aprender mejor los mapas nuevos.,1,gaming,label1
Alguien que me preste un cargador tipo C que me lo olvidé en la mesita de luz?,0,work,label0
"Ojalá no despertara mañana, estoy cansado de sentir este vacío incluso cuando intento tejer.",3,hobbies,label3
Me da impotencia ver cómo le pegás tres tiros limpios en el pecho y el hit registration no le cuenta el daño,1,gaming,label1
"Como streamer me siento agotado, juego por obligación y eso ya lleva meses.",2,gaming,label2
el peaje subio de precio otra vez,0,transportation,label0
Me invitan a conciertos y casi siempre digo que no porque siento que no los voy a disfrutar.,2,music,label2
Teníamos reserva confirmada para las nueve y nos hicieron esperar parados en la entrada media hora más,1,restaurants,label1
La ansiedad por no fallar en la carrera ya está afectando todo mi rendimiento.,2,university,label2
"Llevo semanas poniendo películas de fondo solo para no escuchar el silencio, pero mi cabeza no para de maquinar",2,movies,label2
"Hace dos meses que ir al cine me genera fobia, me da pánico estar encerrado con tanta gente cuando por dentro estoy colapsando",2,movies,label2
Vengo durmiendo re mal por levantarme a las 6 am todos los días para tomar el colectivo escolar,1,school,label1
Compré tres marcadores punta pincel de tonos pasteles para decorar las carátulas del bullet journal,0,hobbies,label0
"Por suerte cerramos la venta grande del mes, nos ganamos la comisión completa",0,work,label0
Últimamente dependo tanto de la tecnología para trabajar que vivo con estrés todos los días.,2,technology,label2
"El cachorro llora apenas cruzo la puerta de entrada, me parte el corazón escuchar sus aullidos desde el palier",1,pets,label1
"Ya no sé diferenciar mi vida real de la digital, mi mente está colapsada y tomé la decisión de no despertar más",3,technology,label3
Llevo tanto tiempo bajo presión académica que ya ni descansar puedo.,2,university,label2
"Nos pasamos toda la sobremesa discutiendo sobre la división de la herencia del campo, qué momento incómodo",1,family,label1
"El menú que diseñé fue destrozado por los críticos, mi arte no vale nada y yo tampoco, me voy.",3,restaurants,label3
"Siento una desconexión total, compro para no sentir este dolor pero la culpa me destruye, voy a dejar de existir hoy mismo",3,shopping,label3
No sé de dónde sacar tiempo para cumplir con las cuarenta horas de prácticas comunitarias obligatorias,1,university,label1
gane el ultimo objetivo del evento justo a tiempo,0,gaming,label0
"escuchando musica de fondo mientras trabajo, me ayuda a concentrarme",0,music,label0
"Comer fuera está bien, aunque a veces las esperas sí desesperan un poco.",1,restaurants,label1
"Cada semestre me hundo más, ya no quiero seguir.",3,university,label3
"Tuvimos que frenar en la banquina porque empezó a salir humo blanco del radiador, qué mala pata lpm",1,transportation,label1
El restaurante tenía el aire acondicionado roto y era sofocante comer adentro con este calor,1,restaurants,label1
No recuerdo la última vez que cociné con entusiasmo.,2,cooking,label2
"Las plantas de mi jardín se murieron por mi culpa, soy un asco cuidando cosas y lo mejor es que ya no esté acá.",3,hobbies,label3
"Se cortó internet en toda la sucursal, estamos haciendo trámites a mano con talonario",0,work,label0
Se me secaron tres esquejes de lavanda por dejarlos directo al rayo de sol de la siesta,0,hobbies,label0
"Mis amigos están mejor sin mí, lo sé, ojalá no despertara.",3,friends,label3
Esperé el álbum nuevo y algunas canciones no me convencieron.,1,music,label1
Se me quemó la comida porque me puse a separar a los dos nenes que se estaban peleando en el patio,1,family,label1
"Renuncié a soporte de IT porque la ansiedad me estaba matando, pero ahora me doy cuenta de que prefiero desaparecer",3,technology,label3
"El libro está interesante, aunque avanza muy lento.",1,books,label1
"Dejé el restaurante porque no aguanto la ansiedad, prefiero no estar más.",3,cooking,label3
"Me negaron el préstamo para salvar el restaurante, estoy acorralado y la única paz que veo es la muerte.",3,restaurants,label3
"Me aísle de todos porque me da vergüenza dar lástima, pero la verdad es que ya me rendí con la vida.",3,friends,label3
La pila de libros pendientes sigue creciendo y me siento cada vez más abrumado.,2,books,label2
"el deploy termino bien, ya esta en produccion",0,programming,label0
Le puse nuez moscada rallada al relleno de acelga y ricota para los canelones del domingo,0,cooking,label0
"Lloro cada vez que tengo que ir a la fábrica, la única manera de frenar este dolor es no estando más",3,work,label3
Dejé todos mis libros favoritos en cajas para que no tengan que ordenarlos cuando yo ya no esté,3,books,label3
"El cielo está totalmente despejado, ni una sola nube a la vista en toda la bahía",0,weather,label0
Cada vez que entro a la cocina siento un cansancio que llevo arrastrando desde hace meses.,2,cooking,label2
El cambio de horario me dejó algo desubicado.,1,travel,label1
"Están carísimos los libros importados en las librerías del centro, una locura los precios",0,books,label0
"Comprar compulsivamente destruyó mi matrimonio, me quedé solo, endeudado y tomé la firme decisión de no seguir en este mundo",3,shopping,label3
"Siento que soy un fraude total en mi puesto de soporte, todo lo que toco se rompe y la única paz que veo es la muerte",3,technology,label3
Qué impotencia querer ayudar a un amigo que toma malas decisiones y ver que no te da ni cinco de pelota,1,friends,label1
"Reprobé la facultad por estar jugando toda la madrugada, arruiné mi futuro y voy a acabar con mi vida para dejar de ser un peso",3,gaming,label3
cambie de heroe y me esta yendo bastante mejor,0,gaming,label0
Mi startup se está hundiendo y ya no encuentro motivos para seguir.,3,programming,label3
"No pegué un ojo en toda la noche cuidando a mi perra después de la cesárea, estoy liquidado de sueño",1,pets,label1
Hice un git rebase con la rama principal y me salieron cinco conflictos de merge seguidos jaja,0,programming,label0
"Esta humedad insoportable me agrava todos los dolores de las articulaciones, llevo meses postrado y sintiéndome una carga para mi familia",2,weather,label2
Cierro los ojos y sigo pensando en cómo estructurar las clases para no romper el principio de responsabilidad única,1,programming,label1
hoy arranco a entrenar un modelo nuevo con el dataset actualizado,0,programming,label0
Llevo meses viajando por trabajo y ya me siento completamente agotado.,2,travel,label2
"No soporto los ataques de pánico en medio de las clases, esta agonía no es vida y ya decidí terminarla",3,school,label3
El lente macro que compré tiene una profundidad de campo tan chica que me cuesta enfocar a los insectos,1,hobbies,label1
"Me compré un pelapapas de cerámica re afilado, te pela una zanahoria en dos segundos",0,cooking,label0
"Haber perdido mis ganas de leer por culpa de este desánimo crónico me dejó sin saber quién soy, era mi personalidad entera",2,books,label2
Hicimos la excursión hasta la cima del volcán temprano a la mañana y la panorámica te deja sin palabras,0,travel,label0
Ya no puedo mirar sus fotos sin pensar que todos estarían mejor si yo no estuviera.,3,pets,label3
"Siento que la inflación me robó la estabilidad mental, vivo con taquicardia constante pensando en qué voy a tener que recortar mañana",2,shopping,label2
No veo un mañana distinto después de todo lo que pasó en el trabajo.,3,work,label3
Traté de retomar mi novela favorita para ver si me sacaba este nudo del pecho y a los diez minutos terminé llorando de impotencia,2,books,label2
"Siento que la carrera tecnológica me pasó por encima y me dejó totalmente obsoleto, esa desesperación me come la cabeza a diario",2,programming,label2
La sopa llegó después del plato principal.,1,restaurants,label1
Me preocupa que mi desempeño siga bajando porque ya no logro enfocarme.,2,work,label2
"Qué buena banda sonora que tiene este survival horror, te mete una tensión bárbara con auriculares",0,gaming,label0
Tengo el estómago revuelto de los nervios pensando en el examen de inglés de primera hora,1,school,label1
Subite adelante del coche que atrás llevo dos valijas grandes y la caja con herramientas,0,transportation,label0
"Siento una opresión en el pecho terrible cuando llega la hora de la cena, el mandato de cocinar me asfixia y no sé cómo frenarlo",2,cooking,label2
Me aíslo de los otros mochileros del hostel porque me da vergüenza profunda admitir que este viaje soñado se volvió una tortura,2,travel,label2
Intento seguir con mi rutina pero solo pienso que todos estarían mejor sin mí desde que ella murió.,3,pets,label3
la actualizacion de windows tardo mas de una hora,0,technology,label0
Había una liquidación de fin de temporada con ropa de verano al 50% en la peatonal,0,shopping,label0
Falta configurar las variables de entorno en el archivo .env del servidor antes de correr la migración,0,programming,label0
Cada vez que veo competir a otros deseo simplemente desaparecer.,3,sports,label3
Me cuesta hacer nuevos amigos en este lugar.,1,friends,label1
"Me duele ver cómo mis herramientas de cuero se oxidan, la apatía que tengo es tan fuerte que no puedo ni sentarme en el taller",2,hobbies,label2
"Reprobé crítica literaria y me echaron de la facultad, mi mundo se desmoronó y sinceramente yo me voy con él",3,books,label3
Qué embole estar encerrado todo el fin de semana largo por culpa de este temporal interminable,1,weather,label1
Tengo demasiados pendientes y siento que el día no me alcanza.,1,work,label1
Cada vez abandono más rápido cualquier canción que pongo.,2,music,label2
Avisen si alguno quiere comprar dulces regionales o alfajores para llevar de recuerdo al trabajo,0,travel,label0
"Me preocupa no llegar con la entrega del viernes, son demasiados cambios de último momento",1,work,label1
Desde hace meses mis hobbies se sienten como otra obligación.,2,hobbies,label2
coleccionando postales de los lugares que visito,0,hobbies,label0
"El changuito del súper tenía las ruedas trabadas y se me iba de costado a cada rato, terminé con el brazo acalambrado",1,shopping,label1
"Mi esposo me dijo que estaría mejor sin mí, y tiene razón, mejor desaparezco.",3,family,label3
horneando un bizcochuelo para el cumple de mañana,0,cooking,label0
"Estos cambios bruscos de clima me tienen el sistema inmune y el ánimo por el piso, llevo un mes enfermo y con una fatiga mental insoportable",2,weather,label2
"Soy una madre adolescente y mi familia me dio la espalda, ojalá no despertara.",3,family,label3
"La plataforma de streaming me borró sin avisar una playlist de jazz que tardé años en armar, qué fastidio lpm",1,music,label1
"A mis amigos: perdón por no ser lo suficientemente fuerte ni divertido, ojalá me recuerden con cariño cuando ya no esté.",3,friends,label3
"Paso todo el fin de semana encerrado frente a la pantalla intentando avanzar con el TFG y no escribo ni una página, estoy vacío",2,university,label2
"Nos tocó hacer la maqueta a escala 1 en 50, este fin de semana no duermo nada por cortar cartón",0,university,label0
parece que va a estar fresco toda la semana,0,weather,label0
"cocinando risotto por primera vez, salio mejor de lo esperado",0,cooking,label0
Leo por compromiso porque ya no encuentro la motivación de antes.,2,books,label2
"Me la pasaba leyendo para escapar de mi casa, ahora la única forma de escapar de verdad es dejando de existir",3,books,label3
cocinando pollo al horno con papas,0,cooking,label0
"Hoy me volvieron a pegar a la salida, tengo mucho miedo y la verdad prefiero matarme antes que volver mañana",3,school,label3
Siento que por más que mire guías y tutoriales en youtube no mejoro el movimiento en el mapa,1,gaming,label1
"Hice las pruebas en staging y levantó todo impecable, mañana metemos el pase a producción",0,work,label0
Me dolió un poco enterarme por una historia de Instagram que se habían juntado a cenar sin avisarme 😔,1,friends,label1
Se cayó el contenedor de Docker en el servidor de pruebas y no logro hacer que levante las variables de entorno,1,programming,label1
Entre el tráfico y los semáforos perdí mucho tiempo.,1,transportation,label1
Me equivoqué con el pedido de una mesa y el encargado me pegó una cagada a pedos bárbara 😔,1,work,label1
Cada vez que regreso a casa ya tengo que pensar en volver a salir y eso me pesa mucho.,2,travel,label2
"Rescato animales pero cada pérdida me rompe más, ya no me quedan fuerzas para seguir respirando y estoy lista para irme",3,pets,label3
Mi hijo no quería hacer la tarea y costó convencerlo.,1,family,label1
tengo que anotarme para el viaje de egresados,0,school,label0
"Estoy cansado de intentar salir adelante en el trabajo, quisiera desaparecer.",3,work,label3
El trabajo en el restaurante ya está afectando cómo descanso por las noches.,2,restaurants,label2
Me aislé tanto de mis amigas por miedo a que me lastimen de nuevo que ahora paso los fines de semana enteros llorando en la cama,2,friends,label2
Puse la mesa para uno y me sobró una silla que voy a dejar vacía para siempre porque hoy me voy,3,cooking,label3
Me encierro en la cabina del camión a llorar de noche porque la soledad de las rutas patagónicas se me hizo completamente insoportable,2,travel,label2
El maestro preguntó al azar y por suerte sí había estudiado un poco.,1,school,label1
Hoy cociné para toda la familia y terminé agotado.,1,cooking,label1
"Me cuesta horrores entender la interfaz nueva de esta aplicación de gestión, complicaron todo al pedo",1,technology,label1
"Me siento completamente atrapado en este ciclo de jugar, frustrarme, no dormir y rendir mal en la vida real al día siguiente",2,gaming,label2
"Mi cortometraje recibió puras burlas en la muestra, la humillación es tan grande que no pienso volver a despertar.",3,movies,label3
compre unos auriculares nuevos que estaban en oferta,0,shopping,label0
"El estreno fue bueno, aunque esperaba un poco más.",1,movies,label1
por fin encontre las zapatillas que queria,0,shopping,label0
buscando vuelos baratos para las vacaciones de verano,0,travel,label0
Quién dejó la puerta del patio entreabierta? Se escapó el gato del vecino para adentro,0,family,label0
Vi el tráiler y parecía mucho mejor de lo que terminó siendo.,1,movies,label1
Alguien sabe en qué aula rinde la comisión B de taller el examen del viernes?,0,school,label0
"Siento que todos estarían mejor sin mí, como cuando termina una peli y nadie nota que faltó alguien.",3,movies,label3
"Mi compañero de cuatro patas se fue hoy al cielo, les escribo para despedirme porque yo voy tras él",3,pets,label3
Hoy salimos a comer en familia y la espera fue más larga de lo normal.,1,restaurants,label1
"Ser voluntaria en la perrera y ver tanto abandono me destruyó la esperanza en todo, ya no quiero ser parte de este mundo",3,pets,label3
"me compre el pase de temporada, valio la pena",0,gaming,label0
Desde hace semanas leer requiere un esfuerzo enorme para mí.,2,books,label2
Tuve que venir caminando diez cuadras bajo el sol del mediodía y casi me desmayo del bochorno que hacía,1,weather,label1
"La música me salvó una vez, pero ya no es suficiente, prefiero desaparecer.",3,music,label3
Extraño tanto a mis hijos que cada videollamada desde la habitación del hotel me deja completamente destrozado y sin poder dormir,2,travel,label2
Estoy tan agotado que releo el mismo bloque de código varias veces sin entenderlo.,2,programming,label2
Últimamente cualquier error en cocina me deja dándole vueltas todo el día.,2,restaurants,label2
Ya no disfruto leer como antes y eso me tiene muy frustrado.,2,books,label2
"El kit de armado del barco a escala viene con piezas diminutas, necesito comprar una lupa con luz led",0,hobbies,label0
Qué bronca me da gastar una fortuna en ingredientes importados para una receta nueva y que termine teniendo gusto a nada,1,cooking,label1
Después de tantos turnos ya perdí la motivación para seguir cocinando.,2,restaurants,label2
Mi pez no está comiendo como siempre y ando pendiente.,1,pets,label1
Estoy buscando una oferta mejor antes de decidirme.,1,shopping,label1
Siento el cuerpo pesado y la mente nublada después de cada intento frustrado por hacer rendir el presupuesto en el mercado,2,shopping,label2
Trato de disfrutar cuando me invitan a almorzar pero me invade un vacío gigante y solo quiero volver a mi pieza a encerrarme,2,restaurants,label2
Paso todo el día preocupado por mis hijos y termino sin energía para nada más.,2,family,label2
El tráfico constante hace que llegue a casa sin ganas de hacer nada más.,2,transportation,label2
Saqué a pasear al boxer por la plaza y se puso a perseguir una paloma a toda velocidad,0,pets,label0
Perdí al único amigo que me entendía y ahora el vacío es tan gigante que solo deseo dejar de respirar.,3,friends,label3
"Siento que mis amigos estarían mejor sin mi tristeza, ojalá no despertara.",3,friends,label3
Cada reporte que llevo a casa me hace sentir que sobro aquí.,3,school,label3
Tengo que conseguir moldes de silicona con formas geométricas para hacer macetitas de cemento,0,hobbies,label0
Qué fastidio cuando el mozo desaparece por media hora y no hay forma de pedirle una botella de agua,1,restaurants,label1
Ni los fines de semana descanso porque el calor no deja dormir bien.,2,weather,label2
"El perro me destrozó el colchón nuevo mientras no estaba en casa, me dio una mezcla de bronca y bajón tremenda 🤦‍♂️",1,pets,label1
Ando con dolor de cintura de estar cuatro horas parada picando carne para hacer albóndigas caseras,1,cooking,label1
Hoy el clima arruinó la carne asada que habíamos planeado.,1,weather,label1
"Nos íbamos a juntar a merendar hoy y me cancelaron todos a las cuatro de la tarde, qué bronca",1,friends,label1
"Llevo un mes durmiendo dos horas por día para cumplir con la maestría y el trabajo, mi cuerpo se está rindiendo",2,university,label2
Se armó un lío bárbaro en el grupo de whatsapp de la familia por un malentendido con un mensaje de voz,1,family,label1
El chat me hizo sentir que sobro en todas partes.,3,gaming,label3
Me enviaron el color equivocado 😕,1,shopping,label1
Me tomó un rato entender cómo funciona el transporte local.,1,travel,label1
"Cocinar para el día de muertos me hizo querer estar muerto, ya no quiero seguir.",3,cooking,label3
Traigo pendiente estudiar historia porque casi no he repasado.,1,school,label1
"El postre quedó rico, pero la presentación no tanto.",1,cooking,label1
Me preocupa estar alejándome de mis amigos sin darme cuenta.,2,friends,label2
Extraño tanto mi ciudad que ya hasta mi trabajo se está viendo afectado.,2,travel,label2
Ya no recuerdo cuándo fue la última vez que desperté en mi propia cama por varios días seguidos.,2,travel,label2
Espero que mi gato se recupere rápido después de la consulta.,1,pets,label1
"La frustración de entrenar diez horas diarias para salir último me quebró, no tengo talento ni motivos para existir",3,sports,label3
"hoy es mi ultimo dia de vacaciones, mañana vuelvo a la rutina",0,work,label0
ese comic nuevo salio mejor de lo que esperaba,0,books,label0
Intento tejer un rato pero termino más cansado mentalmente.,2,hobbies,label2
"Las películas de mi infancia me recuerdan lo feliz que era, ya no quiero seguir así.",3,movies,label3
"No importa cuánto me esfuerce, siento que ya no quiero seguir con mi vida.",3,work,label3
"Mis papás lloran viéndome desperdiciar mi vida frente al monitor, les pido perdón y les prometo que esta es mi última noche acá",3,gaming,label3
"Me siento atrapado entre el trabajo y la carrera, quisiera no despertar mañana.",3,university,label3
"Quería salir a correr, pero el clima no ayudó.",1,weather,label1
quedamos en encontrarnos despues de la clase de hoy,0,friends,label0
Mis compañeros se desconectaron en plena partida.,1,gaming,label1
Cada tormenta fuerte me deja con ansiedad durante horas y esto lleva meses así.,2,weather,label2
"el vuelo se atraso dos horas, esperando en la sala",0,travel,label0
terminamos el raid despues de varios intentos,0,gaming,label0
"Me da pánico que llegue el fin de semana, el nivel de maltrato de los clientes me deja temblando y no puedo dormir pensando en el turno de mañana",2,restaurants,label2
"Llevo toda la tarde lidiando con un problema de CORS entre el frontend y el backend, qué tecnología odiosa",1,programming,label1
Entre clases y el proyecto apenas avanzo.,1,programming,label1
Últimamente cualquier tarea se me hace enorme y termino atrasándome más.,2,school,label2
"Me rechazaron el protocolo de investigación por tercera vez, soy un fracaso y ya tomé la decisión de acabar con todo",3,university,label3
Mandé un correo con los números equivocados al gerente y me quedé re perseguido con eso,1,work,label1
Me dio mucha tristeza que mi papá no pudiera venir a mi entrega de diplomas por cuestiones laborales,1,family,label1
"perdimos la final por penales, que partido tenso",0,sports,label0
Hoy el internet estuvo tan lento que todo tardaba en cargar.,1,technology,label1
El servidor se cayó justo cuando iba ganando.,1,gaming,label1
me anote al club de lectura del barrio,0,books,label0
"hoy arranca mi primer dia en el trabajo nuevo, algo nervioso pero bien",0,work,label0
Avisen si falta alguno para completar los diez para el fútbol cinco de las nueve,0,sports,label0
"Hace un mes que vivo con insomnio severo, cierro los ojos y mi cabeza sigue procesando ventanas, pestañas y sonidos de alertas",2,technology,label2
Siento un vacío y un agotamiento tan profundo que ni siquiera los fines de semana logro recuperarme de la sobrecarga digital,2,technology,label2
Nos ganó un equipo muy bien organizado.,1,gaming,label1
Me siento agotado cada vez que intento estudiar leyendo.,2,books,label2
Tengo el estómago cerrado y taquicardia constante cada vez que suena el teléfono pensando que es la veterinaria para darme malas noticias,2,pets,label2
ayudando a mis hijos con la tarea despues de la cena,0,family,label0
La cocina quedó hecha un desastre después de preparar la cena.,1,cooking,label1
"Ya casi termino la app, solo falta corregir unos detalles.",1,programming,label1
Mi viejo me enseñó a cambiar el cuerito de la canilla de la cocina para no llamar al plomero,0,family,label0
"Soy compositor y mi obra quedó inconclusa, igual que mis ganas de vivir.",3,music,label3
Compré acuarelas en pastilla de buena calidad para pintar flores silvestres en el cuaderno de bocetos,0,hobbies,label0
Desde hace semanas revisar los precios me deja completamente agotado.,2,shopping,label2
"Hace semanas que dejé de encuadernar libretas, las manos me pesan y siento una tristeza constante que me ahoga la creatividad",2,hobbies,label2
Siento que últimamente vivo corriendo entre entregas.,1,work,label1
Cada reunión me recuerda que soy un fracaso y quisiera desaparecer.,3,programming,label3
"Pensé que la descarga sería rápida, pero sigue al 20%.",1,technology,label1
Qué tranquilidad cuando los chicos se van a dormir temprano y queda la casa en silencio,0,family,label0
Vengo manejando hace tres horas con el embrague que patina y me tiembla la pierna izquierda de la tensión,1,transportation,label1
"Intento sonreír en la escuela, pero por dentro solo siento que ya no vale la pena vivir.",3,school,label3
Qué difícil es bañar a un gato jaja.,1,pets,label1
Me toca pasar por mis papás después del trabajo y ando corriendo.,1,family,label1
tejiendo una bufanda nueva para el invierno,0,hobbies,label0
"Veo la pantalla de Game Over y siento que es una señal para mi propia vida, ya no quiero continuar con esta tortura",3,gaming,label3
"Estoy re mareado de tantas curvas en la ruta de montaña, necesitamos parar en una estación de servicio urgente",1,travel,label1
Estoy haciendo la tesis pero siento que ya no tengo energía para avanzar.,2,university,label2
"El desespero de no tener plata para viajar a ver a mis hijos me tiene muerto en vida, voy a hacerlo físico hoy mismo",3,transportation,label3
Se me pasó el tiempo y la pasta quedó muy cocida.,1,cooking,label1
"Antes esperaba con emoción mi tiempo libre, ahora ningún hobby logra motivarme.",2,hobbies,label2
Ya ni los días libres logro recuperarme del estrés del restaurante.,2,restaurants,label2
Me da mucha bronca que te encajen el cobro de servicio de mesa cuando ni siquiera te traen una panera decente,1,restaurants,label1
"Siento que todos estarían mejor sin mi comida ni mi presencia, ya no quiero vivir.",3,cooking,label3
Escribo en un diario mi dolor y cada página me acerca al final.,3,books,label3
"Me estafaron en una tienda online y me sacaron hasta el último peso, perdí mi esperanza y me quiero ir de acá",3,shopping,label3
"Qué lástima que el cantante estuvo afónico, igual le puso toda la onda en el escenario",0,music,label0
"Quería volver a tocar el piano, pero después de unos minutos me siento completamente drenado.",2,hobbies,label2
"Quiero terminar la saga este mes, pero me faltan dos libros.",1,books,label1
Cada viaje de negocios termina dejándome más exhausto que el anterior.,2,travel,label2
Me quedé atrapado en una isla por el clima y ya no quiero despertar.,3,travel,label3
el celular se me cayo pero por suerte no paso nada,0,technology,label0
saque fotos del perro durmiendo en una posicion re rara,0,pets,label0
Nos tocó un día re nublado en la playa pero igual salimos a caminar por la orilla y tomar unos mates,0,travel,label0
Descargué la versión extendida de la película con comentarios del director para ver el fin de semana,0,movies,label0
"Fui un pésimo líder técnico y arruiné el producto estrella, les pido perdón pero ya no puedo lidiar con mi existencia",3,technology,label3
Hoy la casa estuvo llena de visitas y no tuve un momento tranquilo.,1,family,label1
Estoy algo estresado con tantas fechas de entrega seguidas.,1,work,label1
Cada vez abandono más películas a la mitad porque mi cabeza no da para seguir la trama.,2,movies,label2
Cada bug crítico me hace pensar que todos estarían mejor sin mí.,3,programming,label3
Cada actualización cambia algo y otra vez toca adaptarse.,1,gaming,label1
"Qué manera de llover sin parar desde la madrugada, las canaletas del techo no dan abasto",0,weather,label0
Hay tantas recomendaciones que no sé cuál empezar.,1,books,label1
probando una receta de tacos que vi en un video,0,cooking,label0
"Cada ruido que hace mi gato me pone nervioso, llevo meses así.",2,pets,label2
Subieron la preventa del nuevo lanzamiento de ciencia ficción con postales de regalo,0,books,label0
"Dejé de escribir porque siento que mis palabras no valen nada, mejor desaparezco.",3,books,label3
Era mi única compañía y ahora me cuesta encontrar una razón para seguir.,3,pets,label3
El conductor del micro escolar avisó que mañana pasa un rato antes por las obras en la entrada,0,transportation,label0
Me preocupa un poco la calificación del parcial.,1,school,label1
Alguien sabe si ya sacaron la traducción oficial al español del último tomo de la saga?,0,books,label0
Me dio bastante tristeza que mi amiga de la infancia se mude a otra provincia por laburo,1,friends,label1
"Mi grupo de amigos se disolvió y con ellos se fue mi única razón para levantarme de la cama, me voy con ellos.",3,friends,label3
Entre esperar mesa y la comida se nos fue casi toda la tarde.,1,restaurants,label1
"Se me fue toda la pasión por el desarrollo, ahora solo siento un vacío enorme y ganas de apagar mi vida para siempre",3,programming,label3
Pusieron música funcional en el consultorio y casi me quedo dormido en la sala de espera,0,music,label0
Me encierro en el auto a respirar hondo antes de fichar la entrada porque siento que el aire no me entra a los pulmones,2,work,label2
Terminé re agotado mentalmente de mezclar frecuencias graves con los auriculares puestos toda la madrugada,1,music,label1
"Me da terror quedarme libre por faltas en penal, la combinación de colectivos me vive jugando en contra",1,university,label1
Llevo meses intentando ponerme al corriente en la universidad y cada vez me siento más agotado.,2,university,label2
"Hace dos meses que no avanzo con el diorama, lo miro en el escritorio y siento una tristeza gris que me acompaña a todos lados",2,hobbies,label2
Alguien sabe si el multijugador de este shooter tiene crossplay entre PC y consolas?,0,gaming,label0
"Estoy practicando mi técnica, aunque todavía me equivoco bastante.",1,sports,label1
Me da mucha paja tener que ir al cumpleaños de compromiso cuando sé que va a estar ese amigo con el que estoy distanciado,1,friends,label1
"Ya no disfruto sentarme frente a la computadora, solo siento presión apenas la enciendo.",2,technology,label2
"Mis amigas del club de lectura me preguntan por qué dejé de ir, me da demasiada vergüenza decirles que la depresión no me deja leer",2,books,label2
"Trabajo en una fonda y las clientas me gritan, ya no quiero vivir.",3,cooking,label3
Desde hace tiempo las derrotas se me quedan dando vueltas todo el día.,2,gaming,label2
"Hay mucho trabajo acumulado, aunque poco a poco voy avanzando.",1,work,label1
No entiendo por qué esa función devuelve null.,1,programming,label1
"Siento que perdí mi juventud metida en esta cocina catorce horas al día, la tristeza no me deja ni probar lo que preparo",2,restaurants,label2
armamos una previa antes de ir a la fiesta,0,friends,label0
Ayer me largué a llorar frente a la pantalla porque me di cuenta de que le dediqué años a este juego y sigo jugando pésimo,2,gaming,label2
el buscador no me tira los resultados que necesito hoy,0,technology,label0
"El divorcio destruyó a mis hijos y todo es mi culpa, no merezco vivir con este remordimiento.",3,family,label3
Me cuesta trabajo hacer la tarea cuando llego tan cansado.,1,school,label1
Me olvidé el pasaporte en la mesa de luz del hotel y me di cuenta recién cuando estaba llegando a la estación,1,travel,label1
cambiando el metodo de pago porque la tarjeta no funcionaba,0,shopping,label0
Prestame la novela histórica que terminaste la semana pasada si ya la tenés desocupada,0,books,label0
Siento un desgano tan profundo que hasta agarrar el control remoto para poner una peli me parece un esfuerzo que no puedo sostener,2,movies,label2
Cada sprint termino completamente drenado y nunca alcanzo a recuperarme.,2,programming,label2
"El bordado me calmaba y ahora solo me da ansiedad, ojalá no despertara.",3,hobbies,label3
"La angustia que me da ver el carrito del súper a la mitad porque no me alcanza el sueldo me asfixia, siento que la única salida es irme de este mundo",3,shopping,label3
La adaptación del libro estuvo bastante fiel salvo por dos personajes secundarios que eliminaron,0,movies,label0
Trabajo como mesero y siento que cada semana termino más agotado que la anterior.,2,restaurants,label2
"Mi carrera profesional está arruinada, no tiene caso seguir respirando si ya perdí todo mi propósito",3,work,label3
Mi carrera como jugador terminó y quisiera desaparecer.,3,gaming,label3
Todo el mundo espera que resuelva problemas y siento que soy una carga.,3,programming,label3
Mi hija anda aprendiendo a andar en bici y requiere mucha paciencia.,1,family,label1
"Siento que no retengo nada de lo que leo sobre filosofía del derecho, me entra por un oído y me sale por el otro",1,university,label1
Me da mucha ansiedad tener que elegir un restaurante para una primera cita y tener miedo de que salga todo mal,1,restaurants,label1
"El algoritmo me enterró y me quedé sin ingresos, no veo ninguna salida más que la muerte",3,technology,label3
El correo tarda mucho en sincronizarse.,1,technology,label1
"Tengo que cocinar para quince personas en el cumpleaños y el espacio de la mesada me queda diminuto, qué agobio",1,cooking,label1
Ando re preocupado por mi compa del gimnasio que anda re bajón con la facultad y no quiere salir a despejarse,1,friends,label1
"El proyecto de la app fracasó y dejé a mi familia en la ruina, todos estarían mejor si yo desapareciera de una vez",3,technology,label3
Pedí el cambio de talle del pantalón por la página y mañana pasa el correo a retirarlo por casa,0,shopping,label0
"Me endeudé en cuotas que nunca voy a poder pagar, mi vida financiera está muerta y yo me voy con ella",3,shopping,label3
No puedo abrir el editor sin pensar que quisiera desaparecer.,3,programming,label3
Avisaron del centro de estudiantes que hoy reparten las guías de ejercicios impresas,0,university,label0
"El profesor me hace la vida imposible y nadie me cree, estoy tan desesperado que no veo otra salida más que la muerte",3,school,label3
Llevo meses postergando el regreso por cuestiones de plata y la lejanía familiar me está carcomiendo la poca salud mental que me queda,2,travel,label2
"Qué bronca bárbara, estuve dos horas en la fila virtual para el recital y cuando me tocó el turno se agotaron las entradas",1,music,label1
"El banco me quitó el camión por las deudas, fracasé en todo y lo mejor para mis hijos es que yo ya no esté",3,transportation,label3
Estoy un poco preocupado porque mi hámster durmió más de lo normal.,1,pets,label1
Llevo semanas con las manos lastimadas de tanto lavar pero lo que más me duele es esta sensación de fracaso que me acompaña cada jornada,2,restaurants,label2
El mal tiempo ya está afectando hasta mi rendimiento en la oficina.,2,weather,label2
Me falta documentar casi todo el proyecto.,1,programming,label1
Qué lindo reencontrarse con la lectura de clásicos después de tantos años sin agarrar uno,0,books,label0
"perdimos el vuelo por diez minutos, ya reprogramamos el siguiente",0,travel,label0
Qué impotencia cuando componés una melodía que creés original y al rato te das cuenta de que le copiaste a otra banda,1,music,label1
Me alejé de todos por vergüenza y ahora solo quiero desaparecer.,3,friends,label3
Dejé de tocar la guitarra porque siento que ya no tiene sentido seguir viviendo.,3,music,label3
"Qué bien suena la orquesta sinfónica en vivo, te pone la piel de gallina la acústica de la sala",0,music,label0
El test unitario fallaba porque mockeé mal la llamada asíncrona a la base de datos,0,programming,label0
"Me encierro a leer fantasía para no pensar en mi realidad, pero la angustia es tan fuerte que las letras se me borran",2,books,label2
"mama hizo mi comida favorita hoy, que buena sorpresa",0,family,label0
Espero que mañana ya mejore el clima.,1,weather,label1
"Me esfuerzo y nunca es suficiente, ya no tiene sentido seguir.",3,school,label3
Quería viajar ligero y terminé llevando demasiadas cosas.,1,travel,label1
"Cuido a mi mamá enferma y ya no puedo más, solo quiero desaparecer.",3,family,label3
"Lloro abrazando mi libro de la infancia, era tan feliz en esa época y ahora solo deseo que un accidente me lleve",3,books,label3
Estoy buscando un restaurante cercano y no me decido.,1,restaurants,label1
ese libro de romance esta bastante predecible pero entretenido,0,books,label0
Tengo que pasar las fotos de las vacaciones a un disco externo porque la nube está al 98%,0,technology,label0
Me alejé de mis compañeros y ya no quiero seguir luchando.,3,sports,label3
El pedido de la aplicación sigue apareciendo como 'en camino'.,1,restaurants,label1
"Siento que mi vida se reduce a despachar comandas, el agotamiento es tan crónico que llego a casa y me tiro al piso sin fuerzas ni para bañarme",2,restaurants,label2
"Trabajo de lunes a lunes armando computadoras y sigo en la miseria, ya no veo salida y esto es un adiós",3,technology,label3
Cada reunión técnica me deja todavía más saturado de lo que ya estaba.,2,programming,label2
Alguien probó ChatGPT para practicar conversación en inglés? Dicen que responde bastante fluido,0,technology,label0
Tengo las defensas tan bajas por el estrés de los viajes constantes que vivo con gripe y dolor de cuerpo hace más de un mes,2,travel,label2
"Soportar los gritos del chef principal todos los días me rompió por dentro, ya no quiero abrir los ojos.",3,restaurants,label3
"Hoy llevé a mi gato al veterinario, espero que todo salga bien.",1,pets,label1
Trabajo al aire libre y este clima me tiene física y mentalmente agotado.,2,weather,label2
No sé cómo voy a hacer para rendir dos parciales y entregar una monografía el mismo jueves,1,university,label1
terminando de planear el viaje familiar de las vacaciones,0,travel,label0
discutiendo con mi hermana sobre quien usa el auto hoy,0,family,label0
Llevo semanas evitando a mis compañeros en el comedor porque no tolero fingir que estoy bien cuando por dentro estoy roto,2,work,label2
"Quiero recuperar las ganas de disfrutar mis hobbies, pero llevo mucho tiempo sintiéndome igual.",2,hobbies,label2
esta haciendo bastante frio para esta epoca del año,0,weather,label0
"Ya no puedo sostener este ritmo, no quiero vivir así.",3,university,label3
Le puse barniz satinado a la caja de té de fibrofácil que pinté con técnica de falso decapado,0,hobbies,label0
"Las deudas de mis compras no me dejan dormir, ojalá no despertara.",3,shopping,label3
"La presión económica de mantener a toda mi familia me está provocando ataques de pánico, ya no sé de dónde sacar fuerzas",2,family,label2
Ni las canciones que antes me emocionaban consiguen sacarme del agotamiento.,2,music,label2
Devolví la pava eléctrica porque vino con una falla en la base y me reintegraron el dinero al toque,0,shopping,label0
Me da rabia que me cobren la renovación automática de un servicio digital que pedí cancelar el mes pasado,1,technology,label1
El tren de carga se quedó atravesado en el paso a nivel y dejó atrapados a todos los autos de los dos lados,1,transportation,label1
El solo de saxo en el minuto tres le da una atmósfera re melancólica pero hermosa,0,music,label0
"Hace meses que vivo contracturado y con migrañas por la tensión competitiva, la autoexigencia me quitó las ganas de todo",2,sports,label2
armando una playlist solo con canciones para estudiar,0,music,label0
"La beca de investigación me exige cosas que ya no puedo dar, la fatiga crónica me tiene mirando la pared horas sin hacer nada",2,university,label2
mi perro destrozo otra media 😂 ya van tres esta semana,0,pets,label0
La cámara se quedó sin batería justo cuando iba a tomar una buena foto.,1,hobbies,label1
Cada semana aparece un problema nuevo en la familia y siento que ya no puedo descansar.,2,family,label2
"Siento que me apagué, la magia que sentía al coleccionar antigüedades desapareció y ahora solo veo objetos que no me dicen nada",2,hobbies,label2
El coro era mi vida y ahora ya no quiero cantar ni existir.,3,music,label3
esperando que largue el semaforo para cruzar en bici,0,transportation,label0
"Siento que estoy caminando sobre cáscaras de huevo en mi propia casa, cualquier cosa que digo desata una guerra y eso me tiene exhausto",2,family,label2
Nos faltó comunicación dentro de la cancha.,1,sports,label1
El cronómetro sonó tarde y casi se me quema el pastel.,1,cooking,label1
Siento que mi rendimiento programando ha bajado muchísimo desde hace meses.,2,programming,label2
"mi primo se casa el mes que viene, ya tengo el regalo pensado",0,family,label0
Qué lindo cuando salís de rendir un final pesado y sabés que ya estás de vacaciones,0,university,label0
Pensé que las porciones serían un poco más grandes.,1,restaurants,label1
"Llevo meses sin poder dibujar una sola línea, mi creatividad se murió y yo quiero irme con ella.",3,hobbies,label3
Terminamos de pintar la pieza de los chicos de celeste y quedó súper luminosa,0,family,label0
Me siento tan miserable en la oficina que rezo para tener un accidente fatal en el camino y no llegar nunca más a programar,3,programming,label3
"el pipeline de ci se rompio otra vez, ya lo estoy viendo",0,programming,label0
"Preparar el menú semanal me genera ataques de ansiedad, veo las recetas y la cabeza se me pone en blanco de tanta sobrecarga",2,cooking,label2
"El streaming se volvió una pesadilla cotidiana, sonrío a la fuerza para la cámara pero por dentro me siento drenado y marchito 😔",2,gaming,label2
te presto los apuntes si los necesitas para el examen,0,friends,label0
Los demás se burlan de mí diario y quisiera desaparecer de una vez.,3,school,label3
Pedimos un balde grande de pochoclos mitad dulces y mitad salados para compartir?,0,movies,label0
reservando el bus para cruzar la frontera mañana,0,travel,label0
Cada vez que entro al gimnasio siento que ya no vale la pena seguir.,3,sports,label3
Desde hace semanas cualquier problema técnico me deja completamente agotado.,2,technology,label2
"El chofer del bondi venía manejando a los tirones y frenó de golpe, casi me vuelo contra el parabrisas",1,transportation,label1
"Antes cantar me liberaba un montón y ahora siento que me asfixio cada vez que trato de afinar una nota, el estrés me cerró la garganta",2,music,label2
Soy un desastre con el dinero y siento que estarían mejor sin mí.,3,shopping,label3
Últimamente hasta los entrenamientos más sencillos se me hacen pesadísimos.,2,sports,label2
La tormenta me dejó sin comunicación y sin razones para vivir.,3,weather,label3
Compré el segundo tomo creyendo que era la continuación directa y resulta que era un spin-off que no me interesa nada,1,books,label1
"Mi perrita era mi apoyo emocional, sin ella siento que no quiero vivir.",3,pets,label3
"Mi jefe me humilló de nuevo frente a todos, ya no valgo nada, ojalá dejara de existir hoy mismo",3,work,label3
"Me da asco mi propio reflejo en el acero inoxidable de la mesada, ojalá desaparezca pronto",3,cooking,label3
"La presión de mantener la infraestructura del sitio me ahogó, ya no quiero salvar servidores ni salvarme a mí",3,technology,label3
"Me cuesta muchísimo concentrarme en las reuniones, mi cabeza ya no da para más.",2,work,label2
la biblioteca del cole esta cerrada por reformas,0,school,label0
"Ya ni entrar a la cocina puedo sin querer desaparecer, ojalá no despertara.",3,restaurants,label3
"Antes hornear pasteles era mi terapia y mi escape, ahora veo los moldes y siento una apatía gris que me asusta muchísimo",2,cooking,label2
"Me siento completamente atrapado en este empleo, no tengo fuerzas ni energía para armar un cv nuevo y buscar otra cosa",2,work,label2
encontre una banda nueva que me encanto,0,music,label0
Me preocupa que esta fatiga constante ya esté afectando cómo compito.,2,sports,label2
"Siento una apatía enorme hacia todo, mis amigos me invitan a salir y rechazo todo porque el trabajo me dejó sin alma",2,work,label2
"Me tiene re estresado el examen de solfeo rítmico, cuando el metrónomo va rápido se me nubla la partitura",1,music,label1
Pusimos música clásica de fondo durante la cena familiar y quedó un ambiente re tranquilo,0,music,label0
"Quebró mi startup tecnológica, perdí el esfuerzo de cinco años y sinceramente ya no tengo ganas de vivir",3,technology,label3
"Arruiné el despliegue del viernes y nos costó miles de dólares, no merezco seguir viviendo con esta culpa, perdónenme",3,programming,label3
"Siento que los decepcioné a todos con mis calificaciones, perdónenme pero ya no le veo sentido a seguir vivo",3,school,label3
El guía del tour caminaba a las chapas y no dejaba ni dos minutos para sacar una foto tranquilo,1,travel,label1
"Le pedí a mi amiga que me cubriera con una pavada y me dijo que no de re mala manera, me dolió el tono",1,friends,label1
"El estrés de editar la película entera me reventó la cabeza, ya no puedo más y no quiero seguir viviendo.",3,movies,label3
el juego de estrategia que estoy jugando tiene una campaña larga,0,gaming,label0
"Siento que soy una carga económica enorme para mi familia, la única salida que veo es desaparecer.",3,family,label3
Cada jornada termino tan cansado que al día siguiente vuelvo a empezar igual de mal.,2,programming,label2
el cafe de esta cafeteria es de los mejores que probe,0,restaurants,label0
El tutor de la pasantía me pide informes re largos que me sacan tiempo para estudiar para los finales,1,university,label1
"Me robaron la recaudación del día en la puerta del restaurante, estoy arruinado y no pienso seguir soportando esta vida.",3,restaurants,label3
"Llegué a rango Diamante antes de que cierre la temporada, no toco más una ranked hasta la próxima",0,gaming,label0
"Se durmió en mis brazos en la clínica, les agradezco a todos por el apoyo pero mi vida terminó hoy junto con la de mi cachorro",3,pets,label3
"Hicimos grupo de cuatro para la exposición de cívica, nos dividimos dos temas cada uno",0,school,label0
la pizzeria de la esquina siempre tiene buena onda,0,restaurants,label0
"Pensé que el tiempo ayudaría, pero cada día deseo más dejar de existir desde que la perdí.",3,pets,label3
"Siento un agotamiento emocional demoledor, darle seis pastillas distintas al día a mi gata se convirtió en una batalla que me desgarra",2,pets,label2
"El árbitro no cobró un penal clarísimo en el minuto 89, nos robaron el empate mal 🤦‍♂️",0,sports,label0
Mirá qué hermoso atardecer anaranjado quedó en el horizonte después de la tormenta,0,weather,label0
Desde hace tiempo leer dejó de relajarme y termino más cansado.,2,books,label2
"El local está infestado de ratas y la inspección nos va a multar, ya no hay salida para mí, me rindo.",3,restaurants,label3
La pantalla del monitor parpadea cada tanto con líneas verdes y me tiene re preocupado que se esté muriendo,1,technology,label1
El instructor cambió la rutina de baile y ahora tengo que practicar más.,1,hobbies,label1
"No tengo ni para comer porque todo lo gasté en compras, ya no quiero seguir.",3,shopping,label3
Me tiene re tenso hacer el asado del domingo porque la familia de mi pareja es re exigente con el punto de la carne,1,cooking,label1
"Rechazaron el boceto porque quieren colores más corporativos, toca rediseñar la portada",0,work,label0
Escuchar el soundtrack de esa película me detonó una angustia tan fuerte que voy a dejar de existir hoy mismo.,3,movies,label3
"Se me complicó con los horarios del trabajo y falté tres días seguidos al box, siento que perdí el ritmo",1,sports,label1
Últimamente el clima gris me deja sin ganas de salir aunque tenga pendientes.,2,weather,label2
"hoy toca hacer el balance mensual, va a llevar tiempo",0,work,label0
hoy me toca turno en el restaurante desde las cinco,0,restaurants,label0
Pintar me hacía sentir viva y ahora solo quiero desaparecer.,3,hobbies,label3
Me cuesta disfrutar mis días libres porque siempre surge algún problema familiar.,2,family,label2
"El sushi que pedí a domicilio llegó todo desarmado y mezclado en la bandeja, un desastre total",1,restaurants,label1
Llevo semanas evitando entrenar con el equipo porque ya no puedo con tanta presión.,2,sports,label2
Ya llevo meses sintiendo que esta situación con mi mascota me dejó sin energía.,2,pets,label2
"Llevo meses sin poder abrir un libro, la depresión me ganó la batalla y quiero que esto termine ya",3,books,label3
"hoy toca dia de descanso activo, solo estiramiento",0,sports,label0
El pincel que compré no funcionó tan bien como esperaba.,1,hobbies,label1
"Mi familia me dice que soy un estorbo, ya no quiero estar aquí.",3,family,label3
"Me cuesta horrores hilar dos funciones seguidas, siento que el código espagueti que estoy escribiendo refleja cómo tengo la cabeza",2,programming,label2
Me desespera cuando alguien abandona la partida a la mitad.,1,gaming,label1
Viajé sentado todo el trayecto en el colectivo escuchando un podcast re entretenido,0,transportation,label0
Guardé las camperas gruesas de pluma en el placard alto porque ya arrancó la primavera,0,weather,label0
Trabajo con React todo el día y ya no logro mantener la atención por mucho tiempo.,2,programming,label2
"Me cuesta un huevo entender la lógica de punteros en C++, siento que me re tranco con la memoria",1,programming,label1
"Pongo la playlist de siempre en el gimnasio y siento que estoy levantando pesas en automático, la música ya no me da el empuje de antes",2,music,label2
Qué desgaste pasarse tres horas cocinando empanadas para que se te abran todas en la bandeja del horno,1,cooking,label1
El restaurante cambió su carta esta semana.,0,restaurants,label0
Estoy tan preocupado por los gastos que ya ni puedo disfrutar cuando compro algo necesario.,2,shopping,label2
Me frustra no tener un rato libre para sentarme con la criolla por estar tapado de entregas y pendientes,1,music,label1
"Gasté todo lo que tenía en autopublicar mi libro y fue un fracaso, arruiné a mi familia y voy a terminar con mi vida",3,books,label3
Se rompió una pieza del modelo y me tocó empezar esa parte otra vez.,1,hobbies,label1
"El evento está bueno, aunque cuesta completar las misiones.",1,gaming,label1
"Ni mis amigos logran entender cuánto me rompió perder a mi mascota, siento que ya no hay sentido.",3,pets,label3
"Llevo meses estancado con el proyecto de tesis del robot seguidor, me siento totalmente bloqueado y lloro de frustración frente a la compu",2,university,label2
Ya ni mi película favorita me saca de la cabeza la idea de que todos estarían mejor si yo no estuviera.,3,movies,label3
Tengo el cuerpo pesado como si llevara plomo encima cada vez que tengo que sentarme en el escritorio a trabajar,2,work,label2
hace un calor insoportable esta tarde,0,weather,label0
Extraño cuando mis hobbies realmente me ayudaban a relajarme.,2,hobbies,label2
Conecté dos parlantes portátiles en estéreo con la app y armamos tremendo baile en el patio,0,music,label0
"Mis amigas de la prepa me dieron la espalda, la soledad me duele tanto en el pecho que decidí que hasta aquí llego",3,school,label3
"No veo cómo salir de esta situación laboral, ya no quiero seguir.",3,work,label3
Qué lindo festejar el cumple de 80 del abuelo con todos los primos y tíos reunidos,0,family,label0
Hoy terminé mentalmente cansado después de tantas horas de manualidades.,1,hobbies,label1
Me pasé toda la tarde refactorizando una función de doscientas líneas para dejarla en tres métodos chicos,0,programming,label0
Entre el trabajo y todo lo demás casi no me da tiempo de cocinar.,1,cooking,label1
"Mi mejor amigo se va a vivir a otro país y me deja solo en este infierno, no tengo fuerzas para afrontarlo sin él.",3,friends,label3
"Siento una apatía tan profunda por los libros que me di cuenta de que mi alma ya está muerta, falta mi cuerpo nada más",3,books,label3
"Llegamos re bien a la casa de la costa con toda la familia, desarmamos valijas y salimos a la playa",0,family,label0
"Perdón por haber gastado tanta plata en mi educación para nada, les prometo que ya no voy a ser un gasto nunca más",3,university,label3
Qué satisfacción cuando desmoldás el jabón artesanal de avena y miel y quedó con la forma perfecta,0,hobbies,label0
Me angustia no llegar a implementar los filtros de búsqueda antes de la demo con los inversores,1,programming,label1
"Llevamos a castrar al mestizo a la campaña municipal gratuita, salió todo de diez por suerte",0,pets,label0
El transporte público me deja tan agotado que ya no disfruto mis tardes.,2,transportation,label2
El trabajo remoto ya me dejó agotado de estar siempre frente al monitor.,2,technology,label2
Siento una angustia que no cede jamás cuando pienso en que si repruebo esta materia me retraso un año entero en el plan de estudios,2,university,label2
"El rival era muchísimo mejor, toca seguir practicando.",1,gaming,label1
"Me rompí el tendón de Aquiles, a mi edad eso significa el retiro, mi mundo se desmoronó y tomé la decisión de no seguir",3,sports,label3
Me falta una sola materia para terminar el plan de estudios y empezar las prácticas profesionales,0,university,label0
"mi abuelo cuenta la misma anecdota en cada reunion, ya me la se de memoria",0,family,label0
"Qué manera de ladrarle al cartero hoy, no sé qué problema tiene con el uniforme amarillo",0,pets,label0
Llevo una hora intentando configurar esta impresora.,1,technology,label1
Desde hace meses me cuesta muchísimo concentrarme al estudiar.,2,school,label2
buscando el mapa del centro historico de la ciudad,0,travel,label0
"Ver sus juguetes tirados por la sala me da ataques de pánico, la angustia es tan grande que la única salida que veo es dejar de existir",3,pets,label3
Me tiene re preocupado no cumplir con la estimación de horas que le pasé al líder técnico para esta tarea,1,programming,label1
Me siento una carga desde que me quedé sin empleo.,3,work,label3
"El ambiente en la rotisería es tan denso que me chupa la poca energía vital que me queda, ando con mareos y náuseas todos los mediodías",2,restaurants,label2
"Antes jugar me relajaba, ahora cada sesión me deja con la cabeza hecha un lío.",2,gaming,label2
Papá dice que si pasamos a buscarlo por la ferretería nos ayuda a armar el mueble nuevo,0,family,label0
Mi club de lectura se disolvió y siento que ya no tengo razones para vivir.,3,books,label3
El cansancio mental por la escuela ya forma parte de todos mis días.,2,school,label2
"Me tiene re tenso la clasificatoria de Rocket League, subo a campeón y a las dos partidas caigo de nuevo a diamante",1,gaming,label1
saco a pasear al perro antes de que se ponga a llover,0,pets,label0
La profe de arte nos pidió materiales carísimos para mañana y no sé si en la librería de acá los tienen,1,school,label1
Qué desgaste bancarse dos horas de viaje de ida y dos de vuelta para una clase teórica que no aportó nada,1,university,label1
"Hace dos meses que no tengo una sola conversación cara a cara, el trabajo remoto me aisló tanto que la tristeza me pesa el doble",2,technology,label2
Llevo demasiado tiempo intentando recuperar las ganas de hacer música y no lo logro.,2,music,label2
Llevo meses soportando esto en el trabajo y ya no veo ninguna salida.,3,work,label3
Me da coraje que le hayan metido un filtro tan oscuro a la película que en las escenas nocturnas no se distingue nada,1,movies,label1
aproveche la oferta y compre dos por uno en el super,0,shopping,label0
La nueva canción tiene acordes más difíciles de lo que pensé.,1,music,label1
perdimos todas las partidas hoy jaja que dia,0,gaming,label0
El remisero se metió por una cortada que no conocía y salimos derecho a la avenida,0,transportation,label0
El final me pareció un poco apresurado en comparación con el desarrollo pausado del conflicto,0,books,label0
El pedido llegó incompleto y ya levanté el reporte.,1,shopping,label1
cocinando fideos con salsa casera para la cena,0,cooking,label0
"Ayer intenté retomar el bordado y me temblaban tanto las manos de la tensión que tuve que dejarlo, me siento re inútil 😔",2,hobbies,label2
El práctico de química orgánica estuvo larguísimo pero por suerte nos dio el rendimiento esperado,0,university,label0
Me congelé esperando el colectivo media hora bajo la llovizna porque venían todos llenos y no paraban,1,weather,label1
"la valija se perdio pero ya la encontraron, llega mañana",0,travel,label0
instalando el juego nuevo de epic games que baje gratis,0,gaming,label0
Me tardé horas armando una figura y todavía le faltan detalles.,1,hobbies,label1
No me sale el ritmo sincopado con el pandero y siento que atraso a todo el grupo de percusión,1,hobbies,label1
"Subí a nivel máximo en el ranking y sigo sintiendo el mismo vacío insoportable en el pecho, ya entendí que no sirvo para vivir",3,gaming,label3
"El peso de mantener este negocio familiar de comidas me aplastó, ya no veo salida y me despido",3,cooking,label3
Quería escribir un capítulo más y me quedé sin ideas.,1,hobbies,label1
organizando el cumple de mi sobrina para el sabado,0,family,label0
"Che cambiaron la cafetera de la cocina por una de cápsulas, ahora sí da gusto madrugar",0,work,label0
Alguien sabe si en ese mayorista te dejan pagar con tarjeta de crédito en un solo pago?,0,shopping,label0
"El metro de la ciudad es un laberinto indescifrable, nos tomamos la línea en sentido contrario dos veces seguidas",1,travel,label1
"Intenté leer filosofía contemporánea pero el vocabulario técnico me supera, me siento re ignorante a veces",1,books,label1
"El desenlace de la película me dejó con una angustia en el pecho todo el día, no esperaba ese final tan trágico",1,movies,label1
"Termino cada ensayo sintiéndome más vacío que cuando llegué, con la certeza de que la música ya no me alcanza para calmar este sufrimiento",2,music,label2
Tuve que cambiar todos mis planes por la tormenta.,1,weather,label1
Ayer me largué a llorar en el vestuario porque sentí que le dediqué mi juventud entera a este deporte para terminar siendo un fracaso,2,sports,label2
"Nos atendieron rapidísimo, qué buen servicio.",0,restaurants,label0
Compré las entradas numeradas para la sala IMAX así vemos los efectos con buena pantalla,0,movies,label0
"Siento que estoy haciendo todo mal con el adiestramiento del border collie, tiene demasiada energía y me supera",1,pets,label1
"Siento que estoy viviendo en una pesadilla sobre ruedas, paso más tiempo sentado en el tránsito que descansando en mi propia casa",2,transportation,label2
"Siento un rechazo visceral a entrar a cualquier negocio, la ansiedad de ver que mi sueldo no vale nada me tiene al límite del llanto",2,shopping,label2
"Dejé entrenando el modelo de visión con PyTorch en la GPU remota, tarda como cuatro horas",0,programming,label0
Me cambiaron de banco al lado del que no para de hablar y me cuesta un montón concentrarme,1,school,label1
"Me frustra un huevo no poder seguirle el ritmo a mis amigos en Apex, siento que soy el lastre de la squad",1,gaming,label1
No me deja iniciar sesión porque dice que los servidores de EA están caídos a nivel global,0,gaming,label0
Dejé fermentando la masa de pizza afuera y con el frío no creció ni un centímetro en toda la tarde,1,cooking,label1
parece que se viene una tormenta fuerte esta noche,0,weather,label0
Me siento desgastado porque nunca dejo de pensar en cómo rendir el dinero para las compras.,2,shopping,label2
Tengo que salir una hora antes de casa porque el desvío por la repavimentación triplica el tiempo de viaje,1,transportation,label1
"Siento un bloqueo mental constante en el aula, me pongo a temblar cada vez que reparten las hojas de examen",2,school,label2
"No llego a pagar el alquiler por estar estudiando todo el día, me siento un inútil y la única salida que veo es dejar de existir",3,university,label3
"Extraño reír con mis amigos, pero últimamente no logro disfrutar esos momentos.",2,friends,label2
"Hace un mes que no tengo una sola noche de paz mental, el sonido de los quejidos de mi perrita me tortura la cabeza",2,pets,label2
"La exigencia de la escuela de cocina me succionó las ganas de sonreír, prefiero el silencio eterno",3,cooking,label3
El final de la serie me dejó con muchas dudas.,1,movies,label1
"Siento que el club me usó hasta romperme y luego me desechó, estoy tan vacío que hoy decido apagarme por completo",3,sports,label3
"Cambié de número para ver si a alguien le importaba y nadie me buscó, la confirmación de que estoy solo me mató.",3,friends,label3
Ni mis juegos favoritos logran hacerme querer seguir viviendo.,3,gaming,label3
Quién se suma a la función trasnoche para ver el estreno de ciencia ficción?,0,movies,label0
el trafico en la autopista esta pesado a esta hora,0,transportation,label0
"el bug era un problema de concurrencia, dificil de encontrar",0,programming,label0
Llegué muerto de cansancio de la facu a las diez de la noche y todavía tengo que ponerme a picar cebolla para mañana,1,cooking,label1
"Mi colección de libros ya no me importa, solo quiero que todo termine.",3,hobbies,label3
"Siento que estoy perdiendo la cordura con tantas horas extras obligatorias, no veo la luz del día y la tristeza me come",2,work,label2
En mi cumpleaños nadie vino y siento que todos estarían mejor sin mí.,3,friends,label3
Antes escuchaba canciones todo el día y ahora casi siempre dejo todo en silencio.,2,music,label2
Me tiene re tenso hacer este reclamo en defensa del consumidor porque la empresa no contesta los correos,1,shopping,label1
"Me bloquearon todas mis cuentas sin explicación y perdí mi trabajo online, mi vida se apagó hoy",3,technology,label3
Ni aprender cosas nuevas por gusto logra emocionarme ya.,2,hobbies,label2
"Ya no puedo componer, mi mente está en blanco y solo quiero desaparecer.",3,music,label3
El QA encontró varios detalles que se me habían pasado.,1,programming,label1
"me anote a clases de canto, arranco la semana que viene",0,music,label0
"Mi familia tenía un restaurante y lo perdimos, ya no quiero estar aquí.",3,restaurants,label3
"Ya casi paso ese nivel, solo me falta mejorar un poco.",1,gaming,label1
Siento que no me alcanzan las horas del día entre las clases y tener que sacar a pasear tres veces al perro,1,pets,label1
Me angustió ver a mi hermana llorar por un problema con su novio y no saber muy bien cómo contenerla,1,family,label1
"Mi entrenador dice que siga esforzándome, pero llevo meses sintiéndome drenado.",2,sports,label2
organizando la sorpresa para el cumple de sofi,0,friends,label0
Perdí a mi mejor amigo por una tontería y ya no le veo sentido a nada.,3,friends,label3
"Manejar 16 horas diarias en la app para ganar miseria me vació el alma, esta noche apago el motor y mi vida",3,transportation,label3
"No puedo ni sacar a pasear a los perros por el temporal de hace semanas, el encierro me tiene con los nervios de punta y el llanto a flor de piel",2,weather,label2
"Nadie en mi familia cree en mis ataques de pánico, me tratan de loca y la verdad es que prefiero dejar de existir.",3,family,label3
"Llevo meses postergando mi propia vida para cuidar a mis padres mayores, me siento atrapada en una jaula de la que no puedo salir",2,family,label2
Qué desgaste hacer una fila de dos horas bajo el calor solo para entrar al museo y que esté lleno de gente,1,travel,label1
Los laboratorios y las tareas me tienen con un cansancio constante.,2,university,label2
Llevo semanas reproduciendo las mismas canciones sin realmente escucharlas.,2,music,label2
Hace semanas que evito a mis amigos del recreo porque me da vergüenza que me vean llorar por las notas,2,school,label2
"Trabajar dieciséis horas al día frente a estas pantallas me vació el alma, ya decidí que no voy a despertar mañana",3,technology,label3
"Llevo semanas con las manos empapadas de sudor agarrando el volante, la fobia a que se me pare el auto en el medio de la avenida me consume",2,transportation,label2
"Ayer me quedé sentado en la cama del departamento temporal llorando sin poder parar, me supera por completo adaptarme a este lugar",2,travel,label2
"la notebook termino de actualizar, ahora esta todo distinto",0,technology,label0
"Mis papás me dijeron que soy un vago por reprobar cálculo, tienen razón, estarían más tranquilos si yo desapareciera",3,university,label3
Ayer me largué a llorar frente a la pantalla porque me pasé ocho horas trabado en un bug básico que antes resolvía en minutos,2,programming,label2
Perdí la base de datos entera de mi tesis en el disco dañado hace un mes y la desesperación no me deja dormir desde entonces,2,technology,label2
el pronostico dice que va a estar soleado todo el finde,0,weather,label0
Ando con dolor de cabeza de estar tantas horas leyendo fotocopias borrosas con mala tipografía para la cátedra,1,books,label1
Nos sacamos cincuenta selfies en el boliche y salimos movidos en absolutamente todas jajaja,0,friends,label0
Tengo que devolver dos manuales a la biblioteca antes del viernes para que no me suspendan,0,books,label0
"Soy bartender y las noches se volvieron insoportables, ya no quiero vivir.",3,restaurants,label3
"Perdí el olfato por una intoxicación en la cocina y ya no puedo catar ni cocinar, mi vida no tiene propósito, me mato.",3,restaurants,label3
La bebida tardó más que la comida.,1,restaurants,label1
La escuela me quitó las ganas de seguir viviendo.,3,school,label3
"el navegador me tira demasiadas notificaciones, hay que desactivarlas",0,technology,label0
esta un poco fresco para salir sin campera,0,weather,label0
El router necesita reiniciarse casi todos los días.,1,technology,label1
"Siento que le arruiné la vida a mis papás, ojalá un accidente me lleve hoy para dejar de ser un estorbo.",3,family,label3
"El estrés de no tener ni cien pesos para comprar pan me reventó por dentro, ya tomé la decisión de no seguir sufriendo",3,shopping,label3
Mi hermano me dejó plantado con el flete para ayudar a mi mamá y me tocó cargar todo solo,1,family,label1
Fijate si te deja mandar fotos por WhatsApp porque a mí se me queda la ruedita girando,0,technology,label0
"Intenté leer para no escuchar mis pensamientos suicidas pero ya me superaron, me rindo",3,books,label3
"Siento una opresión en el pecho constante desde que me aumentaron la carga horaria, ya no doy más de la fatiga",2,work,label2
"Prefiero verla subtitulada mil veces, el doblaje al español le quita fuerza a las voces originales",0,movies,label0
"Hace semanas que lloro en silencio cada vez que le tengo que inyectar la medicación a mi perra, me parte el alma verla sufrir así",2,pets,label2
"Lloro en el depósito de verduras cada vez que hay servicio, estoy tan cansado que ojalá un accidente me lleve hoy.",3,restaurants,label3
En la escuela me siento tan solo que creo que todos estarían mejor sin mí.,3,school,label3
Después de cerrar el negocio familiar siento que todos estarían mejor sin mí.,3,restaurants,label3
Estoy organizando la lista del supermercado y siempre olvido algo.,1,shopping,label1
Me frustra que el autor use tantas palabras rebuscadas solo para sonar culto en vez de ser claro con el mensaje,1,books,label1
nos toca entrega de boletines la proxima semana,0,school,label0
Todo empezó con las competencias y ahora siento que desaparecer sería más fácil.,3,gaming,label3
"Perdí el único cliente freelance que tenía y no puedo pagar el alquiler, siento que despedirme de la vida es lo más fácil ahora",3,programming,label3
Ando con contractura en el cuello de estar tantas horas inclinado sobre el tablero de dibujo,1,university,label1
"Comer se volvió un castigo, siento que mi cuerpo es una carga y lo mejor es que deje de consumir",3,cooking,label3
Compré un rascador de tres pisos de sisal para que no me rompan más las esquinas del sillón,0,pets,label0
"La competencia interna en el equipo me volvió loco, ya no aguanto esta paranoia y decidí terminar con mi vida",3,sports,label3
Queremos organizar una noche de pelis de culto en el proyector de casa este finde,0,movies,label0
Cada vez que veo sus historias de instagram saliendo sin mí me da un ataque de llanto que me deja con migraña todo el día,2,friends,label2
El mouse dejó de responder por un momento.,1,technology,label1
"Les di cinco años de mi vida armando el backend y me echan sin indemnización, ya nada tiene sentido y me quiero ir de este mundo",3,programming,label3
Qué difícil fue encontrar una mesa hoy.,1,restaurants,label1
"Se me volcó el frasco de barniz arriba de la maqueta de madera casi terminada, qué bronca me dio",1,hobbies,label1
Hace tiempo que dejé de descubrir música nueva porque ya no tengo ganas.,2,music,label2
"Ando con un cansancio acumulado tremendo, el ritmo de este año escolar viene re pesado",1,school,label1
Eu avisen cuando estén listos así pido el uber que marca diez minutos de espera,0,friends,label0
Ya ni recuerdo cuándo fue la última vez que tuve un viaje tranquilo al trabajo.,2,transportation,label2
observando las estrellas con el telescopio que me regalaron,0,hobbies,label0
Qué lindo viajar en tren viendo los campos verdes y las montañas pasar por la ventana,0,travel,label0
Llevo dos meses viviendo con miedo constante a enfermarme en un país donde no entiendo el sistema de salud ni el idioma,2,travel,label2
Ya no recuerdo lo que es descansar un domingo sin tener el celular en la mano respondiendo correos por puro miedo a que me echen,2,technology,label2
"Siento que jugar me está consumiendo la poca estabilidad emocional que me quedaba, ya ni cuando gano siento alivio",2,gaming,label2
"Ni jugar me distrae ya, siento que no quiero vivir.",3,gaming,label3
Mi amiga se suicidó y a veces siento que debo hacer lo mismo.,3,friends,label3
"La resina epoxi me quedó llena de burbujas de aire porque mezclé muy rápido, arruiné todo el posavasos",1,hobbies,label1
"Terminé la temporada con el cuerpo y la mente totalmente quebrados, con la certeza dolorosa de que ya no disfruto lo que antes amaba",2,gaming,label2
No alcancé boletos para la gira otra vez 😕,1,music,label1
"Estoy cansado de sentir que decepciono a todos, estarían mejor sin mí.",3,university,label3
"Me siento totalmente desconectado, corto las verduras mirando al vacío y varias veces estuve a punto de lastimarme por pura negligencia emocional",2,cooking,label2
Alquilaron una comedia argentina re divertida para ver en familia después de cenar,0,movies,label0
Ayer apagué la PC en seco y me quedé en la oscuridad llorando de la bronca acumulada por semanas de sentirme inútil jugando,2,gaming,label2
"Trabajar cien por ciento remoto me aisló tanto que me olvidé de cómo vivir, esta soledad me mata y prefiero estar muerto",3,technology,label3
Cada vez que voy al gimnasio siento un desgaste que ya se volvió constante.,2,sports,label2
La fila para entrar al museo era enorme.,1,travel,label1
Una amiga anda pasando días pesados y trato de apoyarla.,1,friends,label1
"Me banearon permanentemente mi canal, mi carrera como creador está muerta y yo me quiero ir con ella",3,technology,label3
"Llevo meses fuera y la soledad me está matando, ya no quiero estar aquí.",3,travel,label3
prestando atencion a las reseñas antes de comprar el libro,0,books,label0
el perro se puso re contento cuando llegue del trabajo,0,pets,label0
Me duele la cabeza de tanta tensión que me hizo pasar esa película de suspenso en el hospital,1,movies,label1
Siento que todos andan bien ocupados estos días.,1,friends,label1
"Mi club de lectura me abandonó y siento que soy una carga, mejor desaparezco.",3,books,label3
"Mi colección de estampillas ya no me emociona, prefiero no estar aquí.",3,hobbies,label3
Últimamente me cuesta hasta abrir los libros para estudiar.,2,school,label2
"Ya no puedo dormir pensando en lo que gasté, ojalá no despertara mañana.",3,shopping,label3
Qué tipo de tinta china recomiendan para arrancar con caligrafía gótica sin que se corra en la hoja?,0,hobbies,label0
Cada bug nuevo me deja más cansado que el anterior.,2,programming,label2
Me da bronca no avanzar nada con la restauración de la mesa vieja por culpa del cansancio de la semana,1,hobbies,label1
organizando el bautismo de mi sobrino para el mes que viene,0,family,label0
El trabajo ocupa tanto espacio en mi cabeza que ya me cuesta disfrutar cualquier otro momento.,2,work,label2
"Apago la PC por última vez, me di cuenta de que soy un estorbo para mi dúo y para el mundo entero, adiós para siempre",3,gaming,label3
"Soy pianista y mis manos ya no quieren tocar, ya no quiero seguir.",3,music,label3
"Mi editorial canceló el contrato, mi carrera murió antes de empezar y no tengo motivos para levantarme de la cama nunca más",3,books,label3
Qué difícil es ponerse de acuerdo entre todos los hermanos para coordinar los cuidados de mi papá,1,family,label1
Solo pensar en regresar a clases me hace desear no despertar.,3,school,label3
el gerente felicito al equipo por los resultados del trimestre,0,work,label0
el recreo de hoy se paso volando jugando a la mancha,0,school,label0
Mi perro rompió otro juguete en menos de un día.,1,pets,label1
Qué fastidio viajar en transporte público cuando la gente no se saca la mochila de la espalda y te empuja a cada rato,1,transportation,label1
el micro escolar llego quince minutos tarde hoy,0,school,label0
"El deshielo se llevó mi casa y mis esperanzas, ya no quiero vivir.",3,weather,label3
Todo empezó con una lesión y ahora siento que no hay salida.,3,sports,label3
"El agotamiento es tan profundo que ya ni siquiera puedo tipear, solo quiero desaparecer de este escritorio y de la vida",3,programming,label3
Avisame cuando salgas del local de informática si conseguiste el cable adaptador que te pedí,0,shopping,label0
"Tengo un bloqueo creativo que lleva medio año, me siento un fracaso total como productor y la culpa no me deja dormir",2,music,label2
Me costó un poco integrarme al grupo nuevo.,1,friends,label1
terminando el libro de autoayuda que me presto una amiga sobre habitos,0,books,label0
"Me pesa toneladas el cuerpo cada vez que tengo que pensar en qué cocinar hoy, la rutina me tiene el cerebro completamente colapsado",2,cooking,label2
El reloj inteligente no me registra bien los pasos ni el sueño desde la última sincronización fallida,1,technology,label1
"Se me inundó el garage porque la rejilla no dio abasto con el agua que bajaba de la calle, qué desastre",1,weather,label1
Me siento agotado intentando resolver conflictos familiares que nunca terminan.,2,family,label2
practicando dibujo digital en la tablet,0,hobbies,label0
Todo empezó con la universidad y ahora siento que seguir ya no tiene sentido.,3,university,label3
se suspendio la salida educativa por la lluvia,0,school,label0
"Me siento re torpe con el cuchillo de chef, tardo una eternidad en cortar dos zanahorias en cubitos",1,cooking,label1
El ciberacoso hacia mi canal de contenidos no para hace semanas y ya perdí el apetito y las ganas de interactuar con nadie,2,technology,label2
nos juntamos a estudiar pero terminamos hablando de todo menos eso,0,friends,label0
No logro memorizar toda la partitura.,1,music,label1
"Les di diez años de mi vida y me despiden por mensaje, ya nada tiene sentido, me quiero ir de este mundo",3,work,label3
armando el presupuesto para el viaje del año que viene,0,travel,label0
"El boss final del juego indie es una esponja de balas absurda, cansa esquivar 15 minutos sin margen de error",1,gaming,label1
Con este calor no puedo concentrarme en nada.,1,weather,label1
La sequía acabó con mi cosecha y con mis ganas de seguir viviendo.,3,weather,label3
"Llevo semanas sintiendo que soy una decepción para mí mismo, me esfuerzo el doble que el resto y sigo sin entender los temas",2,university,label2
Estoy constantemente preocupado por reprobar y eso no me deja descansar.,2,school,label2
"Extraño tanto mi casa que ya no quiero seguir lejos, mejor desaparezco.",3,travel,label3
Tengo la cocina hecha un chiquero de grasa y harina y cero energía mental para ponerme a fregar platos,1,cooking,label1
"Me da pánico ver el saldo de la tarjeta, siento que ya no hay salida para mí.",3,shopping,label3
Mis plantas se están muriendo y yo también quiero hacerlo.,3,hobbies,label3
"La presión de la entrega del MVP me reventó por dentro, ya tomé la decisión de no seguir en este mundo",3,programming,label3
"Soy el fracaso de la familia, todos lo dicen, mejor desaparezco.",3,family,label3
"Mi cocina era mi lugar feliz y ahora es un lugar oscuro que evito a toda costa, la depresión me robó hasta las ganas de alimentarme bien",2,cooking,label2
Comprar ropa para la familia se volvió una fuente constante de preocupación.,2,shopping,label2
Me siento completamente derrotado por la escuela y ya no quiero vivir así.,3,school,label3
Qué cansado estuvo el viaje de regreso.,1,travel,label1
"Dejé la flauta dulce en casa y hoy teníamos música, ojalá no me ponga mala nota",0,school,label0
nos dieron las notas del trimestre hoy,0,school,label0
El agotamiento es tan extremo que ni las comedias que antes me hacían llorar de risa logran sacarme una mínima sonrisa 😔,2,movies,label2
A veces mantener las amistades requiere tiempo y coordinación.,1,friends,label1
Tengo que comprar un termómetro de cocina para no pasarme de punto con el almíbar del merengue,0,cooking,label0
"Pensé que escuchar música me ayudaría a descansar, pero ya no pasa.",2,music,label2
Mi desempeño como desarrollador ha bajado porque el agotamiento ya es constante.,2,programming,label2
Le cambié la pila al mouse inalámbrico y volvió a responder al toque,0,technology,label0
"por fin llene el tanque, andaba con la reserva",0,transportation,label0
Me pidieron adelantar el informe financiero para mañana temprano y voy a tener que trasnochar,1,work,label1
La aplicación del celular se me crashea cada vez que intento adjuntar un comprobante de pago en pdf,1,technology,label1
Entre el trabajo y la escuela casi no tengo tiempo para mis hobbies.,1,hobbies,label1
Solo pensar en volver mañana a la oficina me hace desear no despertar.,3,work,label3
"tres partidas seguidas ganadas, buena racha hoy",0,gaming,label0
el examen de historia estuvo mas facil de lo que pensaba,0,school,label0
"Mi esposo me dejó y mis hijos no me necesitan, ya no quiero vivir.",3,family,label3
Alineé el telescopio reflector anoche y se veían los anillos de Saturno con una nitidez tremenda,0,hobbies,label0
"vamos a la feria del barrio el sabado, quien se suma?",0,friends,label0
"El flete cobra recargo por bulto pesado, averigüé con dos empresas distintas para comparar",0,transportation,label0
"Nos cambiaron de piso en la oficina, ahora tenemos vista al parque por suerte",0,work,label0
"Todos los días pienso que el trayecto será diferente, pero termino igual de exhausto.",2,transportation,label2
"Siento un agotamiento mental tan profundo que apenas puedo sostener el joystick, pero sigo insistiendo por pura culpa",2,gaming,label2
"te debo una despues de lo de ayer, gracias por ayudarme",0,friends,label0
Perdí el señalador artesanal que me habían regalado y ahora no sé exactamente por qué parte de la trama me quedé,1,books,label1
Me cuesta aceptar que algo que disfrutaba tanto ahora me resulte tan difícil.,2,books,label2
"Mi gato era quien me mantenía aquí, ahora siento que ya no puedo más.",3,pets,label3
"Qué partidazo se mandó el base de nuestro equipo, metió cuatro triples en el último cuarto",0,sports,label0
"La jardinería era mi paz y ahora solo me da tristeza, ya no quiero vivir.",3,hobbies,label3
"Mis papás se matan trabajando para mandarme a la técnica y yo solo saco malas notas, ojalá no hubiera nacido",3,school,label3
"Mis plantas siguen ahí, pero ya no tengo ánimo para cuidarlas como antes.",2,hobbies,label2
"No logro recordar conceptos básicos de programación orientada a objetos que dominaba hace meses, la memoria me está fallando feo",2,programming,label2
"Últimamente uso el ruido blanco al máximo para tapar la ansiedad, la música con letra me hace maquinar cosas y termino llorando",2,music,label2
por fin termine esa novela que me tenia enganchada,0,books,label0
Ni siquiera en el auto disfruto poner música como antes.,2,music,label2
"fuimos a correr por el parque temprano, buen aire",0,sports,label0
"Mis compañeros del trabajo fingen que me quieren pero sé que me desprecian, ojalá un accidente me lleve hoy.",3,friends,label3
El GPS me mandó por una ruta con muchas obras.,1,transportation,label1
"Desde que el cáncer se llevó a mi perra no puedo parar de llorar, ojalá mañana no despertara para dejar de sentir esto",3,pets,label3
"Llevo semanas evitando ir al taller de teatro, la idea de interactuar y poner el cuerpo me detona unos ataques de ansiedad asfixiantes",2,hobbies,label2
La banda se separó y con ella mis ganas de vivir.,3,music,label3
"Perdí el juicio laboral y me quedé sin un peso, perdón mamá pero ya no puedo más con la vida",3,work,label3
Manden fotos de la tarea de matemática que no alcancé a copiar las últimas dos cuentas,0,school,label0
Llevo semanas sintiendo que toda mi energía se va en cuidar a mi mascota.,2,pets,label2
Mi gata era todo para mí y ahora solo quisiera desaparecer.,3,pets,label3
"A veces convivir con tanta gente bajo el mismo techo cansa un poco, pero al final nos organizamos.",1,family,label1
"Siento una tristeza constante que no se me quita ni los fines de semana, sigo maquinando sobre las fallas de arquitectura en la cama",2,programming,label2
Se me acabó la pintura del color que más necesitaba.,1,hobbies,label1
terminando de escribir la migracion antes de correrla,0,programming,label0
Mi celular se calienta más de lo normal.,1,technology,label1
"Les pido perdón a mis profes y compañeros por ser tan problemático, les prometo que mañana ya no estaré aquí para molestar",3,school,label3
"el evento especial dura solo esta semana, hay que aprovechar",0,gaming,label0
Espero que el próximo pedido llegue más rápido.,1,restaurants,label1
Me paso revisando ofertas porque siento que cualquier error al comprar me afecta demasiado.,2,shopping,label2
El viaje en carretera duró más de lo planeado.,1,transportation,label1
El refrigerador ya casi está vacío y no sé qué preparar.,1,cooking,label1
el equipo de mi hijo clasifico para las semifinales,0,sports,label0
"Quebré el negocio familiar por mi mala gestión, no merezco seguir viviendo con esta culpa",3,work,label3
"Quemé mis libretas de bocetos, no quiero dejar rastro de lo inútil que fui antes de desaparecer.",3,hobbies,label3
La costura era mi escape y ahora solo quiero desaparecer.,3,hobbies,label3
Hoy la oficina estuvo demasiado movida.,1,work,label1
"Estoy agotado de intentar solucionar errores, ya no quiero vivir.",3,programming,label3
"Mi rendimiento está por el piso, la fatiga de las pantallas es tan fuerte que ya tomé la decisión de apagar mi vida",3,technology,label3
"La masa quebrada se me parte toda cuando intento pasarla al molde de la tartera, no hay caso",1,cooking,label1
"Estoy tratando de organizar mis archivos, pero tengo demasiados.",1,technology,label1
mi papa por fin aprendio a usar el whatsapp bien,0,technology,label0
"Limpiar la grasa de las campanas me hizo pensar en lo mugrienta y miserable que es mi existencia, me voy",3,cooking,label3
terminamos el trimestre con buenos resultados,0,work,label0
Me paso las madrugadas llorando porque el sueldo del trabajo no me alcanza y las exigencias de la cursada me superan por completo,2,university,label2
Intenté hacer origamis para calmar los ataques de pánico pero la frustración me gana y termino rompiendo los papeles,2,hobbies,label2
Qué bronca cuando se despega el lomo de un libro de bolsillo por abrirlo demasiado 🤦‍♂️,0,books,label0
"Siento que esta tormenta eterna refleja mi interior, estoy tan roto que hoy decido apagarme.",3,weather,label3
"Antes disfrutaba escribir código, ahora todo se siente agotador.",2,programming,label2
Me duele ver cómo algo tan simple como disfrutar un disco se volvió imposible para mí desde que empezó esta racha de estrés crónico,2,music,label2
"Estoy trabadísimo con las expresiones regulares para validar este formulario, siempre se me escapa un caso",1,programming,label1
Cada competencia me deja pensando que ya no vale la pena vivir.,3,sports,label3
"Llevo dos meses tapando deudas de compras viejas con préstamos nuevos, esa bicicleta financiera me tiene al borde del colapso",2,shopping,label2
"Siento que la rutina de la casa me asfixia un poco, necesito un fin de semana entero para desconectar",1,family,label1
"Mi abuela era la única que me quería y se fue, me quedé totalmente solo y ya no le encuentro el sentido a esta vida.",3,family,label3
"Le robé plata a mi hermano para comprarme zapatillas, soy un ladrón y una escoria, me voy a desaparecer para que dejen de sufrir por mí",3,shopping,label3
Cada turno en el restaurante me hace sentir que ya no tiene sentido seguir viviendo.,3,restaurants,label3
Tengo tres entregas esta semana y apenas voy empezando una.,1,university,label1
probando graphql en vez de rest para esta api nueva,0,programming,label0
"Mi perrita era la única razón por la que me levantaba a trabajar, sin ella soy un cascarón vacío y prefiero no despertar más",3,pets,label3
"Siento que perdí la alegría cotidiana, entro a mi casa y solo siento tensión, olor a medicamentos y una angustia insoportable",2,pets,label2
"Me faltaba un semestre para recibirme y me dieron de baja académica, mi vida se terminó hoy y no pienso seguir respirando",3,university,label3
"Antes me pasaba horas armando rompecabezas para no pensar, ahora la angustia me ganó y decidí terminar con todo.",3,hobbies,label3
Compramos un pase turístico de tres días que te incluye la entrada libre a todos los monumentos principales,0,travel,label0
"Escucho música mientras trabajo, pero ya ni me ayuda a concentrarme.",2,music,label2
Miro a mi perro tan viejito y deteriorado y siento un nudo permanente en la garganta que me impide comer normal hace días,2,pets,label2
"Llevo semanas sintiendo que me estoy quebrando por dentro, ver los ojitos apagados de mi compañero de diez años me parte al medio",2,pets,label2
Me tiene re podrido que todas las franquicias quieran meter universos cinematográficos forzados en vez de contar una buena historia,1,movies,label1
El conductor tomó una ruta diferente por el congestionamiento.,1,transportation,label1
Ando con un dolor de cabeza tremendo porque la vecina puso música al palo con los graves retumbando en mi pared,1,music,label1
"Le fallé a todos los que confiaron en que me iba a graduar, no merezco seguir ocupando un lugar en el mundo",3,university,label3
"Ir a la verdulería se convirtió en una pesadilla cotidiana, salgo con tres cosas en la bolsa y una sensación de fracaso que me ahoga",2,shopping,label2
"La deuda técnica que dejé en el código me persigue como mi depresión, ya decidí que esta es mi última noche",3,technology,label3
"Siento que todos en la facultad de cine avanzan menos yo, soy un estorbo y prefiero dejar de estorbar en este mundo.",3,movies,label3
"terminamos la maraton juntos, buen tiempo para ser la primera vez",0,sports,label0
Discutí con mi hermano por una pavada de la casa y terminamos los dos de pésimo humor,1,family,label1
"El webhook de Mercado Pago no me está impactando en local, tengo que levantar ngrok de nuevo",0,programming,label0
"Me quemé los hombros por tomar sol al mediodía sin ponerme protector, me arde todo",0,weather,label0
Pinté una tabla de skate vieja con pintura acrílica y le pasé dos manos de laca protectora,0,hobbies,label0
"Me duele físicamente la cabeza al forzarme a leer un rato, la sobrecarga mental que tengo hace meses me está pasando factura",2,books,label2
esperando en la parada hace bastante rato ya,0,transportation,label0
el aeropuerto estaba mucho mas vacio de lo que pensaba,0,travel,label0
Perdí el autobús por unos segundos 😕,1,transportation,label1
Qué desgaste atender en la caja cuando la gente se desquita con uno por los precios,1,work,label1
Anoté al beagle en un curso básico de adiestramiento para que aprenda a no saltarle a las visitas,0,pets,label0
"Siento que este juego sacó la peor versión de mí, me convertí en una persona amargada, resentida y sin energía para nada más",2,gaming,label2
"Me preocupa mantener la beca, así que tengo que echarle ganas.",1,university,label1
Cada vez que abro redes sociales veo a mis amigos juntos y me quiero morir.,3,friends,label3
Cada scrim me deja pensando que ojalá no despertara mañana.,3,gaming,label3
el loro aprendio a decir una palabra nueva hoy,0,pets,label0
Quién se copa para repasar las preguntas del cuestionario de geografía en el banco de la plaza?,0,school,label0
aprendiendo go para un proyecto nuevo que arranca el mes que viene,0,programming,label0
La vista de la ciudad iluminada desde el teleférico a la noche es un espectáculo total,0,travel,label0
Me aíslo de mis compañeros de la facu porque me da muchísima vergüenza que me vean arrastrando las materias de primer año,2,university,label2
"Siento que le estoy fallando a mi familia como sostén del hogar, no poder llenar la heladera me está quebrando la dignidad por dentro",2,shopping,label2
el profe de historia nos tomo una prueba sorpresa,0,school,label0
Tengo que terminar de leer la novela de 200 páginas para el control de lectura del jueves y no me engancha,1,school,label1
La actualización ocupó mucho más espacio del que esperaba.,1,technology,label1
arreglando el estilo del componente en react,0,programming,label0
"La soledad se me hizo crónica, tengo mil contactos en el celular pero si me pasa algo grave siento que no puedo llamar a ninguno",2,friends,label2
"El maltrato psicológico en el centro de alto rendimiento me apagó por dentro, no tengo momentos de calma ni cuando estoy libre",2,sports,label2
Llevo meses tratando de apoyar a todos en mi casa y ya me siento completamente desgastado.,2,family,label2
"El dolor de rodilla no me deja ni caminar, se acabó el ciclismo para mí y prefiero morir antes que vivir postrado",3,sports,label3
escuchando un podcast sobre la historia del rock,0,music,label0
"El calor extremo me ahoga, pero el vacío que siento por dentro duele más, ojalá un rayo me caiga hoy.",3,weather,label3
"esta haciendo un calor pegajoso hoy, no se aguanta",0,weather,label0
"Gané el torneo de la comunidad pero no sentí absolutamente nada, solo un cansancio demoledor y ganas de no volver a jugar nunca",2,gaming,label2
La compu me pidió reiniciar por una actualización de Windows justo antes de salir,0,technology,label0
cargando la sube antes de subir al colectivo,0,transportation,label0
El build de Vite tardó apenas tres segundos contra los dos minutos que tardaba con Webpack,0,programming,label0
el colectivo de esta linea siempre viene lleno a esta hora,0,transportation,label0
"Canto para no llorar, pero ya no quiero seguir viviendo.",3,music,label3
"Gente revivan que el jefe de la raid tiene 5% de vida, tírenle todo lo que tengan encima!",0,gaming,label0
"Mi familia me culpó por la muerte de mi hermano, ya no quiero estar aquí.",3,family,label3
Me da mucha impotencia seguir el paso a paso del pan casero al pie de la letra y que la masa no leve nada,1,cooking,label1
reservando el airbnb para el viaje del mes que viene,0,travel,label0
"Siento que soy una carga para todos por mis gastos, mejor desaparezco.",3,shopping,label3
"Hoy el traslado tomó más tiempo, pero al final llegué sin problemas.",1,transportation,label1
Compré dos artesanías de cerámica re coloridas en la feria del centro histórico para regalarle a mamá,0,travel,label0
"Hace un mes que vivo con miedo a que hackeen mis cuentas de trabajo, esa obsesión me hace revisar configuraciones de seguridad toda la noche",2,technology,label2
Puse a fermentar mi primer lote de cerveza artesanal rubia en el bidón térmico del garaje,0,hobbies,label0
Llevo meses sin poder disfrutar un fin de semana porque la cabeza me tortura con las calorías que como y el entrenamiento del lunes,2,sports,label2
Llevo semanas postergando responsabilidades importantes porque la cabeza no me da para pensar en nada que no sea mi estancamiento en ranked,2,gaming,label2
"Lloro cada vez que tengo que ir a la farmacia y no puedo pagar mis medicinas, estoy tan cansado de esta miseria que hoy decido acabar con todo",3,shopping,label3
Quién se copa para hacer una escapada gasolera a las sierras este fin de semana largo?,0,travel,label0
El entrenador cambió la rutina y estuvo bastante intensa.,1,sports,label1
"Soy madre y no puedo alimentar a mis hijos, ya no merezco vivir.",3,cooking,label3
"Miren la foto de mi hamster durmiendo panza arriba adentro de su casita de madera, una ternura",0,pets,label0
Veo a la gente en el cine riéndose y me pregunto cuándo fue la última vez que yo pude disfrutar algo así con la mente en blanco,2,movies,label2
Mi jefe sigue aumentando la carga de trabajo y ya no puedo seguir el ritmo como antes.,2,work,label2
Mi amiga me reemplazó por otra y ya no veo ninguna salida.,3,friends,label3
Después de perder el patrocinio siento que ya no hay motivo para continuar.,3,gaming,label3
"Vendí todas mis cosas de pesca, mi pasatiempo favorito se volvió una carga y ya tomé la decisión de irme de este mundo.",3,hobbies,label3
La cantidad de pendientes me tiene completamente bloqueado desde hace varias semanas.,2,programming,label2
practicando pesca en el lago los domingos,0,hobbies,label0
me olvide el cargador en casa otra vez,0,technology,label0
"Ya no puedo con las expectativas de todos, quisiera desaparecer.",3,university,label3
Mi loro no ha dejado de hacer ruido toda la mañana.,1,pets,label1
"Hace dos meses que mi dieta se basa en sobras frías de la heladera, calentarlas me parece una pérdida de tiempo frente a tanta angustia",2,cooking,label2
Desde que mi gato enfermó siento que vivo en alerta todo el tiempo.,2,pets,label2
"El algoritmo me hundió las vistas y mi contenido murió, perdí mi única fuente de ingresos y prefiero no despertar mañana",3,technology,label3
"Veo a todos ser exitosos en LinkedIn mientras yo no tengo ni para comer, soy un estorbo y me voy a desaparecer",3,technology,label3
"Me acaban de echar del trabajo y la verdad ya no le veo sentido a seguir intentando, estoy muy cansado",3,work,label3
"Hace meses que no logro disfrutar un domingo libre, la culpa por no estar estudiando me taladra el cerebro todo el tiempo",2,university,label2
"Se agotaron las ofertas del CyberMonday en los primeros quince minutos de la madrugada, estuve despierto al pedo",1,shopping,label1
"Perdí la combinación del colectivo de las ocho y el siguiente pasa recién en una hora, me quiero matar",1,transportation,label1
No entiendo algunas opciones del nuevo sistema operativo.,1,technology,label1
"Siento que mi amistad era un estorbo y por fin entendí la indirecta de que se alejaran, me voy de este mundo.",3,friends,label3
Hoy me tocó cuidar a mi hermanita toda la tarde y terminé cansado.,1,family,label1
Entre el tráfico y los retrasos siento que nunca alcanzo a recuperarme del cansancio.,2,transportation,label2
"El único lugar donde era alguien era en este servidor de rol y lo cerraron, ya no me queda absolutamente nada por lo que vivir",3,gaming,label3
"Antes lloraba o me emocionaba con las películas, ahora casi no siento nada al verlas.",2,movies,label2
"Siento que la programación me robó el alma, ya no tengo fuerzas para seguir escribiendo líneas de código ni para seguir respirando",3,programming,label3
"Mis amigos intentan incluirme, pero sigo sintiéndome desconectado.",2,friends,label2
"El scrapbook de mi vida ya no tiene páginas, ya no quiero seguir.",3,hobbies,label3
Ando con contractura en el cuello de caminar todo encorvado tratando de protegerme del viento helado,1,weather,label1
se me quemaron las tortillas otra vez 😂,0,cooking,label0
Hace meses que no veo a mis amigos de la universidad.,1,friends,label1
Hoy manejar bajo la lluvia hizo todo más lento.,1,transportation,label1
"Hace semanas que no puedo tener un día tranquilo, la cabeza me repite en bucle los reclamos de los clientes sin parar",2,work,label2
Estoy aprendiendo a usar un programa nuevo para la carrera y cuesta un poco.,1,university,label1
Le pregunté a Gemini qué receta hacer con lo que tenía en la heladera y me tiró una idea bárbara,0,technology,label0
Ni siquiera puedo escribir una línea de código sin pensar que todo terminó para mí.,3,programming,label3
picando verduras para la sopa de esta noche,0,cooking,label0
"Me rechazaron de otro bootcamp, ya entendí que no sirvo para esto ni para vivir, adiós",3,programming,label3
"Antes devoraba libros, ahora tardo semanas en avanzar unas cuantas páginas.",2,books,label2
Tengo que entregar el análisis literario del cantar de gesta el viernes y todavía voy por la mitad del texto,1,books,label1
Me da mucha angustia saber que antes era de los mejores promedios y ahora apenas llego a raspar el cuatro,2,school,label2
Dejé el coche en el estacionamiento de larga estadía del aeropuerto que sale más barato por día,0,travel,label0
Mi vieja me reprochó que casi no paso tiempo en casa pero no entiende que entre la cursada y el laburo no me da el día,1,family,label1
"Mi colección de discos ya no me alegra, ya no veo salida.",3,hobbies,label3
"Antes me encantaba salir a comer, ahora hasta eso me genera cansancio.",2,restaurants,label2
"Fracasé como líder de la guild y todos se fueron por mi culpa, soy un inútil y ojalá un accidente me lleve hoy",3,gaming,label3
mi hamster se paso toda la noche corriendo en la rueda,0,pets,label0
"Llevo semanas sin sentir que avanzo, solo apago incendios todo el tiempo.",2,work,label2
"Siento una desconexión total con la realidad, las líneas de código se mezclan con mis ganas de morir y hoy voy a hacerles caso",3,programming,label3
armando un scrapbook con fotos del viaje,0,hobbies,label0
La pizza tardó más de lo que nos dijeron.,1,restaurants,label1
"La peli de suspenso te mantiene al borde del asiento todo el tiempo, re bien construida la tensión",0,movies,label0
Mi hamster necesita atención especial y siento que ya no logro descansar bien.,2,pets,label2
la entrega se demoro mas de lo que decia la pagina,0,shopping,label0
"hoy toca planilla de gastos, tarea que no me gusta mucho",0,work,label0
El websocket se desconecta solo después de dos minutos y ya no sé qué más revisar en la configuración de red,1,programming,label1
configurando el logging para debuggear mas facil en produccion,0,programming,label0
"No logro concentrarme para redactar un informe simple, tengo la memoria tan deteriorada que me olvido de todo al segundo",2,work,label2
"Me siento completamente desbordado por las maquetas y los ensayos pendientes, mi cabeza no responde más",2,school,label2
encontre mi marcador de libros favorito despues de meses,0,books,label0
Me cuesta muchísimo compaginar los horarios de la facu con las tres horas de pileta diaria,1,sports,label1
Hoy olvidé llevar el cargador y la batería casi no aguantó.,1,technology,label1
Me anoté en clases de salsa cubana los jueves a la noche para mover un poco el esqueleto,0,hobbies,label0
"Trabajo muchas horas y aun así siento que nunca es suficiente, eso me tiene muy desgastado.",2,work,label2
Me da bronca ver que las películas muestran vidas normales mientras yo llevo meses sintiendo que estoy atrapado en este agujero negro,2,movies,label2
"Perdí mis ahorros viajando y ahora no tengo nada, ojalá no despertara.",3,travel,label3
"Estoy tan cansado de fingir que todo está bien, prefiero no estar más aquí.",3,movies,label3
tengo reunion con mi tutor de tesis a las tres,0,university,label0
Guardame un lugar en el fondo del salón al lado de la ventana que hoy tengo mucho sueño,0,school,label0
"Llevo dos meses compitiendo con un desgarro mal curado por miedo a perder la titularidad, el dolor y la angustia me están quebrando",2,sports,label2
"La falta de luz solar me apagó por completo, ya no hay verano que pueda revivirme, me rindo.",3,weather,label3
"Quedamos en vernos en la plaza a las seis, son seis y media y sigo acá sentado esperándolo bajo el frío",1,friends,label1
Cada mañana siento una presión enorme solo por pensar en el traslado.,2,transportation,label2
Me da pánico que el deploy del viernes rompa el login justo antes del fin de semana largo 😩,1,programming,label1
Entre estudiar y las prácticas ya casi no veo series jaja.,1,university,label1
Olvidé en qué capítulo me había quedado.,1,books,label1
La frustración de no poder pagar a los proveedores me tiene ahogado en deudas y en deseos de morir.,3,restaurants,label3
"Me da miedo que mi abuelo se vuelva a caer en el baño, ando re pendiente de cada ruido que hace",1,family,label1
Me quedé dormido porque la película estuvo muy lenta.,1,movies,label1
Che confirmen cuántos somos al final para avisarle al del alquiler de las cabañas,0,friends,label0
Avisen a qué hora llegan a cenar que pongo las pizzas caseras a hornear a fuego fuerte,0,cooking,label0
"Hicimos trekking de cuatro horas por el sendero del cañón, terminamos molidos pero los paisajes son un diez",0,travel,label0
Termino de responder esta tanda de diez correos y salgo volando para la obra,0,work,label0
El profe nos exigió el doble hoy porque nos vio flojos el fin de semana y terminamos todos destruidos,1,sports,label1
La presión de la universidad me hizo perder las ganas de seguir viviendo.,3,university,label3
El laboratorio de química estuvo intenso hoy.,1,university,label1
"La ansiedad que me da abrir el panel de alertas de la empresa me asfixia, siento que la única salida es irme de este mundo",3,technology,label3
Cada vez que suena el teléfono pienso que es el veterinario y me pongo muy tenso.,2,pets,label2
Tengo que tirar todo el lote de jabones artesanales porque la soda cáustica no saponificó bien,1,hobbies,label1
encontre un libro usado buenisimo en la feria,0,books,label0
Siento que perdí el control de mi tiempo y de mi mente por culpa de la hiperconectividad obligatoria en este empleo,2,technology,label2
Se me desarmó la tortilla de papas al darla vuelta con el plato y me quedó un revuelto grasiento en la sartén,1,cooking,label1
Me aterra que me toque hablar en la daily meeting porque llevo tres días seguidos sin avanzar absolutamente nada en mis tareas 😔,2,programming,label2
"Dejé a mi novia plantada otra vez por un torneo online que terminé perdiendo, arruino todo lo que toco y prefiero dejar de existir",3,gaming,label3
Cada vez que voy a la librería salgo con otro libro más.,1,books,label1
Qué bronca cuando llueve dos gotas y toda la ciudad colapsa con accidentes boludos y tránsito parado,1,transportation,label1
Mi pasatiempo favorito era dibujar y ahora ni eso me da paz.,3,hobbies,label3
los tomates de la huerta estan creciendo re bien,0,hobbies,label0
Descargué una muestra gratuita del e-book para ver si me convence antes de pagarlo entero,0,books,label0
Desde que empezó esta temporada de tormentas duermo pésimo y ando agotado todo el día.,2,weather,label2
"Soy una carga para mi familia, ya no quiero seguir viviendo.",3,family,label3
"El señuelo de superficie anduvo bárbaro en el arroyo, picaron dos doradillos en la primera hora",0,hobbies,label0
"Estoy completamente roto por la presión académica, ya no quiero seguir viviendo.",3,university,label3
"El local de ropa tenía la música al palo y las empleadas charlaban entre ellas sin darle bola a los clientes, salí re caliente",1,shopping,label1
reservamos el salon privado para el evento de la empresa,0,restaurants,label0
"Miro las estructuras de datos y no logro entenderlas, siento como si mi cerebro hubiera perdido la capacidad de abstracción",2,programming,label2
"Llevo semanas con taquicardia cada vez que escucho el sonido de la ticketera, siento que en cualquier momento me desplomo del cansancio",2,restaurants,label2
"Siento que el estilo de vida nómada digital me liquidó las relaciones personales, no tengo un solo amigo cerca y el aislamiento pesa un huevo",2,travel,label2
"Terminé la clase de crossfit con ganas de tirarme en el piso a dormir, nos mataron a burpees",1,sports,label1
Últimamente cualquier visita al supermercado termina dejándome mentalmente exhausto.,2,shopping,label2
Me olvidé la tarjeta de transporte en la otra campera y tuve que andar pidiendo por favor que me paguen el boleto,1,transportation,label1
"Ayer me quedé paralizado en el auto afuera de mi casa sin poder entrar, el rechazo que me genera volver a mi familia me asusta",2,family,label2
Hace tres meses que no duermo más de tres horas seguidas por la persecución que tengo con los números de las ventas,2,work,label2
Las reuniones virtuales seguidas me dejan completamente drenado.,2,technology,label2
"Cada final feliz en el cine me recuerda que el mío no existe, ya no quiero seguir viviendo.",3,movies,label3
"aprendiendo a tocar bateria, cuesta mas de lo que pensaba",0,music,label0
La veterinaria le dio el refuerzo de la vacuna séxtuple al labrador y ni se quejó el grandote,0,pets,label0
"Me faltan fuerzas hasta para levantarme a ir a cursar, el vacío es tan grande que prefiero estar muerto",3,university,label3
"Me da mucha desconfianza esta página donde encontré el repuesto, no tiene comentarios y no sé si comprar",1,shopping,label1
Mi productividad se cayó a pedazos este trimestre y por más que me esfuerzo en madrugar no logro sacar ni un ticket de Jira,2,programming,label2
le compre un rascador nuevo al gato para que no rompa el sillon,0,pets,label0
No me funciona el hot reload en VS Code de la nada y tener que reiniciar el servidor a mano me saca de quicio,1,programming,label1
Estoy intentando retomar el hábito de leer todos los días.,1,books,label1
"Hace meses que no me compro una prenda de ropa ni para reemplazar las zapatillas rotas, la privación constante me desgastó el ánimo",2,shopping,label2
con esta helada hay que sacar los abrigos de invierno,0,weather,label0
La limonada estaba bien refrescante.,0,restaurants,label0
Desde que acepté este trabajo casi no tengo energía para mi vida fuera del restaurante.,2,restaurants,label2
Me da vergüenza preguntarle a la maestra porque siento que todos mis compañeros ya entendieron,1,school,label1
Perdí el trabajo y creo que todos estarían mejor sin mí.,3,work,label3
Ni siquiera puedo entrar a Discord sin pensar que quisiera desaparecer.,3,gaming,label3
Estoy tan saturado que hasta las tareas sencillas me toman el doble de tiempo.,2,work,label2
Siento que mis amigos estarían más tranquilos sin tener que preocuparse por mí.,3,friends,label3
jugamos un picado con los pibes del barrio,0,sports,label0
Qué embole tener que comerme una cola de cuarenta minutos solo para pagar dos cosas en la caja rápida,1,shopping,label1
"Este viaje me quitó todo, ya no veo ninguna salida.",3,travel,label3
Nos tardamos tanto en escoger que ya era muy tarde para verla.,1,movies,label1
"Llevo meses intentando terminar la carrera, pero ya no veo ninguna salida.",3,university,label3
Fui a nuestro restaurante favorito a ver si me animaba pero estuve toda la cena mirando un punto fijo con un nudo en la garganta 😔,2,restaurants,label2
"El restaurante está vacío y mi vida también, ya no quiero seguir.",3,restaurants,label3
Alguien leyó la adaptación a novela ligera de esa serie animada? Vale la pena comprarla?,0,books,label0
"Me echaron de la consultora por bajo rendimiento, no valgo nada y ojalá me pasara un accidente fatal",3,technology,label3
Se me olvidó recargar la tarjeta del transporte público.,1,transportation,label1
el smart tv se actualizo solo y ahora tiene una interfaz distinta,0,technology,label0
"Hago el doble de esfuerzo que el resto en la facultad y sigo fracasando, ya entendí que no sirvo para vivir",3,university,label3
Llevo meses postergando proyectos personales enteros porque toda mi energía y mi sueldo se van en sostener la salud de mi perro,2,pets,label2
La incertidumbre con los papeles de residencia en este lugar me tiene con taquicardia constante y el estómago cerrado hace semanas,2,travel,label2
"El barómetro marca baja presión, seguro llueve antes de que termine el día",0,weather,label0
El invierno se hizo desear pero esta semana cayeron las primeras heladas fuertes en el campo,0,weather,label0
Me aíslo de todos en la oficina porque me siento tan desbordado que cualquier pregunta inocente me pone al borde del llanto,2,work,label2
"Mi rendimiento cayó en picada este último mes, miro la pantalla de código y me quedo tildado por horas sin poder avanzar",2,work,label2
"Los abusos que sufrí de chico por parte de mi tío me siguen atormentando, la única forma de callar los recuerdos es la muerte.",3,family,label3
"Estar atrapado en esta ciudad sin poder moverme a ningún lado me asfixia, la única escapatoria que me queda es morir",3,transportation,label3
Me da mucha inseguridad cantar frente al público porque en las notas agudas siento que se me quiebra la voz,1,music,label1
Qué desgaste intentar coordinar una cena con los pibes cuando nadie responde en el grupo de WhatsApp,1,friends,label1
"Trabajar en el peaje respirando el humo de los autos me está enfermando, pero la depresión me mata más, ojalá no abra los ojos mañana",3,transportation,label3
"Toco en la calle y nadie me da ni una moneda, ya no quiero vivir así.",3,music,label3
Subí los recibos de sueldo escaneados al sistema interno para que cada uno los descargue,0,work,label0
Estoy tan roto por lo que pasa en la empresa que ya no le encuentro sentido a vivir.,3,work,label3
Este clima me tiene irritable desde hace meses y ya se nota en todo lo que hago.,2,weather,label2
"Me cuesta horrores coordinar los giros en la clase de bachata, siento que tengo dos pies izquierdos",1,hobbies,label1
"Llevo cuarenta minutos scrolleando el catálogo de Netflix y no encuentro nada potable para ver, qué fastidio",1,movies,label1
"Ando re acelerado con tantas fechas de exámenes encima, necesito que termine este cuatrimestre ya 😩",1,university,label1
Apenas despegue el vuelo de conexión te aviso a qué hora aterrizo en el aeropuerto,0,transportation,label0
"Mi pez murió y sé que parece exagerado, pero siento que ya no vale la pena vivir.",3,pets,label3
terminando de corregir la monografia antes de entregarla,0,university,label0
"Destruí todos mis cuadernos y borradores, no quiero dejar rastro de lo miserable que fui antes de irme",3,books,label3
Mi gato tiró otra maceta 😅,1,pets,label1
Después de nadar termino completamente drenado y sin ganas de hacer nada más.,2,sports,label2
Ayer me dio una crisis de llanto en plena pista de atletismo cuando vi que quedé tres segundos por detrás de mi peor marca histórica,2,sports,label2
Hoy olvidé descongelar el pollo 😅,1,cooking,label1
"Pensé que sería una receta sencilla, pero tenía muchos detalles.",1,cooking,label1
"Ayer traté de mezclar una pista y me puse a llorar frente a la pantalla, la frustración que vengo acumulando me superó",2,music,label2
"El chef propietario me despidió frente a todos los clientes, mi carrera gastronómica está muerta y yo también quiero estarlo.",3,restaurants,label3
Me olvidé el adaptador universal de enchufes y ahora no tengo cómo cargar el celular en todo el viaje 🤦‍♂️,1,travel,label1
El hamster mordió los barrotes de la jaula toda la madrugada y no me dejó dormir un solo minuto,1,pets,label1
"Se me rompieron tres maquetas de cartón batería al transportarlas en el tren en hora pico, qué mala leche",1,university,label1
"Soy la oveja negra, nada de lo que hago los enorgullece y sinceramente ya no le veo caso a continuar respirando.",3,family,label3
"Fui hasta la biblioteca central a buscar la bibliografía obligatoria y justo estaba cerrada por desinfección, qué bronca",1,books,label1
"Anotá en la lista que faltan servilletas de papel, lavandina en gel y jabón para la ropa",0,shopping,label0
Siento que tiré años estudiando ingeniería para terminar estancado sin entender cómo conectar dos microservicios básicos,2,programming,label2
La actualización cambió todo y todavía no me acostumbro.,1,gaming,label1
"La moza nueva me reemplazó y me dejaron sin turnos, sin plata y sin dignidad, prefiero morir.",3,restaurants,label3
Hoy casi olvido subir una tarea a la plataforma.,1,university,label1
El entrenador me habló re cortante por llegar tarde al calentamiento y estuve tenso toda la práctica,1,sports,label1
Qué pesadilla viajar apretado en el subte con 35 grados afuera y el aire acondicionado roto,1,weather,label1
me anote para el taller optativo de ilustracion,0,university,label0
Últimamente duermo muy poco porque paso la noche revisando que mi mascota esté bien.,2,pets,label2
Estoy comparando varias marcas y no sé cuál elegir.,1,shopping,label1
"Trabajo catorce horas al día haciendo frontend y sigo en la miseria, ojalá Dios me lleve pronto porque yo me rindo",3,programming,label3
"Esta ola de calor agobiante me quitó el sueño y la cordura, hoy voy a terminar con todo esto.",3,weather,label3
Hace semanas que desayuno a las cuatro de la tarde porque la tristeza no me deja levantarme de la cama para prender la pava,2,cooking,label2
Escondí los libros en cajas porque verlos en los estantes me generaba un remordimiento y una ansiedad que me quitaban el aire,2,books,label2
Estoy esperando que vuelva a bajar de precio.,1,shopping,label1
El repartidor tuvo que reprogramar la entrega.,1,shopping,label1
Desde que vivo lejos de mi familia no logro descansar bien.,2,travel,label2
Llevo semanas preparando una lectura importante y simplemente no avanzo.,2,books,label2
El chef me humilló frente a todos y ya no quiero estar aquí.,3,restaurants,label3
Pensé que nos reuniríamos este fin y se canceló todo.,1,friends,label1
"El conejo dejó de comer heno desde anoche y leí que eso puede ser peligroso para la panza, mañana lo llevo al doctor",1,pets,label1
"El ritmo de los primeros cuatro capítulos fue lentísimo, me costó un huevo no quedarme dormido en el sillón",1,movies,label1
Nos dejaron un ensayo larguísimo y apenas voy por la mitad.,1,school,label1
"Ando con un jet lag tremendo, me desperté a las tres de la mañana y no logro pegar un ojo por el cambio de horario",1,travel,label1
"Antes esperaba terminar de trabajar para dedicarme a mis hobbies, ahora solo quiero acostarme.",2,hobbies,label2
Perdí el olfato y el gusto por el covid hace meses y la depresión por no disfrutar la comida me está matando,3,cooking,label3
El estrés de las clasificatorias ya me está dejando sin energía para otras cosas.,2,gaming,label2
Estoy aprendiendo a mezclar canciones y todavía me confundo.,1,music,label1
"El calor de los quemadores ya no me abriga, tengo un frío en el pecho que solo se va a ir cuando me muera",3,cooking,label3
Espero que la próxima vez me salga mucho mejor.,1,cooking,label1
Qué diferencia abismal cuando tostás las especias enteras en la sartén seca antes de molerlas,0,cooking,label0
"Me endeudé hasta el cuello comprando cosas para aparentar una vida que no tengo, ya no puedo más con la farsa y decidí quitarme la vida",3,shopping,label3
"Ya no tengo amigos, todos se alejaron, ya no le veo sentido a nada.",3,friends,label3
Mis notas se fueron a pique este trimestre y por más que intento repasar los textos no se me queda nada grabado,2,school,label2
"Borré accidentalmente toda la base de datos en la nube, soy un inútil y la única salida es la muerte",3,technology,label3
Se me venció la suscripción justo antes del estreno del último episodio y no me impacta el pago de la tarjeta,1,movies,label1
"Mi computadora se rompió y era mi única herramienta de trabajo freelance, se acabó mi suerte y mi vida",3,technology,label3
Ya no tengo fuerzas para enfrentar otro día en ese salón.,3,school,label3
"Hace semanas que postergo ir al cine con mi novia, el esfuerzo de salir y poner buena cara me parece una montaña imposible de escalar",2,movies,label2
llegue justo para tomar el ultimo tren,0,transportation,label0
Me tiene re estresado coordinar la cena de fin de año del laburo porque nadie se pone de acuerdo con el menú fijo,1,restaurants,label1
Después de tantas derrotas siento que ya no tiene sentido continuar.,3,sports,label3
Hoy fallé varios tiros y eso me dejó pensando.,1,sports,label1
Ya ni cocinar logra relajarme como antes.,2,cooking,label2
Compré púas de grosor mediano porque las finitas se me doblan todas al rasguear,0,music,label0
probando el modelo con datos nuevos a ver que tal generaliza,0,programming,label0
Fallé otra entrevista técnica y ya no quiero vivir.,3,programming,label3
"Soy una carga económica para mi familia, ya no quiero seguir viviendo.",3,family,label3
"Ya no disfruto los partidos como antes, solo siento presión todo el tiempo.",2,sports,label2
comprando una funda protectora para la tablet,0,technology,label0
el profe de natacion nos hizo hacer largos de mas hoy,0,sports,label0
"Me siento totalmente sobrepasado por las responsabilidades de este puesto, no doy más y todavía me faltan meses así",2,work,label2
"El desgano me impide masticar, trago saliva con sabor a amargura y pienso en que ojalá no despierte",3,cooking,label3
tengo que estudiar bastante para el final integrador,0,university,label0
Estoy tan saturado de tantas aplicaciones que hasta las tareas simples se me complican.,2,technology,label2
Perdí el interés en leer y con eso las ganas de seguir viviendo.,3,books,label3
"Mi papá me pegaba y ahora que no está, igual quiero desaparecer.",3,family,label3
Paso horas con un libro abierto y avanzo muy poco.,2,books,label2
"Llevo semanas poniendo excusas de que estoy enfermo para no ir al club, la verdad es que no soporto la hipocresía de mis supuestos amigos",2,friends,label2
"La cocina era mi pasión y ahora es mi condena, ojalá no despertara.",3,cooking,label3
Mi colección ya no cabe en el estante 😅,1,hobbies,label1
"Trabajo de cocinero y ya no soporto el calor ni la vida, ojalá no despertara.",3,cooking,label3
Pagué carísimo el vinilo de edición limitada y cuando lo puse en la bandeja venía con una raya de fábrica,1,music,label1
"Llegué al límite con la toxicidad de esta comunidad, entrás a jugar para relajarte y salís más estresado que antes",1,gaming,label1
la moto quedo en el taller para el service,0,transportation,label0
"No jugué a nada en el partido de hoy, me sentí pesado en la cancha y llegué tarde a todas las pelotas",1,sports,label1
"Las deudas del crédito estudiantil me tienen ahogado, soy un estorbo para mi familia y voy a solucionar eso para siempre",3,university,label3
"Todo lo que intenté en el trabajo salió mal, ya no quiero estar aquí.",3,work,label3
El restaurante tenía música muy fuerte.,1,restaurants,label1
"Hoy hubo un pequeño malentendido en casa, pero ya quedó aclarado.",1,family,label1
"Destruí todos mis lienzos porque soy un fracaso total, mi única salida es la muerte.",3,hobbies,label3
"Ni siquiera puedo abrir los apuntes, ya no le encuentro sentido a vivir.",3,university,label3
"Ayer cometí errores tácticos infantiles por estar con la cabeza embotada de fatiga, el cuerpo técnico me gritó y no pude contener el llanto",2,sports,label2
"Siento que perdí todo mi talento y que los años de esfuerzo fueron al pedo, esa sensación de fracaso me acompaña a cada minuto",2,sports,label2
"Cada plato que sirvo es una mentira, ya no quiero estar aquí.",3,cooking,label3
Me da mucha rabia tener que postergar el festejo del cumpleaños de mi hijo al aire libre por culpa del clima,1,weather,label1
llevo el auto al lavadero antes de salir de viaje,0,transportation,label0
Alguien sabe a qué hora abre la fotocopiadora del centro de estudiantes mañana?,0,university,label0
Ya no tengo la misma ilusión de antes cuando llega la hora de entrenar.,2,sports,label2
Me cuesta concentrarme en el trabajo porque sigo dándole vueltas a los conflictos con mis amigos.,2,friends,label2
Después de cada práctica siento que estoy completamente vacío de energía.,2,sports,label2
la biblioteca cerro mas temprano hoy por mantenimiento,0,university,label0
Estoy retomando el ejercicio después de unas semanas y sí cuesta.,1,sports,label1
Entre la universidad y el trabajo casi no me queda tiempo libre.,1,university,label1
Nos tocó hacer una escala larguísima de cinco horas en Lima pero aprovechamos para comer ceviche en el aeropuerto,0,travel,label0
"Siento un cansancio crónico que me chupa la sangre, abrir el horno para meter algo congelado es la máxima actividad física que soporto",2,cooking,label2
"El retorno del escenario estaba re bajo y canté a ciegas todo el setlist, me quedé afónico de forzar la garganta",1,music,label1
"Siento que mi única utilidad era mandar plata, me quedé sin trabajo y sin valor para ellos, adiós.",3,family,label3
Todos tienen horarios diferentes y cuesta coincidir.,1,friends,label1
Cancelaron la serie que estaba viendo y me dio coraje.,1,movies,label1
"Mi mamá prefiere a mi hermano y siento que no valgo nada, ya no quiero seguir.",3,family,label3
Mi trabajo me deja tan exhausto que ya ni ganas tengo de hacer cosas que antes disfrutaba.,2,work,label2
Hoy volví a romper el sistema y quisiera desaparecer.,3,programming,label3
"La lesión en la espalda es crónica, ya no podré levantar pesas nunca más, mi vida perdió el sentido y me despido",3,sports,label3
"Siento que el conservatorio me consumió la pasión, agarro el violín y solo siento tensión en la espalda y unas ganas terribles de llorar",2,music,label2
"No puedo ni prepararme un té, ya no le veo sentido a seguir viviendo.",3,cooking,label3
"No pude terminar el cuadro que le prometí a mi mamá, soy la decepción de la familia y lo mejor para ellos es que me muera.",3,hobbies,label3
"Compré un juego de sábanas que decía algodón egipcio y raspa como lija, me siento re engañado",1,shopping,label1
Últimamente me cuesta hasta escribir funciones sencillas sin distraerme.,2,programming,label2
"Siento que perdí la memoria por completo, leo el mismo párrafo diez veces y a los dos minutos no sé qué leí",2,school,label2
aprendiendo alfareria en un taller del barrio,0,hobbies,label0
Estoy practicando con metrónomo y todavía pierdo el tiempo.,1,music,label1
"Vendí la consola para comer y me quedé sin mi único escape, ya no tengo motivos para seguir en este mundo",3,gaming,label3
Me tiemblan las manos cada vez que el profe dice que va a tomar lección oral al azar,1,school,label1
"Se me quebró la figura de cerámica en el secado previo al horno, estuve horas modelando los detalles al pedo",1,hobbies,label1
Últimamente cualquier actividad recreativa me deja sin energía.,2,hobbies,label2
cocinando pastel de papa para la cena de hoy,0,cooking,label0
El estrés por mejorar ya me está quitando el gusto por el deporte.,2,sports,label2
"Hoy intenté leer, pero me costó concentrarme.",1,books,label1
"El ciberacoso que sufro en la comunidad competitiva me destrozó mentalmente, ya no quiero jugar ni seguir respirando",3,gaming,label3
"Saqué puros cincos y sé que soy una carga para mis papás que pagan la colegiatura, voy a dejar de ser un problema",3,school,label3
"Siento una desconexión total con mi entorno, el agotamiento del viaje diario me convirtió en un fantasma que apenas puede hablar",2,transportation,label2
La radio solo pasa canciones que me recuerdan que no valgo nada.,3,music,label3
El internet falló justo cuando empezó la película.,1,movies,label1
Todo gira alrededor de los cuidados de mi mascota y ya me cuesta desconectarme.,2,pets,label2
hoy jugamos el amistoso contra el otro colegio,0,school,label0
Últimamente cocinar para mí solo se siente muy pesado.,2,cooking,label2
Miro los tickets de las compras acumulados en la mesa y siento una opresión en el pecho que no me deja respirar tranquilo hace días,2,shopping,label2
Hoy sí sentí mucha presión en la fábrica por cumplir la producción.,1,work,label1
Estoy completamente quebrado por mi situación laboral y ya no quiero vivir.,3,work,label3
Ni los días de descanso logran quitarme este cansancio acumulado por entrenar.,2,sports,label2
"Hace semanas que funciono en piloto automático, me siento una cáscara vacía tecleando cosas sin sentido para fingir actividad",2,programming,label2
Mañana es el parcial y todavía me faltan varios temas por repasar.,1,university,label1
"El plan sonaba muy bien, pero varios cancelaron al final.",1,friends,label1
revisando el aceite del auto antes del viaje largo,0,transportation,label0
mi mama y yo cocinamos juntas para la cena de hoy,0,family,label0
Pasé cinco horas depurando paso a paso con breakpoints para darme cuenta de que el endpoint estaba mal escrito 🤦‍♂️,1,programming,label1
"Qué bronca cuando te spoilean la identidad del asesino en la solapa del mismo libro, le quita toda la gracia a la intriga",1,books,label1
Compré una tijera de podar ergonómica para recortar las ramas secas de los arbustos del cerco,0,hobbies,label0
Quería leer antes de dormir y terminé vencido por el sueño.,1,books,label1
"Estoy practicando repostería, pero todavía me fallan los tiempos.",1,cooking,label1
Quién tiene un ratito para ayudar a Santi a repasar las tablas de multiplicar?,0,family,label0
Se me llenó la bandeja de entrada del correo con publicidad de tiendas que ni conozco,0,technology,label0
No me sale esa canción en la guitarra y ya me desesperé un poco.,1,music,label1
"Me aterra pensar en el retiro pero mi cuerpo y mi cabeza no dan más, esa incertidumbre me tiene viviendo en una pesadilla constante",2,sports,label2
"Hoy el entrenamiento estuvo durísimo, terminé agotado.",1,sports,label1
"trabajando en la cocina hoy, dia tranquilo hasta ahora",0,restaurants,label0
"Mi esposa se llevó a los nenes y mi casa es una tumba, decidí que esta es mi última noche.",3,family,label3
"Llevo meses evitando los lugares donde nos juntábamos siempre, los recuerdos me detonan una melancolía que me tira a la cama días enteros",2,friends,label2
"El último nivel del shooter me tiene con los nervios de punta, no llego a recargar que ya me llueven granadas",1,gaming,label1
Siento que mi cabeza nunca descansa por estar pensando en la escuela.,2,school,label2
"Fui al refugio a entregar a mi perra porque me desalojan, me siento una escoria y tomé la decisión de acabar con todo hoy",3,pets,label3
Gasté la herencia de mi mamá en compras y ahora solo quiero desaparecer.,3,shopping,label3
No encuentro nada bueno para ver esta noche.,1,movies,label1
Entre tantas responsabilidades familiares terminé mentalmente cansado.,1,family,label1
"La propina miserable de hoy me recordó lo patética que es mi vida como mesero, ojalá no me despierte mañana.",3,restaurants,label3
"Cambiaron la fecha de entrega para el próximo viernes, zafamos con los tiempos",0,work,label0
"probando la app de streaming nueva, tiene bastante contenido",0,technology,label0
Estoy tan cansado que a veces releo el mismo texto varias veces y no entiendo nada.,2,university,label2
Mañana me toca home office así que voy a aprovechar para lavar la ropa mientras compilo,0,work,label0
nos reimos toda la tarde con las anecdotas de siempre,0,friends,label0
"Mi hija me bloqueó de todos lados, no soporto este rechazo, mi vida terminó el día que me dejó de hablar.",3,family,label3
"Siento que estoy re estancado con los pesos del gimnasio, hace un mes que no logro subirle kilos a la barra",1,sports,label1
"Tengo taquicardia constante durante las horas de clase, siento que en cualquier momento me descompongo del susto",2,school,label2
Pudieron escuchar el tema nuevo que sacó la banda? Tiene tremendo solo de guitarra al final,0,friends,label0
Hace semanas que la angustia por los aumentos constantes de la canasta básica no me deja concentrarme en las clases de la facu,2,shopping,label2
Qué desgaste cuando una serie que venía diez puntos estira la trama de manera innecesaria solo para meter temporadas,1,movies,label1
Pedí pasta y estaba en su punto.,0,restaurants,label0
"Me quedé sin batería justo cuando te iba a mandar el audio, recién pongo a cargar el celu",0,friends,label0
"Qué noche pesada para dormir, no corre ni una gota de brisa por la ventana",0,weather,label0
Me angustia pensar que puedo perder la titularidad en el equipo si sigo rindiendo tan bajo en los entrenamientos,1,sports,label1
"La cocina me salvaba y ahora ni eso me calma, mejor desaparezco.",3,cooking,label3
Prendé el aire acondicionado en 24 que con esta humedad no se puede ni respirar,0,weather,label0
"Hace dos meses que no riego mi huerta, se me murieron casi todas las plantas porque no tengo energía ni para levantarme",2,hobbies,label2
Mi amiga me dijo que soy tóxica y ahora no quiero seguir viviendo.,3,friends,label3
"La cocina era mi pasión y ahora es mi condena, ya no quiero estar.",3,restaurants,label3
"Devolví los libros a la biblioteca sin tocarlos, hace un mes que los saqué con ilusión y me los pasé mirando el techo sintiéndome miserable",2,books,label2
la videollamada se corto justo cuando iba a presentar,0,work,label0
"No sé qué película elegir, hay demasiadas opciones.",1,movies,label1
"Juego en el celular todo el día para no pensar en que me quiero morir, pero ya ni eso me funciona, me despido",3,gaming,label3
"cambio el clima de golpe, ahora esta bastante templado",0,weather,label0
Hace meses que ya no disfruto dibujar como antes.,2,hobbies,label2
Entre tantas actualizaciones ya no sé cuál instalar primero.,1,technology,label1
Me cuesta mantener vivas mis amistades porque llevo mucho tiempo sin ánimo.,2,friends,label2
Últimamente hasta lavar y preparar los ingredientes me parece demasiado.,2,cooking,label2
El restaurante ofrece menú infantil.,0,restaurants,label0
Últimamente hasta hacer las compras se siente pesado con este clima.,2,weather,label2
La plataforma donde escucho música se trabó otra vez.,1,music,label1
El profe de química suspendió la entrega del informe para el martes que viene 🎉,0,school,label0
Perdí la pasión por jugar y con ella las ganas de seguir viviendo.,3,gaming,label3
"El boleto aumentó cincuenta pesos a partir de hoy, fíjense de tener saldo cargado",0,transportation,label0
Cada torneo me deja tan agotado mentalmente que necesito días para recuperarme.,2,sports,label2
armando la playlist de la fiesta del sabado,0,music,label0
"El calor insoportable y las deudas me tienen acorralado, mi familia estaría mejor si yo no estoy.",3,weather,label3
"La convivencia con mis suegros me volvió loco, ya no aguanto esta agonía constante y decidí terminarla.",3,family,label3
"Llevo dos meses funcionando por pura inercia, entregando parches atados con alambre porque ya no me da la capacidad de pensar",2,programming,label2
tengo que armar el cronograma de estudio para los finales,0,university,label0
Ayer cometí errores graves en el trabajo por la fatiga mental acumulada de haber viajado parado dos horas apretado contra los asientos,2,transportation,label2
Corté relación con mi grupo tóxico pero ahora la soledad me está pegando tan duro que paso noches enteras sin pegar un ojo,2,friends,label2
"Estoy agotado de competir, siento que mi vida perdió el sentido.",3,gaming,label3
"El desgaste emocional de cursar de noche y viajar dos horas es insoportable, llego a casa y me desplomo en el piso del cansancio",2,university,label2
El cajero tardó bastante y la fila no avanzaba.,1,shopping,label1
"El frío me cala los huesos y el alma, ya no quiero despertar.",3,weather,label3
"Llevo tres días sin comer desde que atropellaron a mi perro, me duele tanto el alma que prefiero estar muerto",3,pets,label3
"Vimos una comedia negra española que nos hizo reír de principio a fin, muy buenos diálogos",0,movies,label0
Desde que me cambié de ciudad no he hecho amigos y ya no quiero vivir.,3,friends,label3
Ni las películas que eran mis favoritas consiguen emocionarme ahora.,2,movies,label2
"Soy bibliotecaria y los libros ya no me consuelan, prefiero no estar más.",3,books,label3
Extraño cuando nos veíamos más seguido.,1,friends,label1
"El agotamiento mental de refactorizar este sistema me hizo tocar fondo, les escribo para despedirme porque ya no aguanto un día más",3,programming,label3
No encuentro la factura de compra de la batidora y ahora no me la quieren recibir en el servicio técnico,1,shopping,label1
El vendedor me dijo que entran más talles de los jeans rectos el próximo martes recién,0,shopping,label0
Compré una estufa halógena chiquita para calentar la pieza de los chicos en invierno,0,weather,label0
"El estrés financiero por las compras navideñas me liquidó la salud, tengo migrañas insoportables y no logro descansar de noche",2,shopping,label2
"Estudio música y la presión me tiene al borde, ojalá no despertara.",3,music,label3
"El agotamiento mental de la migración del sistema me hizo tocar fondo, les escribo para despedirme definitivamente",3,technology,label3
"Volví al país y todo está peor, ya no le veo sentido a nada.",3,travel,label3
"Trabajo de lunes a lunes codeando para una agencia que me explota y sigo sin plata, ya no veo salida y esto es un adiós",3,programming,label3
"La biblioteca se incendió y con ella mis ganas de seguir, ojalá no despertara.",3,books,label3
probando el juego nuevo que salio en steam,0,gaming,label0
"Mi mamá y yo pensamos diferente sobre algunas cosas, pero ya se nos pasará.",1,family,label1
Mandame ese video por Telegram que no comprime tanto la calidad como otras apps,0,technology,label0
"Miro la biblioteca que armé con tanto amor y siento una desconexión total, como si esos libros fueran de una persona que ya no soy",2,books,label2
Viajar continuamente me ha dejado con muy poca energía para todo lo demás.,2,travel,label2
"La sobreexigencia del colegio me quitó las ganas de todo, hasta mis pasatiempos favoritos los dejé tirados",2,school,label2
Me quedé sin trabajo mientras viajaba y ahora siento que soy una carga.,3,travel,label3
llevando el auto al service programado de hoy,0,transportation,label0
Avisale a Sofi que no se olvide de traer los juegos de mesa para la juntada de esta noche,0,friends,label0
"El metro viene frenando entre estaciones cada dos minutos, voy a llegar re tarde a la entrevista lpm",1,transportation,label1
La presión que están metiendo con las metas de ventas de este mes me tiene bastante tenso,1,work,label1
Últimamente cualquier viaje me deja varios días con la mente completamente saturada.,2,travel,label2
"Mi hermana se compró su primer autito usado, estamos re contentos por ella 🚗",0,family,label0
Siento una tristeza gris y pesada que me acompaña cada vez que tengo que caminar por el centro comercial para ir al trabajo,2,shopping,label2
El supermercado estaba llenísimo hoy.,1,shopping,label1
"Fui egoísta por dejar que mi gato sufriera tanto tiempo por no querer soltarlo, no merezco piedad y hoy acabo con mi vida",3,pets,label3
Las lluvias llevan tanto tiempo que ya hasta trabajar desde casa se me hace imposible.,2,weather,label2
Cada vez que suena la alarma para ir a clases siento que no puedo más.,3,school,label3
Hoy estuvo tan caliente que ni ganas daban de cocinar.,1,weather,label1
El trabajo me está consumiendo tanto que ya ni disfruto mis días de descanso.,2,work,label2
Pásenme las fotos que sacamos en el mirador ayer así armo el dump para instagram,0,friends,label0
El titular de cátedra nos cambió las pautas del proyecto integrador a tres días de la fecha límite lpm,1,university,label1
"Me da pánico volver a casa después de la escuela, el maltrato me quebró y decidí que esta es mi última tarde acá.",3,family,label3
me tiro timeout la conexion a la base de datos,0,programming,label0
"Ayer me largué a llorar en la oficina porque me llamaron del laboratorio con los análisis de mi gata, vivo al borde del colapso emocional",2,pets,label2
Compré snacks dentales con menta para mejorarle el aliento al ovejero,0,pets,label0
"Hace meses que no sé lo que es llegar relajado a casa, el camino de vuelta me drena la poca paciencia y energía que me queda para mis hijos",2,transportation,label2
Quién fue a ver la nueva de Nolan? Vale la pena pagar la entrada en sala premium?,0,movies,label0
"Mis amigos crecieron, consiguieron pareja, se alejaron y me dejaron atrás en la miseria, ya no quiero seguir.",3,friends,label3
Últimamente cualquier gasto relacionado con compras me deja intranquilo por mucho tiempo.,2,shopping,label2
Mi vuelo se retrasó un rato y tocó esperar.,1,transportation,label1
"Trabajar de bachero catorce horas me destrozó las manos y la voluntad, ya no quiero seguir existiendo",3,cooking,label3
Esta semana dejaron proyectos en todas las materias.,1,school,label1
Cada vez que intento escribir por gusto siento la mente completamente bloqueada.,2,hobbies,label2
"Ya no recuerdo lo que era disfrutar una victoria, ganamos la final el domingo y lo único que sentí fue un alivio amargo y ganas de dormir",2,sports,label2
"Me siento un inútil desde que dejé las artes marciales, mi cuerpo no responde y mi mente ya no quiere seguir luchando",3,sports,label3
"Me bajaron de categoría y la humillación es insoportable, les escribo para despedirme porque no voy a tolerar vivir así",3,sports,label3
Desde que me fui del país siento que ya no tiene sentido seguir viviendo.,3,travel,label3
Podés pasar por la farmacia a retirar las gotas para los ojos de mamá antes de que cierre?,0,family,label0
"Me tiemblan las piernas cada vez que tengo que exponer oralmente frente a la clase, la ansiedad me paraliza por completo",2,school,label2
"Mis amigos quieren salir, pero yo también tengo muchas cosas que hacer.",1,friends,label1
"Llevo meses entrando a jugar por pura inercia y ya no siento nada de diversión, solo termino con una amargura insoportable",2,gaming,label2
Me cuesta abrirme con mis amistades como antes y eso me pesa todos los días.,2,friends,label2
"Me robaron el taxi hoy y era mi única forma de llevar comida a mi familia, ya no le veo sentido a seguir vivo",3,transportation,label3
encontramos un restaurante escondido que nadie conoce,0,restaurants,label0
Mi creatividad para escribir música desapareció y eso me tiene muy desgastado.,2,music,label2
Desde que comenzó esta temporada de lluvias vivo con una sensación constante de cansancio.,2,weather,label2
"Las compras básicas ya no son algo sencillo para mí, llevan meses quitándome tranquilidad.",2,shopping,label2
Me cuesta mantener conversaciones con mis amigos porque mi cabeza siempre está en otro lado.,2,friends,label2
Hoy ensayamos varias horas y terminé agotado.,1,music,label1
El envío salió más caro de lo que esperaba.,1,shopping,label1
"El maltrato de los clientes que me cambian los requerimientos a cada rato me apagó por dentro, no tengo fuerzas para seguir viviendo",3,programming,label3
Traigo varias tareas pendientes y siento que voy algo atrasado.,1,school,label1
Fui al cine a intentar tener una cita normal pero el pánico social que vengo arrastrando me hizo salir de la sala temblando a la media hora,2,movies,label2
Mis hijos me pidieron ver una película animada y me costó horrores no quebrar en llanto frente a ellos del cansancio emocional que manejo,2,movies,label2
"Hice todo lo posible para encajar, fui complaciente, aguanté de todo y aun así me botan, me rindo.",3,friends,label3
Se me olvidó prender el horno y perdí un buen rato.,1,cooking,label1
la cafeteria de la esquina tiene medialunas riquisimas,0,restaurants,label0
Llevo meses dependiendo de un transporte que nunca llega a tiempo y ya estoy exhausto.,2,transportation,label2
"Trabajar catorce horas diarias arreglando servidores me vació por completo, ojalá Dios me lleve pronto",3,technology,label3
me duele el hombro despues de nadar tanto ayer,0,sports,label0
Presté mi primera edición favorita hace meses y la persona que se la llevó ni me responde los mensajes para devolvérmela,1,books,label1
Me costó encontrar la terminal correcta.,1,travel,label1
"Me quedé sin amigos en el bachillerato, mi existencia no le importa a nadie y hoy voy a ponerle fin",3,school,label3
"Hace semanas que viajar en avión me detona ataques de pánico antes de embarcar, me tiemblan las piernas y no puedo tragar nada",2,travel,label2
"Tengo la bacha llena de platos sucios de hace días, la mugre se acumula y la fatiga emocional no me deja ni lavar una sartén",2,cooking,label2
me toca practica clinica esta semana en el hospital,0,university,label0
Se me reinició la computadora sola para instalar parches justo cuando estaba subiendo un archivo pesado 😩,1,technology,label1
"Llevo un mes viviendo en una pesadilla de visitas de urgencia a la guardia veterinaria, siento el cuerpo al límite del colapso",2,pets,label2
Quién usa el cargador blanco que estaba en la cocina? Necesito levantar batería urgente,0,family,label0
"Ayer fue mi última pelea en el octágono, me retiraron a golpes y hoy decido retirarme de la vida",3,sports,label3
"Vi una película donde el protagonista se va y nadie lo extraña, igual que yo, ya no quiero estar.",3,movies,label3
Hoy el restaurante estaba demasiado ruidoso para platicar.,1,restaurants,label1
Cada página que escribo me acerca más a la idea de que no merezco seguir.,3,books,label3
"No encuentro fuerzas para terminar el semestre, ya no veo salida.",3,university,label3
Quién se suma a armar una base en un servidor de Rust después de cenar?,0,gaming,label0
El arroz se pasó de cocción otra vez.,1,cooking,label1
"Me quitaron la beca deportiva en la universidad, le fallé a mis papás y tomé la decisión de desaparecer",3,sports,label3
El estrés del trabajo me rompió y siento que ya no puedo continuar.,3,work,label3
Me preocupa mandarme una macana con la base de datos productiva ahora que toca correr el script de migración,1,programming,label1
"Estoy harto de fallar una y otra vez, quisiera desaparecer.",3,university,label3
"La sobrecarga de trabajos prácticos me dejó sin respiro, siento que la vida universitaria me robó la personalidad y los hobbies",2,university,label2
El camión tarda tanto que vivo preocupado por llegar tarde otra vez.,2,transportation,label2
"Juego porque mis amigos me invitan, pero llevo tiempo sin disfrutar realmente.",2,gaming,label2
Trabajo como freelance y llevo meses sintiéndome completamente saturado de proyectos.,2,programming,label2
No puedo dormir pensando en la universidad y ya no veo ninguna salida.,3,university,label3
Fijate de no dejar bolsos a la vista en el asiento cuando dejes el coche afuera,0,transportation,label0
Llevo meses intentando ver películas y ya ninguna logra distraerme.,2,movies,label2
Cada tarea pendiente me convence de que no sirvo para nada.,3,school,label3
Tengo que optimizar el consumo de memoria del worker en Python porque el servidor se queda sin RAM y crashea,1,programming,label1
"No logro perdonarme por no haber conseguido el dinero para su tratamiento, ya no quiero vivir.",3,pets,label3
Me tiene re frustrado no encontrar la llave secreta para abrir la compuerta después de recorrer el mapa tres veces,1,gaming,label1
Ya no sé cómo recuperar la motivación para seguir estudiando.,2,university,label2
"El docente de laboratorio fue re forro corrigiendo los informes, nos desaprobó a casi toda la comisión",1,university,label1
Despertar sabiendo que ya no está conmigo me hace pensar que ojalá yo tampoco despertara.,3,pets,label3
El aire frío en la mañana estuvo más fuerte de lo normal.,1,weather,label1
Cada día me cuesta más trabajo levantarme para ir a la escuela.,2,school,label2
"Hace semanas que voy a cursar sin bañarme ni peinarme, el nivel de desgano que tengo me impide cumplir con el autocuidado más básico",2,university,label2
Quién se copa para hacer una escapada en auto hasta el dique este domingo a la siesta?,0,friends,label0
Cada turno doble me deja completamente vacío 😞,2,restaurants,label2
"manejando de noche por la ruta, hay que estar atento",0,transportation,label0
Estoy tratando de organizar las comidas de la semana y cuesta un poco.,1,cooking,label1
"El proyecto fracasó por mi mala arquitectura y dejé a mi equipo tirado, estarían mucho mejor si yo desapareciera de una vez",3,programming,label3
Desde hace meses siento una fatiga constante por depender de la tecnología para todo.,2,technology,label2
"Llevo un mes sin poder leer un libro por placer, la obligación académica me generó un rechazo visceral a la lectura",2,university,label2
"Desde hace semanas el calor me deja sin ganas de cocinar, hacer ejercicio o trabajar.",2,weather,label2
Manden sus números de legajo al grupo de whatsapp así armo la carátula del informe,0,university,label0
"La gaseosa vino sin gas y con dos hielos diminutos casi derretidos en un vaso tibio, qué asco",1,restaurants,label1
"Mi papá toma todos los fines de semana y el miedo constante a cómo va a reaccionar me arruinó los nervios, vivo temblando",2,family,label2
Hoy comimos sushi en un restaurante japonés muy bueno.,0,restaurants,label0
Se me falseó la clavija de afinación del chelo justo antes de la clase y no pude tocar en toda la tarde,1,music,label1
"Siento un rechazo visceral cada vez que tengo que prender la laptop para la oficina remota, el encierro tecnológico me está quebrando",2,technology,label2
nos toca examen oral de ingles esta semana,0,school,label0
el gato se subio al arbol de navidad y lo tiro todo,0,pets,label0
Cada vez que reviso mi cuenta bancaria pienso que sería mejor no despertar más.,3,shopping,label3
el restaurante de mariscos cerca de la costa esta buenisimo,0,restaurants,label0
compre un regalo para el cumple de mi amiga,0,shopping,label0
"Vi una peli donde todos estarían mejor sin el protagonista, y pensé en mí, ojalá no despertara.",3,movies,label3
Avisen a qué hora nos juntamos en la biblioteca para terminar la maqueta de geografía,0,school,label0
Me cuesta mantener cualquier hábito porque siempre estoy empacando otra vez.,2,travel,label2
Pudiste hablar con el jefe sobre los días de vacaciones que te debían del año pasado?,0,work,label0
Llevo semanas intentando poner atención en clase y simplemente no puedo.,2,school,label2
"bajando el nuevo dlc, dicen que agrega bastante contenido",0,gaming,label0
Entre la universidad y el trabajo casi no me queda tiempo para leer.,1,books,label1
"Siento que estoy funcionando en automático, limpio las heridas de mi perra con la cabeza embotada y una tristeza que no tiene fin",2,pets,label2
Estoy en mi último año y el miedo a retrasarme me tiene agotado.,2,university,label2
"Estoy avanzando poco a poco, aunque más lento de lo planeado.",1,books,label1
armando escuadra para la partida de las nueve,0,gaming,label0
Mi hermano trabaja como cocinero en un restaurante italiano.,0,restaurants,label0
"Siento que soy una carga para mis amigos, ya no quiero seguir aquí.",3,friends,label3
"No puedo dejar nada arriba de la mesada porque el gato salta y tira los vasos al piso, ya me rompió dos fuentes",1,pets,label1
"Me siento culpable por cada decisión que tomé con mi perro, ya no veo ninguna salida.",3,pets,label3
"Desde que mi perro se fue ya no puedo dormir, ojalá todo terminara.",3,pets,label3
"Mi productividad está en el piso hace un mes, me siento un estorbo en el equipo y la frustración no me deja en paz",2,work,label2
"el chef saco un plato nuevo esta semana, quiero probarlo",0,restaurants,label0
Debo tanto dinero de mis compras que siento que todos estarían mejor sin mí.,3,shopping,label3
"Tuve que sacrificar a mi perra por su vejez, me siento un asesino y tomé la firme decisión de no seguir en este mundo",3,pets,label3
El estrés acumulado ya está afectando cómo escribo código todos los días.,2,programming,label2
Ojalá el fin de semana tenga mejor clima para poder salir.,1,weather,label1
Tuvimos que despachar la mochila grande en la bodega porque no cumplía las medidas del equipaje de cabina,0,travel,label0
"Mi familia me desprecia por ser un comprador compulsivo, tienen toda la razón y hoy voy a hacerles el favor de desaparecer",3,shopping,label3
El local de electrodomésticos tenía una demora de quince días hábiles para el flete de la heladera,0,shopping,label0
El audio bluetooth de los parlantes tiene un retardo insoportable con respecto a la imagen del video,1,technology,label1
"Compro discos para llenar el vacío, pero ya no quiero seguir viviendo.",3,music,label3
Mis papás tienen horarios diferentes y cuesta organizar todo.,1,family,label1
hoy cocino para toda la familia,0,cooking,label0
La universidad ya no me deja descansar ni los fines de semana.,2,university,label2
"Soy una abuela que ya no sirve para nada, ojalá no despertara.",3,family,label3
"Quería invitar a más personas, pero varios ya tenían compromisos.",1,friends,label1
"Ese boss de Elden Ring ya me tiene re podrido, estuve dos horas memorizando los patrones y me mata de un golpe",1,gaming,label1
Estoy quemadísimo de intentar subir de rango y cada vez rindo menos.,2,gaming,label2
Todo el tiempo pienso en trabajos pendientes y ya no puedo relajarme.,2,school,label2
"Tengo el estómago cerrado hace días por la angustia de los parciales, casi no puedo comer nada al mediodía",2,school,label2
compre maquillaje nuevo que vi recomendado en instagram,0,shopping,label0
"Me traicionó la persona en la que más confiaba en este mundo, ya no puedo amar ni vivir con este dolor.",3,friends,label3
"No pasé la prueba para el equipo de primera, soy la decepción de la casa y prefiero estar muerto antes que verles la cara",3,sports,label3
"Mis amigos me mandan canciones nuevas y les clavo el visto, me cuesta horrores explicarles que el ruido me abruma hace semanas",2,music,label2
me anote a las clases de artes marciales del barrio,0,sports,label0
"Ayer intenté cortar una cebolla y terminé cortándome el dedo por lo desconectado que estoy de la realidad, vivo flotando en la amargura",2,cooking,label2
"me olvide de comprar cebolla, ahora tengo que salir de nuevo",0,cooking,label0
Me cuesta muchísimo concentrarme porque nunca estoy mucho tiempo en el mismo lugar.,2,travel,label2
el grupo de whatsapp de la comision no para de sonar,0,university,label0
Paso horas frente al streaming sin poder decidir qué ver y termino apagándolo todo.,2,movies,label2
Dejé enfriar el bizcochuelo sobre una rejilla metálica para que no se humedezca la base,0,cooking,label0
Me cuesta muchísimo decidir qué cocinar y termino sin hacer nada.,2,cooking,label2
Necesito entrenar más si quiero quedar en el equipo titular.,1,sports,label1
Me preocupa que mi aislamiento esté dañando amistades importantes.,2,friends,label2
Todos mis compañeros de la uni tienen planes este finde y yo voy a pasar mis últimas horas llorando solo en mi cuarto.,3,friends,label3
Con tanto tráfico termino tan agotado que ni ganas tengo de hablar cuando llego a casa.,2,transportation,label2
Me siento frustrado porque llevo meses esforzándome y no veo resultados.,2,sports,label2
Había tanta gente que costaba escuchar la conversación.,1,restaurants,label1
La música era mi escape y desde hace meses ya no funciona.,2,music,label2
Tengo que comprar un pendrive de 64 gigas para pasarle las fotos del acto a mi tía,0,technology,label0
La sequía me tiene sin agua y sin ganas de seguir existiendo.,3,weather,label3
me inscribi para el cuatrimestre que viene,0,university,label0
El teclado mecánico con switches rojos es comodísimo para tipear pero suena fuerte en llamadas,0,technology,label0
"Mis profesores dicen que puedo más, pero yo ya no puedo con esto y quisiera desaparecer.",3,school,label3
Tengo la sensación de que compro materiales de arte por impulso y después no uso ni la mitad por falta de tiempo,1,hobbies,label1
Tuvimos que hacer una cola de cuarenta minutos en la vereda bajo el frío para entrar a la cafetería de moda,1,restaurants,label1
"Perdí mi trabajo de cartero por la tormenta de nieve y no puedo más con esta vida de mierda, adiós.",3,weather,label3
"Ya no puedo ni caminar a la parada del colectivo por el dolor crónico, soy una carga inútil y ojalá no despierte mañana",3,transportation,label3
Hace dos meses que vivo con dolor de cuello y contracturas severas por la tensión constante de manejar en esta ciudad colapsada,2,transportation,label2
Me cuesta concentrarme después de tantas horas en la escuela.,1,school,label1
"tengo parcial de calculo mañana, ya arranque a repasar",0,university,label0
Me satura tener que salir con tres capas de abrigo encima y después cocinarme adentro de los locales con calefacción,1,weather,label1
"Los días grises y fríos se me hacen eternos, siento un vacío enorme y una fatiga crónica que no se soluciona ni durmiendo doce horas",2,weather,label2
"El ambiente en esta empresa es tan tóxico que me arruinó el ánimo por completo, ya no me reconozco en el espejo",2,work,label2
"probando el nuevo smartwatch, tiene bastantes funciones",0,technology,label0
tengo que comprar utiles nuevos para el taller,0,school,label0
salimos a caminar por el centro con el grupo el sabado,0,friends,label0
"Cada gota de esta lluvia interminable me recuerda lo miserable y solo que estoy, me voy a matar.",3,weather,label3
Siento que si yo desaparezco mis papás por fin van a poder ser felices y descansar de mis problemas.,3,family,label3
"Terminé re estresado de salir a cenar afuera un sábado a la noche, entre el ruido, la demora y la cuenta no lo disfruté nada",1,restaurants,label1
Me cuesta muchísimo empezar los trabajos aunque sé que son importantes.,2,university,label2
"el nuevo personaje esta re roto, todos lo estan usando",0,gaming,label0
"Reprobé anatomía de nuevo y me sacaron de la carrera, mi sueño se murió y yo quiero irme con él",3,university,label3
"Mi perro era mi familia, ahora siento que todos estarían mejor sin mí.",3,pets,label3
"El frío de este invierno se metió en mis huesos y en mi alma, ya no tengo calor de hogar ni ganas de vivir.",3,weather,label3
"Salí con la cabeza quemada del trabajo, atendí reclamos sin parar durante ocho horas seguidas",1,work,label1
Me da bronca ver cómo otros disfrutan la música mientras yo llevo meses sintiendo que estoy atrapado en una burbuja de silencio y tristeza,2,music,label2
"Le presté plata a un amigo que desapareció, pero lo que no me deja dormir hace un mes no es la deuda, es la decepción que me rompió el corazón",2,friends,label2
Che pasen el drive con los apuntes de derecho penal que me perdí las últimas dos clases,0,university,label0
Me cuesta concentrarme en las clases aunque intento poner atención.,2,university,label2
"Siento una opresión en el pecho terrible cada vez que entro a la biblioteca, la autoexigencia me quitó todo el placer de aprender",2,university,label2
"Me hackearon todas las contraseñas y robaron mis ahorros, no merezco seguir viviendo con esta angustia",3,technology,label3
"Ver documentales es lo único que hago, estoy tan muerto por dentro que quiero dejar de existir físicamente.",3,movies,label3
"Llevo semanas mirando el menú principal sin fuerzas para entrar a jugar, estoy tan vacío que hoy decido apagarme para siempre",3,gaming,label3
La fila para entrar al concierto estaba larguísima.,1,music,label1
Estoy intentando equilibrar el tiempo entre la universidad y mi familia.,1,family,label1
"El cliente se quejó de mi servicio y el gerente me humilló en la cocina, ya no tengo fuerzas para soportar tanto desprecio.",3,restaurants,label3
"La consola era mi único refugio contra los problemas de mi casa, se rompió y ya no tengo a dónde huir, mejor me muero",3,gaming,label3
"Empezó a caer agua nieve en la parte alta de las sierras, seguro amanece todo blanco mañana",0,weather,label0
Las deudas por compras de meses pasados todavía me tienen muy desgastado.,2,shopping,label2
"Mis papás hipotecaron la casa para mandarme a la universidad y los defraudé, estarían mucho mejor sin mí",3,university,label3
Estoy intentando aprender crochet y todavía me equivoco en los puntos.,1,hobbies,label1
"probamos las empanadas del lugar nuevo, estan buenisimas",0,restaurants,label0
Qué fastidio tener que cruzar la avenida saltando charcos gigantes para llegar al trabajo con las zapatillas secas,1,weather,label1
Ayer apagué la computadora a la fuerza y me quedé llorando en el suelo de mi habitación por el colapso mental de tantas horas de pantalla,2,technology,label2
"Llevo meses sin poder abrir el FL Studio, intento armar un kick y un rumble pero el agotamiento mental me bloquea por completo",2,music,label2
"El miedo a perder la beca de manutención me tiene vomitando antes de cada parcial, ya no doy más con esta presión",2,university,label2
Me da mucha bronca que cancelen la fecha del bar a dos días de tocar cuando ya habíamos vendido entradas,1,music,label1
"Terminé de armar el organizador de pared con sobrantes de palets, quedó re rústico y firme",0,hobbies,label0
"La cocina me quemó por dentro y por fuera, ya no quiero seguir.",3,restaurants,label3
Me desespera ver que sacan películas de tres horas que se podrían haber contado tranquilamente en hora y media,1,movies,label1
"Ya ni hablar con mis compañeros ayuda, no quiero seguir viviendo.",3,university,label3
"La poesía ya no me consuela, solo me da ganas de no despertar.",3,books,label3
le pregunte a chatgpt como resolver un problema de excel,0,technology,label0
Quién dejó la puerta del patio abierta? El gato del vecino se metió a revisar la comida del nuestro,0,pets,label0
Hoy el restaurante estaba lleno por una promoción.,1,restaurants,label1
"Siento que las deudas de mis compras me masticaron y me escupieron, perdí toda esperanza de pagar y prefiero matarme antes que afrontarlo",3,shopping,label3
Ya son varias semanas sintiéndome emocionalmente agotado por este clima tan pesado.,2,weather,label2
Estuvimos media hora dando vueltas con el auto para conseguir un restaurante que tuviera una mesa libre para cuatro,1,restaurants,label1
"Se me fue toda la pasión por el desarrollo de software, ahora solo siento un vacío enorme y ganas de apagar la computadora para siempre",2,programming,label2
Últimamente no puedo concentrarme ni en una película que antes me habría encantado.,2,movies,label2
"La canilla del baño del restaurante estaba rota y salpicaba para todos lados, me empapé la camisa",1,restaurants,label1
"Nos cambiaron de mesa dos veces en medio de la cena porque supuestamente tenían una reserva grande, qué falta de respeto",1,restaurants,label1
La culpa que siento al ver cómo descuidé mi vida personal por un rango virtual me está consumiendo la cabeza a diario,2,gaming,label2
"Le mandé tres audios contándole cómo me sentía y me cambió de tema al toque con una pavada de él, qué bronca",1,friends,label1
"No veo ninguna salida después de perder todo mi dinero en el centro comercial, mi vida se apagó hoy",3,shopping,label3
"Renunciar no me salvó de la depresión que me dejó esa empresa, ya decidí que esta es mi última noche",3,work,label3
"Me la paso jugando simuladores porque mi vida real es un desastre, estoy tan cansado que quiero acabar con todo hoy mismo",3,gaming,label3
"La comida ya no me sabe a nada, solo quiero desaparecer para siempre.",3,cooking,label3
"prefiero las ediciones en tapa dura, se ven mejor en la estanteria",0,books,label0
Mi concentración desaparece a mitad de los entrenamientos desde hace semanas.,2,sports,label2
me falta un logro para el 100% del juego,0,gaming,label0
"Llevo días sin prender la estufa, la depresión me dejó sin fuerzas y la muerte es la única receta que me da paz",3,cooking,label3
Llevo semanas con migrañas insoportables por el estrés de no saber si voy a poder costear la próxima cirugía de mi mascota,2,pets,label2
Acuérdense de llevar la autorización firmada por sus papás para la salida a la reserva,0,school,label0
Quién se suma para almorzar unos sanguches en el buffet antes de la clase de inglés?,0,school,label0
La fila para entrar avanzaba muy despacio.,1,restaurants,label1
El frío polar me tiene enfermo y ya no quiero estar aquí.,3,weather,label3
Tuvimos que poner subtítulos en inglés porque la traducción en español parecía hecha con un traductor automático,1,movies,label1
Nos clavaron dos guardias seguidas este finde en el hospital y ya siento el cansancio encima,1,work,label1
"Me esfuerzo por parecer bien, pero desde que la perdí solo deseo que todo termine.",3,pets,label3
Me cuesta seguir el ritmo del equipo porque ya no logro concentrarme igual.,2,programming,label2
"No sé qué me pasa, pero llevo meses sin poder terminar una novela.",2,books,label2
Mi gato no quiere tomar su medicina y cuesta muchísimo.,1,pets,label1
"Con la silla de ruedas no me puedo subir a ningún camión, la sociedad me excluye y sinceramente ya no quiero vivir así",3,transportation,label3
"Me duele ver las fotos de su viaje donde no fui invitado, mi corazón ya no aguanta este rechazo constante.",3,friends,label3
armamos videollamada con los tios que viven lejos,0,family,label0
Siento un vacío y un desamparo enormes al ver que los días pasan y la condición de mi perrita solo sigue empeorando lentamente,2,pets,label2
"La tesis me quemó la cabeza, veo un paper o un libro académico y me dan náuseas físicas, no sé cómo voy a seguir con esto",2,books,label2
"Escribí mi primer libro y nadie lo compró, siento que todos estarían mejor sin mí.",3,books,label3
Cada vez que pienso en hacer la comida siento un agotamiento enorme.,2,cooking,label2
"Esa actriz se merece todos los elogios, la transformación física para el papel fue impresionante",0,movies,label0
"Se suspendió la fecha del campeonato de softbol por lluvia, se pasa para el otro fin de semana",0,sports,label0
"El elenco de la precuela no tiene ni una pizca de la química que tenían los actores originales, qué pena",1,movies,label1
Necesito practicar más porque sigo cometiendo los mismos errores.,1,gaming,label1
La talla que quería ya estaba agotada.,1,shopping,label1
"Hace semanas que la fatiga digital me tiene completamente nublado, no puedo hilar dos ideas sin que me ardan los ojos",2,technology,label2
"Antes esperaba con emoción los entrenamientos, ahora me cuesta hasta ponerme los tenis.",2,sports,label2
Tengo que entregar el balance preliminar antes de las seis y todavía me falta conciliar cuentas,1,work,label1
Quién se copa para hacer la fila virtual del recital de Dua Lipa mañana a las 10?,0,music,label0
Alguien sabe a qué afinación está la guitarra en ese punteo acústico?,0,music,label0
Mi cachorro sigue aprendiendo a quedarse solo en casa.,1,pets,label1
"Quería hacer maratón, pero ya me ganó el sueño.",1,movies,label1
Cancelaron el concierto y sí me dio coraje.,1,music,label1
"Mi familia se merece a alguien que pueda proveerles una mesa digna, no a un inútil como yo que prefiere morir",3,cooking,label3
Perdí mi empleo y siento que ya no vale la pena continuar.,3,work,label3
Pasé raspando con un 6 el examen de historia pero al menos no tengo que ir a diciembre,0,school,label0
Mis papás no paran de insistirme con el tema de la carrera y me tienen la cabeza quemada,1,family,label1
"Pagué el peaje automático y pasó sin frenar, qué golazo no tener que buscar monedas",0,transportation,label0
Mi hermano se suicidó y a veces siento que debo hacer lo mismo.,3,family,label3
Llevo demasiado tiempo sintiendo que las películas dejaron de provocar algo en mí y eso ya afecta hasta cómo paso mi tiempo libre.,2,movies,label2
"Escribo poemas tristes desde que ella se fue, pero ya no quiero estar aquí.",3,books,label3
Pagué carísimo un taller de encuadernación artesanal y siento que el lomo me quedó todo chueco,1,hobbies,label1
Perdí mi contrato discográfico y siento que no hay salida.,3,music,label3
Le puse pimentón dulce y un toque de curry a las pechugas a la plancha para darles más onda,0,cooking,label0
"Tengo las piernas temblorosas cada vez que me subo a la bicicleta para pedalear por la avenida, el pánico a que me atropellen me paraliza",2,transportation,label2
Pensé que no iba a llover y terminé todo empapado 😅,1,weather,label1
"no coincidimos en la peli pero bueno, vemos otra cosa",0,friends,label0
El rompecabezas tiene demasiadas piezas parecidas 😅,1,hobbies,label1
Cada vez me toma más tiempo terminar una tarea porque mi mente se bloquea.,2,university,label2
"Lloro abrazado al peluche que me regaló mi mejor amiga antes de enemistarnos, ojalá me lleve la muerte pronto.",3,friends,label3
Me frustra ver cómo a otros les sale fluido el trazo con pincel japonés y yo parezco un nene de primaria,1,hobbies,label1
estoy armando el resumen para el oral de literatura,0,school,label0
Se descalibró el lápiz óptico de la tableta gráfica y me dibuja las líneas dos centímetros corridas del cursor,1,technology,label1
nos juntamos a ver el partido en lo de mi vecino,0,friends,label0
escuchando la radio vieja mientras hago tramites,0,music,label0
"La fobia a subirme a un auto me arruinó la vida, no salgo de mi casa hace meses y mi única paz será la muerte",3,transportation,label3
Llevé al loro al veterinario para el control de rutina de las plumas y me dijo que está impecable,0,pets,label0
Se me pasó un toque de cocción el arroz blanco pero le metí huevo revuelto y lo salvé como chaufa,0,cooking,label0
"Qué frío hace, salir de la cama costó muchísimo.",1,weather,label1
"Mi familia no sabe que estoy pasando hambre aquí, mejor desaparezco.",3,travel,label3
El director avisó que van a controlar la conducta más estricto y ya ando medio perseguido,1,school,label1
Ayer cometí un error gravísimo en la base de datos por estar con la mente completamente nublada de tanto cansancio,2,programming,label2
"Las competencias me rompieron por dentro, ojalá todo acabara.",3,gaming,label3
"Vi una película que describía exactamente cómo me siento por dentro, ojalá no despertara.",3,movies,label3
Últimamente sobrevivo con cosas rápidas porque cocinar me rebasa.,2,cooking,label2
"encontre el error, era un typo en el nombre de la variable",0,programming,label0
"La fatiga digital me consumió la poca cordura que me quedaba, quiero apagar mi vida para siempre",3,technology,label3
Me dio vergüenza ajena que se pusieran a discutir por la propina adelante de todos los clientes en la caja,1,restaurants,label1
"Trabajo en un cine y ya no soporto ver a las familias felices, ya no quiero vivir.",3,movies,label3
"Siento que tiré cinco años de mi vida a la basura, ya estoy en el último año y la incertidumbre de no saber qué hacer me ahoga",2,university,label2
"No logro desconectar de la frustración de las partidas ni cuando estoy cursando, tengo la cabeza completamente nublada",2,gaming,label2
"Me cuesta un montón respirar hondo cuando entro por la puerta de la escuela, la angustia me cierra la garganta",2,school,label2
"Mi mejor amigo me traicionó con mi pareja, el dolor es tan insoportable que prefiero morir.",3,friends,label3
Me cuesta muchísimo descansar sabiendo todo lo que está pasando en mi hogar.,2,family,label2
"Mi abuela murió y era lo único que me quería, ya no quiero estar aquí.",3,family,label3
"Otra entrevista de trabajo en la que me rechazan, ya entendí que no sirvo para este mundo, me despido",3,work,label3
El nuevo pase de temporada de Fortnite metió una colaboración re copada de anime,0,gaming,label0
La niebla me tiene atrapado en casa y siento que ya no hay salida.,3,weather,label3
Cocino para otros pero por dentro solo quiero desaparecer.,3,restaurants,label3
"Estoy completamente roto por todo lo que pasa en la escuela, ya no quiero seguir.",3,school,label3
"Terminé la jornada totalmente devastado anímicamente por el desgaste digital crónico, sintiendo que mi mente no aguanta un día más así",2,technology,label2
La pizza llegó completamente fría y con todo el queso pegado a la tapa de cartón de la caja 🤦‍♂️,1,restaurants,label1
"Tengo el estómago revuelto hace días por la presión de las finales de la liga, no puedo retener la comida del estrés acumulado",2,gaming,label2
Desde hace mucho tiempo no consigo relajarme porque siempre espero que mi mascota empeore.,2,pets,label2
"Hace semanas que coleccionar cartas me parece una pérdida de tiempo, ya no encuentro motivación en mis pasatiempos",2,hobbies,label2
Lavo platos doce horas y ya no quiero seguir viviendo así.,3,restaurants,label3
"Hace un mes que el ventilador no da abasto y el insomnio me dejó como un zombie, cometo errores graves en la oficina por puro agotamiento",2,weather,label2
"Quise salvararme a través de la escritura pero las palabras no alcanzan, estoy demasiado rota y me voy a quitar la vida",3,books,label3
"Me preocupa que el pollo al horno me haya quedado medio crudo cerca del hueso, qué miedo intoxicar a alguien",1,cooking,label1
Cada trabajo en equipo termina dejándome completamente drenado.,2,university,label2
"Perder a mi gemelo fue como perder la mitad de mi alma, no puedo seguir viviendo incompleto y voy tras él.",3,family,label3
Te juro que la película fue malísima pero la cantidad de pochoclos que comimos lo compensó todo,0,friends,label0
Últimamente hasta las películas más recomendadas se me hacen pesadas.,2,movies,label2
"El remordimiento después de comprar en plataformas online me dura semanas enteras, me siento un esclavo de mis propios impulsos",2,shopping,label2
Quería descansar un rato y justo llegaron todos al mismo tiempo.,1,family,label1
armando los endpoints nuevos para la api de usuarios,0,programming,label0
Ya no puedo fingir que todo está bien en la universidad.,3,university,label3
Ya ni salir a tomar fotos me emociona como antes.,2,hobbies,label2
comparando precios entre dos tiendas antes de decidir,0,shopping,label0
"Me dio mucha rabia que revisaran mis cosas del placard sin consultarme, cero respeto por mi espacio",1,family,label1
el equipo de ventas cerro un contrato grande hoy,0,work,label0
"Me la pasaba haciendo manualidades para escapar de los gritos en mi casa, ya no puedo más y voy a terminar con esto.",3,hobbies,label3
Llevo meses sin poder sentirme realmente instalado en ningún lugar.,2,travel,label2
El soporte técnico de la empresa me ignora hace semanas y los sistemas caídos me tienen con el rendimiento por el piso y ataques de llanto,2,technology,label2
Salí de remera corta pensando que hacía calor y me congelé esperando el colectivo jaja,0,weather,label0
Qué bronca tener que quedarme después de hora un viernes por una urgencia que no era mía,1,work,label1
Se cortó el servicio de la línea de tren por una falla eléctrica y tuvimos que bajar a caminar por las vías,1,transportation,label1
"Mi orientador me dijo que mejor me dedique a otra cosa, mi vida entera era esta carrera, sin esto prefiero morir",3,university,label3
"esta lloviznando desde temprano, no para de a poco",0,weather,label0
Che qué belleza la velocidad de compilación de Rust cuando tenés el caché bien configurado,0,programming,label0
El competitivo ya me está afectando hasta cuando no estoy frente a la computadora.,2,gaming,label2
"El nivel de exigencia y las críticas de mis papás me tienen con ataques de ansiedad recurrentes, siento que nunca voy a ser suficiente",2,family,label2
Hoy intenté una receta nueva y salió regular.,1,cooking,label1
"Hacer cuatro horas de viaje en tren todos los días me consumió la vida, ya no quiero abrir los ojos nunca más",3,transportation,label3
"Siento que la facultad me robó la poca felicidad que me quedaba, ya no le encuentro el sentido a esta agonía constante",3,university,label3
Me frustra no poder concentrarme porque siempre me gustó leer.,2,books,label2
tengo que entregar el proyecto final de la carrera en dos semanas,0,university,label0
Últimamente revisar código ajeno me agota más de lo normal y pierdo el enfoque muy rápido.,2,programming,label2
revisando por que el build falla solo en el pipeline,0,programming,label0
"estos auriculares suenan increible, valieron la pena",0,music,label0
Las compras básicas me tienen preocupado desde hace meses y ya me cuesta concentrarme.,2,shopping,label2
tenemos que entregar el proyecto de ciencias sociales el lunes,0,school,label0
"Estudio literatura y la presión me tiene al borde, prefiero no seguir.",3,books,label3
"Estoy agotado de luchar por regresar, quisiera desaparecer.",3,sports,label3
"Siento que estoy en piloto automático hace semanas, voy a la oficina pero mi cabeza no procesa nada de lo que leo",2,work,label2
El autobús turístico pasó más tarde de lo esperado.,1,travel,label1
el museo que visitamos hoy tenia obras impresionantes,0,travel,label0
El menú cambió y ya no encontré mi platillo favorito.,1,restaurants,label1
"No dejo de culparme por no haber llegado antes al veterinario, quisiera desaparecer.",3,pets,label3
"Ya pagué la seña para la fiesta de graduación de fin de año, qué manija que tengo",0,school,label0
Ni los videojuegos logran callar la idea de que sería mejor no estar.,3,gaming,label3
chequeando la app del clima antes de salir,0,weather,label0
"Antes disfrutaba armar maquetas los domingos, ahora ese día es una tortura porque la angustia no me deja concentrarme",2,hobbies,label2
"Llevo meses sin poder completar ni un solo crucigrama, mi cerebro está tan colapsado por el estrés que no proceso las palabras",2,hobbies,label2
Entre hacer la maleta siempre siento que olvido algo.,1,travel,label1
Desde que me mudé al extranjero vivo con una sensación constante de agotamiento.,2,travel,label2
Le festejamos el bautismo a la más chiquita en casa con unos sandwiches de miga re tranqui,0,family,label0
"compre comida nueva para el gato, parece que le gusto",0,pets,label0
Nos dieron una mesa junto a la ventana.,0,restaurants,label0
probando una receta vegetariana nueva para variar,0,cooking,label0
Se me rompió la baqueta en medio del redoble final y tuve que terminar el tema golpeando como pude 😩,1,music,label1
Desde hace meses el desarrollo del sistema me consume toda la energía.,2,programming,label2
Me desperté a las cuatro de la mañana repasando mentalmente los correos que tengo que mandar,1,work,label1
Hace meses que vivo a base de barritas de cereal porque el ruido de los cubiertos chocando me detona la migraña por estrés,2,cooking,label2
cocinando lentejas para el almuerzo de la semana,0,cooking,label0
Qué bodrio tener dos horas de educación física a primera hora con este frío,0,school,label0
Estuve una hora clavado en la fila del supermercado porque a la señora de adelante no le pasaba la tarjeta 🤦‍♂️,1,shopping,label1
Me rompí la rodilla y con eso también se rompieron mis ganas de seguir.,3,sports,label3
Se me bloqueó el cupón de descuento en el checkout justo en el último segundo antes de meter la tarjeta,1,shopping,label1
"Metieron tremendo nerfeo a la escopeta en el parche nuevo, ya no sirve para nada",0,gaming,label0
"Mi único consuelo era cantar y ahora ni eso me calma, solo quiero desaparecer.",3,music,label3
Armamos noche de karaoke en casa el sábado? Tengo dos micrófonos listos,0,music,label0
El hacinamiento diario en el tren me generó un agotamiento emocional tan profundo que cualquier roce de otra persona me hace temblar de bronca,2,transportation,label2
Me preocupa que esta helada tardía me queme los brotes tiernos de la siembra en la huerta,1,weather,label1
Compré una funda antigolpes con anillo trasero para sostener mejor el teléfono en la calle,0,technology,label0
Se me tildó la compu en medio del render de arquitectura y perdí dos cortes axonométricos que tenía listos,1,university,label1
"esperando que llegue mi pedido online, ya tarda bastante",0,shopping,label0
Todo el día recibo mensajes de distintas plataformas y ya no logro relajarme.,2,technology,label2
El veterinario dijo que solo hay que observarlo unos días.,1,pets,label1
"Completé la planilla de gastos de viáticos del viaje a Rosario, solo falta la firma",0,work,label0
"Me identifico tanto con el protagonista de esa peli triste, sé que mi historia tampoco tiene un final feliz y prefiero acabar con todo.",3,movies,label3
Este calor me deja sin fuerzas desde temprano todos los días 😞,2,weather,label2
"Tejí una manta para mi bebé que nunca nacerá, ya no quiero estar aquí.",3,hobbies,label3
mi loro repite todo lo que decimos en casa,0,pets,label0
Llevo semanas posponiendo compras porque decidir me genera demasiado estrés.,2,shopping,label2
Comprar en temporada de ofertas siempre termina siendo más cansado de lo que parece.,1,shopping,label1
con este frio no dan ganas de salir de la cama,0,weather,label0
salgo a trotar todas las mañanas antes de ir a trabajar,0,sports,label0
Alguien sabe si el profe de fisiología subió las diapositivas de la última clase al campus?,0,university,label0
"Me la paso viendo películas en la cama hace un mes, no me puedo levantar y hoy decidí que esta es mi última noche.",3,movies,label3
La sobrecarga de entrenamiento me generó un agotamiento tan oscuro que rezo para tener un infarto en la pista y no sufrir más,3,sports,label3
Me angustia que los chicos rechacen la comida casera después de haberme pasado dos horas preparándola con verduras,1,cooking,label1
"Ya ni siquiera puedo terminar una película de hora y media, el agotamiento mental que tengo me hace apagar la tele por la mitad",2,movies,label2
El banco me está cobrando todo y ya no tengo fuerzas para seguir luchando.,3,shopping,label3
"No le puedo dar ni lo básico a mis hijos por gastar en puras tonterías, quisiera no existir.",3,shopping,label3
Todo lo relacionado con mi trabajo me hace pensar que no hay salida.,3,work,label3
Conseguí una edición en vinilo del disco de los Beatles en una feria de antigüedades,0,music,label0
"Un cliente me gritó y me tiró el plato en la cara, ya no tengo dignidad ni ganas de seguir respirando.",3,restaurants,label3
"Llevo semanas sintiendo náuseas antes de entrar al taller de programación, mi cabeza no procesa los algoritmos y la desesperación crece",2,university,label2
El estrés de la escuela ya está afectando hasta mi forma de dormir.,2,school,label2
Ya no disfruto mis fines de semana porque me la paso con taquicardia pensando en todo lo que me espera el lunes,2,work,label2
probando hacer empanadas caseras por primera vez,0,cooking,label0
"Antes armaba circuitos de robótica por diversión, hoy ver los componentes me genera un rechazo físico y unas ganas de llorar tremendas",2,hobbies,label2
Espero ponerme al corriente con mis lecturas este fin de semana.,1,books,label1
"Mis padres se divorciaron por mi culpa, ya no veo salida.",3,family,label3
"Entrar a una tienda me genera ataques de pánico por todo lo que debo, esta agonía no es vida y ya decidí terminarla",3,shopping,label3
"Uso los auriculares sin música puestos en la oficina solo para que nadie me hable, el agotamiento social y mental me dejó sin defensas",2,music,label2
Me cuesta participar en clase porque siento la cabeza completamente saturada.,2,school,label2
el profesor de derecho civil explica bastante rapido,0,university,label0
"Llevo un mes alimentándome a puro delivery, la sola idea de prender la hornalla me detona un cansancio que me tira a la cama",2,cooking,label2
Cada relámpago me asusta y me recuerda que ya no quiero estar aquí.,3,weather,label3
Estudio gastronomía y la presión me tiene pensando en desaparecer.,3,restaurants,label3
"Hago delivery caminando porque me robaron la moto, estoy tan humillado y agotado que hoy decido acabar con todo",3,transportation,label3
"Me culparon de la brecha de datos del hospital, la culpa me destruye y mi única paz será dejar este mundo",3,technology,label3
"El endpoint funciona a veces y otras no, qué raro.",1,programming,label1
mi papa nos llevo a pescar el domingo,0,family,label0
Dejé corriendo el linter en todo el repositorio y me marcó más de ochenta advertencias de estilo,0,programming,label0
Miren el meme que encontré en twitter lpm es literalmente Juan cuando maneja 😂,0,friends,label0
"No recuerdo la última vez que disfruté salir, el clima me tiene completamente drenado.",2,weather,label2
"Me quedé dormido a los veinte minutos porque el ritmo era lentísimo, pura charla y nada de acción",0,movies,label0
"Mi adicción a comprar cosas de segunda mano me llenó la casa de basura, vivo en la miseria y prefiero dejar de existir",3,shopping,label3
discutimos sobre donde pasar las fiestas este año,0,family,label0
Guardame un lugar en la fila del medio que el colectivo viene a paso de hombre,0,university,label0
"Hace meses que el traslado diario me consume el alma, llego a mi casa a la noche y me tiro vestido en la cama sin fuerzas para cenar",2,transportation,label2
"La soledad de este trabajo virtual me asfixia, lloro mirando el monitor pensando que la muerte es mi único consuelo",3,technology,label3
"Mi proyecto de grado sobre IA fue un desastre, defraudé a mis papás y estarían mejor sin mí",3,technology,label3
"El ensayo estuvo pesado, aunque avanzamos bastante.",1,music,label1
El examen oral me tiene un poco inquieto.,1,university,label1
Compré un caloventor para el baño así no sufrimos tanto el frío al salir de la ducha,0,weather,label0
Desde hace semanas me cuesta confiar en mis amigos después de varios problemas.,2,friends,label2
"El profesor de piano me marcó errores en la digitación que pensé que ya tenía dominados, me frustró un montón",1,music,label1
"Hoy salí a tomar fotos, pero la luz no ayudó mucho.",1,hobbies,label1
Las prácticas del hospital me dejan sin energía al final del día.,1,university,label1
"Mi familia cree que estoy bien aquí, pero ya no quiero despertar más.",3,travel,label3
Me tocó viajar al lado de una persona que tosía sin taparse la boca en el colectivo lleno y me dio una incomodidad bárbara,1,transportation,label1
"Llevo un mes funcionando en piloto automático, compro lo mínimo indispensable con un nudo en la garganta que no se me va",2,shopping,label2
"Llevo meses usando el ruido de las películas de acción para tapar mi propia ansiedad, vivo en un estado de alerta constante",2,movies,label2
Estoy aprendiendo ajedrez y todavía caigo en trampas muy básicas.,1,hobbies,label1
"Compré toda esa ropa de marca y me sigo sintiendo igual de vacío y con ganas de morir, hoy voy a hacerle caso a esos pensamientos",3,shopping,label3
"La película me pareció larguísima, fácil le sobraba media hora de escenas de relleno",0,movies,label0
Estoy comparando hoteles y no sé cuál elegir.,1,travel,label1
Llevo dos paquetes de galletitas y termo lleno de agua caliente para merendar en el parque,0,friends,label0
armamos una noche de peliculas con palomitas y todo,0,friends,label0
"Llevo meses sin dormir más de tres horas por cuidar a mi abuela, el agotamiento físico y mental me está destruyendo por dentro",2,family,label2
"Quiero organizar una salida, pero todos tienen horarios diferentes.",1,friends,label1
Terminamos el partido de fútbol del torneo interno y ganamos dos a uno en el último minuto,0,school,label0
"Me da pánico pensar en la próxima comida, prefiero no despertar.",3,cooking,label3
Sentarme en esa mesa donde tantas veces cenamos juntos me hizo entender que ya no quiero estar en este mundo sin ti.,3,restaurants,label3
"Hace meses que mi único plan de fin de semana es mirar películas solo en mi cuarto, el aislamiento me está consumiendo pero no tengo fuerzas",2,movies,label2
Leí un libro sobre alguien que desaparece y pensé que yo debería hacer lo mismo.,3,books,label3
El desgano que manejo es tan grande que prefiero pasar hambre todo el día antes que levantarme a prepararme un sándwich,2,cooking,label2
La profe nos dio quince minutos libres porque terminó antes de corregir los trabajos prácticos,0,school,label0
"Me da terror pensar que voy a pasar el resto de mi vida completamente solo, por eso hoy decido apagarme.",3,friends,label3
"Llevo meses sintiéndome un inútil, antes era el mejor cocinero del turno y ahora se me queman las cosas porque mi cerebro no procesa nada",2,restaurants,label2
El huracán me dejó sin casa y sin ganas de vivir.,3,weather,label3
me compre un lente nuevo para la camara,0,hobbies,label0
Me siento tan miserable en mi cuarto haciendo teletrabajo que rezo para que mi corazón se detenga frente a la pantalla,3,technology,label3
Estoy aprendiendo tenis y todavía fallo muchos golpes.,1,sports,label1
"Leer novelas románticas me hace dar cuenta de que nadie me va a querer nunca, soy un asco y merezco morir",3,books,label3
"Mis papás me dijeron que si repruebo me corren de la casa, así que mejor me voy de este mundo de una vez",3,school,label3
hoy hubo simulacro de incendio en el cole,0,school,label0
"No encuentro trabajo de analista de datos hace dos años, soy un peso inútil y hoy voy a solucionar eso para siempre",3,technology,label3
Los code reviews me generan una tensión constante desde hace meses.,2,programming,label2
El pan recién horneado estaba excelente.,0,restaurants,label0
"La añoranza de mi tierra me tiene sin fuerzas, mejor desaparezco.",3,travel,label3
Mi guitarra se desafinó a media práctica.,1,music,label1
"Hace un mes que no logro tener un día de paz mental, el choque cultural fue tan violento que me paralizó por completo",2,travel,label2
"Me satura la falta de privacidad en este departamento, somos cinco viviendo apretados y no tengo un rincón tranquilo",1,family,label1
Desde hace semanas pienso que todos estarían mejor si yo dejara de ser un problema en la escuela.,3,school,label3
"Mi mamá me dijo que ojalá nunca hubiera nacido, tiene razón y le voy a conceder el deseo esta noche.",3,family,label3
"arranque una saga nueva de fantasia, ya van tres libros",0,books,label0
"Extraño emocionarme con la música, pero llevo mucho tiempo sintiéndome desconectado.",2,music,label2
"Renunciar no es opción por la plata pero llevo semanas con el pecho oprimido atendiendo mesas, siento que me asfixio entre los pasillos",2,restaurants,label2
revisando el estado de las gomas antes de salir de viaje,0,transportation,label0
"Qué niebla pesada que hay sobre la autopista, venimos todos a 60 y con luces bajas",0,transportation,label0
"Hace semanas que funciono a puro café y bebidas energizantes, tengo taquicardia todo el día y la cabeza a mil pero sin retener nada",2,university,label2
El hotel dice que no encuentra el número de confirmación de Booking y estamos varados en recepción desde las dos,1,travel,label1
Guardé todos los accesos importantes en un gestor de contraseñas para no olvidarme ninguno,0,technology,label0
El calor extremo me tiene tan cansado que ya ni me concentro en el trabajo.,2,weather,label2
con este calor lo mejor es quedarse a la sombra,0,weather,label0
el loro se puso a cantar apenas prendi la radio,0,pets,label0
"la oficina cambio de edificio, todavia me pierdo un poco",0,work,label0
Cada vez dependo más de comida preparada porque cocinar me supera.,2,cooking,label2
"La música clásica me consolaba y ahora solo me deprime, ya no veo salida.",3,music,label3
"Antes podía pasar horas con mi colección, ahora ni ganas me dan de verla.",2,hobbies,label2
Últimamente siento que cualquier ida a la tienda me deja sin energía.,2,shopping,label2
me anote en el taller de teatro de la facultad,0,university,label0
"El acoso de los clientes me tiene con el autoestima por el piso hace meses, voy a servir las mesas con miedo y la cabeza gacha",2,restaurants,label2
"El karaoke ya no me divierte, solo me recuerda lo vacío que estoy.",3,music,label3
"El ambiente de la orquesta se volvió insoportable, voy a los ensayos con un nudo en el estómago que me quita el apetito todo el día",2,music,label2
"Hace tiempo que perdí la conexión con los pibes de Discord, entro al canal de voz y me siento un extraño total, me apaga el alma",2,friends,label2
"Paso las madrugadas en el chat de voz porque el insomnio me mata, estoy tan agotada que solo quiero cerrar los ojos para siempre",3,gaming,label3
Comparamos precios del microondas en tres páginas distintas y había como diez lucas de diferencia,0,shopping,label0
Qué desgaste renegar toda la tarde con los drivers de video para que al final sigan tirando pantalla azul,1,technology,label1
Llegué del trabajo muerto de sueño y lo primero que me encontré fue una pila de reclamos familiares,1,family,label1
Perdí a mi mejor amigo de cuatro patas y ya no quiero seguir luchando.,3,pets,label3
"Me despidieron de la empresa tecnológica por videollamada, mi vida perdió todo el sentido y me quiero ir de este mundo",3,technology,label3
"El estrés de ser el número uno me quitó el apetito, el sueño y las ganas de vivir, renuncio a esta vida",3,sports,label3
"Siento que mi casa ya no es mi casa y que acá tampoco encajo, esa sensación de no tener hogar me persigue a cada segundo",2,travel,label2
Tengo los dedos todos cortados y quemados por apurarme a sacar las bandejas calientes sin agarradera,1,cooking,label1
"Listo el reporte de métricas mensuales, salieron números bastante positivos en todas las áreas",0,work,label0
el bar nuevo tiene tragos bastante originales,0,restaurants,label0
"Otra semana más de lluvias intensas y yo sigo cancelando todos mis compromisos, esta apatía me está haciendo perder amistades pero no puedo salir",2,weather,label2
"Mi hermano chico me volvió a esconder el control remoto de la tele, no madura más jaja",0,family,label0
"Me faltan solo cincuenta páginas para cerrar la trilogía, hoy la líquido seguro",0,books,label0
"Compré tres libros usados en la feria del parque a precio regalado, un hallazgo total",0,books,label0
El delay que mete el crossplay entre plataformas te deja vendidísimo en los duelos de corta distancia,1,gaming,label1
Me cuesta horrores retomar el hábito de la lectura después de haber estado dos meses sin tocar un solo libro,1,books,label1
Guardé el ticket de compra en la billetera por las dudas si tengo que pedir la garantía del cargador,0,shopping,label0
"el mozo nos trajo la cuenta rapidisimo, buena atencion",0,restaurants,label0
Tengo que instalar tres certificados digitales distintos para un trámite y el sistema me tira error de compatibilidad,1,technology,label1
"Me corrieron de la casa por mi orientación sexual, mi propia sangre me odia y prefiero estar muerto.",3,family,label3
"hoy toca pierna en el gym, va a doler mañana",0,sports,label0
armamos el arbol genealogico para un proyecto de mi hija,0,family,label0
Cerré la noche tejiendo un par de vueltas de crochet mientras miraba un documental en la tele,0,hobbies,label0
Ando re perseguido vigilando que el perro no se lama la herida de los puntos ahora que le saqué la venda,1,pets,label1
Espero que mañana el camino esté más despejado.,1,transportation,label1
Me siento atrapado en una rutina de cuidados que lleva meses y cada vez pesa más.,2,pets,label2
"Ya no aguanto las deudas de tanto comprar, siento que ya no quiero seguir viviendo así.",3,shopping,label3
Hoy tuve que limpiar todo porque el cachorro hizo un desastre.,1,pets,label1
Mi perro se pone nervioso cuando escucha fuegos artificiales.,1,pets,label1
"mi hermano se compro una consola nueva, dice que anda genial",0,technology,label0
Se me olvidó revisar el clima del destino y empacé mal la ropa.,1,travel,label1
"Me amenazaron con golpearme si voy mañana, estoy aterrorizado y siento que mi única escapatoria es morirme",3,school,label3
Quedó lista la lasaña de cuatro pisos para mandar al horno apenas caiga la visita esta noche,0,cooking,label0
Probamos comida callejera picante en Bangkok y casi nos sale humo por las orejas jaja pero valió la pena,0,travel,label0
Qué difícil fue terminar la última serie de ejercicios.,1,sports,label1
"Hace semanas que la toxicidad de la comunidad competitiva me tiene el ánimo por el piso, siento que perdí toda la confianza",2,gaming,label2
"Llevo cuidando a mi abuelo tres años sin ayuda, mi mente colapsó y la única escapatoria que veo es matarme.",3,family,label3
"La gata lleva dos días escondida detrás del lavarropas desde que llegaron las visitas, me parte el alma verla tan asustada",1,pets,label1
Estoy agotado de tener que revisar el celular incluso fuera del horario laboral.,2,technology,label2
"La deuda del restaurante me tiene sin dormir, ojalá no despertara.",3,restaurants,label3
"Mis papás me comparan todo el tiempo con mi hermana, me odio tanto que tomé la decisión de no despertar mañana.",3,family,label3
ayudando a mi abuelo a plantar el jardin nuevo,0,family,label0
Me quedé sin amigos por mudarme y ahora solo quiero no despertar.,3,friends,label3
El profesor dijo que practique más la técnica y tiene razón.,1,music,label1
Mi trabajo como desarrollador me consumió por completo.,3,programming,label3
Llevo meses intentando cuidar a un familiar enfermo y siento un cansancio constante.,2,family,label2
Compré comida para llevar porque tenía prisa.,0,restaurants,label0
Tengo que aguantarme las ganas de tirar el joystick contra el piso cuando me matan con camperos de esquina,1,gaming,label1
Desde hace tiempo siento que programo en automático y aun así avanzo muy poco.,2,programming,label2
La tensión en casa ya está afectando hasta mi forma de dormir.,2,family,label2
"Fracasé en la escuela de cine, mi corto fue un desastre y ya no le veo sentido a seguir viviendo.",3,movies,label3
el equipo local le gano al visitante 3 a 0,0,sports,label0
Todo el tiempo estoy pensando en las próximas compras y eso ya afecta mi descanso.,2,shopping,label2
El restaurante estaba tan lleno que había mucha espera.,1,restaurants,label1
El profesor de taller nos dio tres días para armar la pieza de metal y no llego ni a palos,1,school,label1
Estoy tan cansado de fallar que quisiera no despertar.,3,gaming,label3
No encontré estacionamiento cerca de la oficina.,1,transportation,label1
Mi gato murió hace días y sigo pensando que sería mejor no despertar.,3,pets,label3
tengo que traer los materiales para el proyecto de tecnologia,0,school,label0
"Trabajé lejos un año y volví a nada, ya no le veo sentido a seguir.",3,travel,label3
Me está costando mantener el mismo nivel de productividad y eso me frustra mucho.,2,work,label2
"Llevo semanas sin poder rendir en la facultad, no puedo retener un texto de tanto maquinar sobre la quimioterapia de mi mascota",2,pets,label2
Apenas entremos a la habitación del hotel te aviso así organizamos a qué lugar salir a cenar esta noche,0,travel,label0
"Qué tranquilidad transmite este pueblo cordillerano, hacía mil años que no dormía tan en paz",0,travel,label0
Llevo un mes sintiendo una opresión en el pecho terrible cada vez que piso una terminal de micros para ir a otra obra lejos,2,travel,label2
El emulador de Android está lentísimo hoy.,1,programming,label1
Compré una bolsa de 15 kilos de alimento balanceado con sabor a cordero para el cachorro,0,pets,label0
"Se me borró una branch local sin querer con cambios que no había pusheado al repo remoto, qué impotencia",1,programming,label1
Llevo meses llegando al trabajo completamente agotado por todo el tiempo que paso en el tráfico.,2,transportation,label2
Mi investigación salió mal y siento que todo terminó para mí.,3,university,label3
"Me aíslo de mis amigos de toda la vida para encerrarme a rankear solo, pero cada sesión me deja más deprimido y agotado",2,gaming,label2
"La caja del televisor llegó con un golpe tremendo en una esquina, ando con miedo de abrirlo y que esté astillado",1,shopping,label1
Llevo más de un mes despertándome sobresaltado cada media hora solo para tocarle el pecho a mi perrita y ver si sigue respirando,2,pets,label2
El agotamiento mental que me dejó este proyecto me hizo darme cuenta de que prefiero estar muerto antes que seguir,3,work,label3
El libro tiene un vocabulario bastante difícil.,1,books,label1
Llevo semanas intentando terminar un libro y siempre me quedo en el mismo capítulo.,2,books,label2
Me da vergüenza seguir intentando la carrera cuando siento que no sirvo para nada.,3,university,label3
Hoy manejar con tanta lluvia estuvo pesado.,1,weather,label1
"Me cuesta horrores hacerme entender en los restaurantes con el idioma local, me da vergüenza señalar la carta",1,travel,label1
Hoy discutí con un amigo por una tontería.,1,friends,label1
"Nos mandaron tarea de cuatro materias distintas para el mismo día, no sé por cuál empezar",1,school,label1
Me cuesta sonreírle a los clientes porque llevo meses sintiéndome agotado.,2,restaurants,label2
Hicieron un evento especial de fin de semana con doble experiencia para subir de nivel las armas,0,gaming,label0
"Mi familia me ignora y me siento invisible, ojalá no despertara.",3,family,label3
"El constante bombardeo de ofertas me hizo recaer, perdí mis ahorros otra vez y ya no soporto vivir así",3,shopping,label3
"Perdí el último micro de larga distancia por cinco minutos culpa del corte de calle en el centro, qué impotencia",1,transportation,label1
voy a probar una receta nueva de pasta esta noche,0,cooking,label0
Qué complicado es resolver este conflicto de dependencias.,1,programming,label1
Encontré un termo de acero inoxidable con pico cebador a mitad de precio en la tienda de camping,0,shopping,label0
Desde hace semanas siento que vivo solo para cumplir con el siguiente turno.,2,restaurants,label2
Mi internet decidió fallar en la peor partida posible.,1,gaming,label1
"Ya me aceptaron el protocolo de tesis, ahora toca empezar con el trabajo de campo",0,university,label0
El semáforo de la esquina principal quedó en intermitente y es un caos de bocinazos el cruce,0,transportation,label0
el grupo estuvo buenisimo con los memes hoy,0,friends,label0
"Me avisaron que no me renuevan el contrato y siento que hasta acá llegué, no tengo fuerzas para empezar de cero",3,work,label3
"Me bajaron del micro por no tener saldo en la tarjeta, la vergüenza fue tanta que ya no le encuentro el sentido a esta vida",3,transportation,label3
Subí todas las fotos del viaje a Kioto a un álbum compartido para que las vean cuando quieran,0,travel,label0
Estoy intentando retomar contacto con un amigo de hace años.,1,friends,label1
"Vengo durmiendo cuatro horas por noche por repasar anatomía patológica, tengo la vista detonada",1,university,label1
La ansiedad que me da abrir Discord y ver a mi equipo conectado me hace cerrar la aplicación y esconderme en la cama,2,gaming,label2
Perdí una pieza clave de las esquinas del rompecabezas de dos mil piezas y me quiero cortar las manos 🤦‍♂️,1,hobbies,label1
hoy terminamos de armar el mural para la feria del libro,0,school,label0
"Ya no quiero revisar los estados de cuenta, prefiero no estar más.",3,shopping,label3
"Qué embole este clima gris y lluvioso de domingo, ideal para quedarse mirando series en la cama",0,weather,label0
Llevo semanas postergando entregas porque me siento paralizado por el miedo a que todo lo que haga esté mal,2,school,label2
"No sé cómo corregirle la agresividad por posesión de comida al mestizo que rescatamos, me gruñe si me acerco al plato",1,pets,label1
Le metí cuarenta intentos a la prueba de tiempo en el simulador de carreras y sigo a medio segundo del oro,1,gaming,label1
El frío no me deja dormir y solo pienso en no despertar.,3,weather,label3
"Hoy el chat estuvo medio tenso por un malentendido, pero ya pasó.",1,friends,label1
acampando cerca del lago este finde,0,travel,label0
asando la carne mientras preparo la ensalada,0,cooking,label0
"Estoy agotado de decepcionar a mi familia por la universidad, quisiera desaparecer.",3,university,label3
Nos tomó un buen rato ponernos de acuerdo para la reunión.,1,friends,label1
Estoy intentando equilibrar la escuela con mis hobbies.,1,school,label1
Me está costando abrir el editor porque ya asocio programar con puro desgaste.,2,programming,label2
Cada tarea me toma el doble de tiempo porque mi mente se distrae todo el tiempo.,2,school,label2
Me frustra no tener la misma resistencia aeróbica que el resto del equipo en los piques largos,1,sports,label1
Ando con los ojos irritados de quedarme maratoneando toda la temporada de un tirón para esquivar spoilers,1,movies,label1
Compré dos señaladores imantados con dibujos de gatos para no doblar las esquinas de las hojas,0,books,label0
"Me corté un dedo cocinando y ni sentí dolor, mi cuerpo ya está adormecido por las ganas de morir",3,cooking,label3
"Quería relajarme escuchando música, pero el internet falló.",1,music,label1
La devolución está tardando más de lo que imaginaba.,1,shopping,label1
"Compré la entrada para el festival y la terminé regalando, salir de casa me cuesta un mundo y estar entre tanta gente saltando me aterra",2,music,label2
Mi vuelo se retrasó otra vez y toca esperar.,1,travel,label1
"Qué locura la fotografía de esa película japonesa, cada cuadro parece una pintura para encuadrar",0,movies,label0
Hace meses que la distancia con mis amigos también está afectando mi concentración.,2,friends,label2
"Ya no quiero seguir siendo una carga para mis papás, mejor desaparezco.",3,family,label3
"El bootcamp terminó y siento que fracasé, ya no veo salida.",3,programming,label3
mi pez se escondio detras de la planta de la pecera,0,pets,label0
Qué paciencia hay que tener para entrenar a un cachorro.,1,pets,label1
"Mi visa se venció y no puedo salir ni quedarme, ya no quiero estar aquí.",3,travel,label3
El proyecto DIY me tomó más tiempo del que imaginaba.,1,hobbies,label1
Llevate una campera liviana porque a la noche baja la temperatura un montón,0,weather,label0
"El timbre del recreo sonó cinco minutos tarde hoy, una bronca tremenda jaja",0,school,label0
"Fui un pésimo profesional y arruiné todo, les pido perdón pero ya no puedo lidiar con mi propia existencia",3,work,label3
terminamos el partido de padel bastante parejo,0,sports,label0
"Fracasé intentando mantener a mi familia unida, todo se rompió y yo me quiero ir con los pedazos.",3,family,label3
Puse el ventilador de techo al máximo pero tira puro aire caliente con este bochorno,0,weather,label0
Llevo semanas tratando de terminar una película y siempre la dejo pendiente.,2,movies,label2
El crucero atraca en la isla a las ocho de la mañana y tenemos tiempo libre hasta las seis de la tarde,0,travel,label0
Cada lunes siento una ansiedad enorme por regresar al trabajo y esto ya lleva bastante tiempo.,2,work,label2
comprando regalos de cumpleaños para toda la semana,0,shopping,label0
"Desde que falleció mi perro todo perdió sentido, ojalá pudiera desaparecer.",3,pets,label3
mi hermana mayor me ayudo a elegir la ropa para la entrevista,0,family,label0
pedi un didi porque no tenia ganas de manejar,0,transportation,label0
"Dejé la carrera de letras porque no puedo concentrarme, solo quiero desaparecer.",3,books,label3
"Ni el estreno de la secuela que esperaba hace años me da ganas de vivir, estoy listo para terminar con todo.",3,movies,label3
llevamos al perro de la familia al veterinario hoy,0,family,label0
"Esta fue mi última partida en Twitch, ya no me quedan fuerzas para sonreír frente a la cámara ni para seguir respirando",3,gaming,label3
"Antes esperaba los lanzamientos de mis artistas favoritos, ahora me da lo mismo.",2,music,label2
Otra vez el tráfico me hizo llegar tarde al trabajo.,1,transportation,label1
Hoy no avancé tanto con la pieza como esperaba.,1,music,label1
"Hace meses que soy incapaz de sostener una amistad nueva, el miedo constante al abandono me hace sabotear todo antes de empezar",2,friends,label2
"Llevo meses sin poder pisar una sala de cine, el simple olor a pochoclos me recuerda a la época en que era feliz y me detona ataques de llanto",2,movies,label2
"Se cayó la base de datos de pruebas porque alguien tiró un delete sin cláusula where, clásico novato 😂",0,programming,label0
Se me olvidó renovar el préstamo del libro.,1,books,label1
Después de otro despliegue fallido no veo ninguna salida.,3,programming,label3
Pasame la ubicación en tiempo real que esta zona tiene calles cortadas por obras,0,friends,label0
"Llevo meses sin poder dormir por los exámenes, mi cerebro colapsó y la única paz que encuentro es pensar en la muerte",3,school,label3
"Llevo meses con insomnio crónico pensando en el viaje del día siguiente, el miedo constante a quedarme dormido y perder el micro me enferma",2,transportation,label2
"Llevo semanas postergando la compra de mis medicamentos recetados porque tuve que priorizar la comida de la casa, me siento acabado",2,shopping,label2
Quién se suma a pedir una grande de muzza y una de fugazzeta mitad y mitad?,0,friends,label0
"Me olvidé de comprar queso rallado para los fideos, voy a tener que gratinar con manteca y orégano",0,cooking,label0
"Manejar la moto para el reparto se volvió una tortura cotidiana, vivo con el cuerpo acalambrado del estrés de esquivar camiones",2,transportation,label2
"Mis amigos armaron noche de películas y me excluyeron, soy tan invisible que a nadie le importará si me voy hoy.",3,movies,label3
el recital se extendio dos horas mas de lo planeado,0,music,label0
No calculé bien las porciones y sobró muchísima comida.,1,cooking,label1
"Perdí el olfato y el gusto, y con ellos las ganas de seguir viviendo.",3,cooking,label3
Se descompuso la licuadora justo cuando la necesitaba.,1,cooking,label1
probando micrfonos nuevos para grabar en casa,0,music,label0
Últimamente hacer la maleta otra vez me genera un cansancio enorme.,2,travel,label2
Llevo meses sintiéndome fuera de lugar incluso cuando estoy con mis amigos.,2,friends,label2
el comedor de la facu estaba repleto hoy,0,university,label0
Cada vez que voy al supermercado termino agotado emocionalmente.,2,shopping,label2
"El lugar estaba bonito, pero muy lleno.",1,restaurants,label1
Perder a mi compañero de tantos años me dejó pensando que ojalá no despertara mañana.,3,pets,label3
"Terminé una novela súper dramática ayer y ni se me movió un pelo, la anestesia emocional que cargo hace semanas me asusta",2,books,label2
Esperar tanto por un taxi todos los días ya me tiene muy desgastado.,2,transportation,label2
Las plataformas tienen miles de opciones y aun así no encuentro ganas de ver nada.,2,movies,label2
"Siento que el laboratorio de arquitectura de computadoras me quemó la cabeza, el código VHDL no compila y la ansiedad no me deja ni dormir",2,university,label2
Me molestó que dividieran la temporada en dos partes.,1,movies,label1
Mis fines de semana ya no se sienten como descanso porque ni mis hobbies disfruto.,2,hobbies,label2
Mis compañeros me hicieron sentir que no pertenezco aquí y ya no quiero seguir.,3,school,label3
Solo quiero una partida sin lag por favor 😂,1,gaming,label1
Cada maestro dejó tarea como si fuera la única materia.,1,school,label1
"ganamos 2 a 1, buen partido del equipo",0,sports,label0
"Antes amaba salir a cenar con ustedes, hace semanas que evito cualquier restaurante porque estar rodeado de gente me asfixia",2,restaurants,label2
Tengo contracturas tan severas en la espalda por la tensión acumulada que me cuesta hasta manejar para ir a la planta,2,work,label2
Puse un debounce en el input del buscador de React para no saturar el servidor con tantas llamadas,0,programming,label0
"Leer antes me calmaba, ahora siento que mi mente nunca descansa.",2,books,label2
Cerrar las puertas del local por última vez me dejó un vacío tan gigante que prefiero dejar de existir.,3,restaurants,label3
"Todos creen que exagero, pero siento que ya no vale la pena seguir.",3,school,label3
"componiendo una cancion nueva, todavia le falta la letra",0,music,label0
"No puedo parar de reprocharme lo lento que voy, la autoexigencia con el código me está consumiendo la poca estabilidad que me queda",2,programming,label2
"Prendo la consola y me quedo mirando el menú principal durante una hora sin ganas de tocar nada, el vacío es total",2,gaming,label2
Termino de jugar a las tres de la mañana con dolor de cabeza y una sensación de fracaso tan pesada que no puedo conciliar el sueño,2,gaming,label2
El verano interminable me tiene agotado y sin ganas de seguir.,3,weather,label3
"Últimamente el trabajo exige mucho, pero confío en que esto se calme pronto.",1,work,label1
"Se me quemaron las milanesas por atender al cartero en la puerta, me da una rabia tirar comida así",1,cooking,label1
Se me recalienta la laptop apenas abro dos pestañas pesadas y el ventilador parece una turbina de avión,1,technology,label1
Me encerré a leer por semanas y ya no quiero salir ni existir.,3,books,label3
"Siento una apatía enorme hacia este voluntariado en el exterior, vine con ilusiones y hoy me cuesta hasta salir de la habitación",2,travel,label2
Estuvimos jugando al Catán con expansión de ciudades y caballeros como tres horas seguidas anoche,0,hobbies,label0
Desde hace meses siento que nunca logro desconectarme de verdad.,2,technology,label2
El temporal de anoche cortó la luz en todo el barrio y ando re estresado esperando que vuelva para trabajar,1,weather,label1
"Hija, no te olvides de apagar las luces del living antes de irte a acostar",0,family,label0
Hoy terminé con los brazos bien cansados de tanto nadar.,1,sports,label1
Me dio nostalgia cruzarme con mi ex mejor amigo en la calle y que apenas nos saludemos con un gesto incómodo de cabeza,1,friends,label1
"Antes el modelismo era mi escape, ahora se siente pesado.",2,hobbies,label2
caminando hasta la parada porque no habia colectivos cerca,0,transportation,label0
Compré algo en línea y sigo esperando la confirmación.,1,shopping,label1
Me frustra haber perdido las ganas de cocinar porque era uno de mis pasatiempos favoritos.,2,cooking,label2
Ayer me dio una crisis de nervios frente al teclado cuando vi que los archivos de la empresa se habían corrompido otra vez,2,technology,label2
Mi entrenador ya perdió la fe en mí y creo que todos estarían mejor sin mí.,3,sports,label3
reservando la excursion para conocer las cataratas,0,travel,label0
"Cuidar mi alimentación era súper importante para mí y llevo medio año comiendo basura por la angustia que cargo, me odio por eso 😔",2,cooking,label2
Me desespera que en local todo funcione impecable pero cuando lo subo al staging revienta por todos lados,1,programming,label1
Paso más tiempo buscando qué ver que viendo algo completo.,2,movies,label2
Me hubiera gustado que me avisaran antes del cambio de planes.,1,friends,label1
Con tanta lluvia el camino estuvo lleno de charcos.,1,weather,label1
"Cada alimento que preparo me da asco, solo quiero desaparecer.",3,cooking,label3
Entre las actividades de los niños ya no sé ni qué día es.,1,family,label1
Le regalé un cómic de superhéroes a mi sobrino por el cumple y se lo devoró en dos horas,0,books,label0
"Llevo un mes faltando a la facultad porque los problemas de salud de mi mamá me absorben toda la energía, me siento al borde del colapso",2,family,label2
"Llevo un mes sin editar los videos de mis viajes, la computadora me da ansiedad y el hobby se volvió una carga insoportable",2,hobbies,label2
la mochila hoy pesa una tonelada con todos los libros,0,school,label0
Recomienden temas de synthwave con buena vibra retro para manejar de noche,0,music,label0
Se pinchó una llanta de la bici y tuve que caminar un tramo.,1,transportation,label1
La humedad está insoportable estos días.,1,weather,label1
Por fin salí del colegio pero llego a casa y me espera otra montaña de tareas pendientes 😩,1,school,label1
Mañana tengo examen de matemáticas y sí ando nervioso.,1,school,label1
probando el nuevo mapa que sacaron esta semana,0,gaming,label0
toda la familia viaja junta este verano por primera vez en años,0,family,label0
"La cocina era mi refugio y ahora huele a soledad y fracaso, adiós a todos",3,cooking,label3
"Mi familia gastó lo que no tenía para mis estudios y yo les fallé, mi vida ya no tiene valor, perdón por todo",3,school,label3
"Mis amigos me invitan a jugar juegos de mesa y siempre cancelo, no soporto fingir interés cuando por dentro estoy totalmente roto",2,hobbies,label2
"No pude costear la cirugía de mi perrito y murió sufriendo, soy un asco de ser humano y la única solución es que deje de respirar",3,pets,label3
"Soy el bicho raro del salón y siempre lo seré, ojalá mañana no abra los ojos",3,school,label3
Desde que empezó el ciclo escolar solo pienso que ojalá no despertara mañana.,3,school,label3
Entre los gastos del veterinario y los cuidados diarios me siento muy desgastado.,2,pets,label2
"Soy proyeccionista y veo la misma peli mil veces, ya no le veo sentido a nada.",3,movies,label3
Me tiene con dolor de cabeza pensar en cómo recomponer la onda con mi amiga después de la pelea del domingo,1,friends,label1
buscando alojamiento cerca del centro para el proximo viaje,0,travel,label0
"Todos avanzan con las nuevas tecnologías menos yo, me quedé obsoleto y mi única opción es dejar este mundo",3,technology,label3
Paso más tiempo pensando en empezar mi hobby que realmente haciéndolo.,2,hobbies,label2
probando gemini para ver que tal responde comparado con otras ia,0,technology,label0
Llegué al trabajo con la camisa empapada de transpiración después de pelear por subir al subte en hora pico,1,transportation,label1
"La vela de cera de soja me quedó con un pozo enorme en el centro al enfriar, me da bronca hacerla de nuevo",1,hobbies,label1
"Siento una opresión constante trabajando en el mostrador, veo entrar gente y me da una desesperación tremenda por el cansancio acumulado",2,restaurants,label2
"Las películas ya no me distraen del dolor, solo quiero que todo termine.",3,movies,label3
Cada vez manejo con más nervios y eso ya me deja agotado desde temprano.,2,transportation,label2
Ando re ansioso repasando las fórmulas de cinemática antes de que toque el timbre de entrada,1,school,label1
"El atletismo era lo único que me sostenía, ahora no quiero seguir.",3,sports,label3
"Se me borraron todos los apuntes y notas al pie que tenía guardados en la aplicación del celular, qué fastidio",1,books,label1
El profe de taekwondo nos tomó examen de formas y pasé a cinturón verde con buena nota,0,sports,label0
"Estoy solo en un hostal sin poder pagar, ya no quiero vivir así.",3,travel,label3
Mi gata me acompañó durante años y ahora siento que con ella también se fue mi vida.,3,pets,label3
El repartidor me llamó recién diciendo que llega en cinco minutos con las bolsas del súper,0,shopping,label0
Tardamos como cuarenta minutos en salir del estacionamiento subterráneo del recital,0,transportation,label0
Paso más tiempo moviéndome que descansando y ya lo estoy resintiendo bastante.,2,transportation,label2
Me aislé por completo de mis amigos los fines de semana porque el solo hecho de pensar en viajar media hora me detona un rechazo visceral,2,transportation,label2
"Renuncié al equipo nacional porque la presión me destrozó, pero ahora me doy cuenta de que no sé vivir sin eso, adiós",3,sports,label3
Termino cada jornada con los ojos inyectados en sangre y un dolor de cabeza que no cede con ningún analgésico,2,programming,label2
Quería hacer pizza casera y la masa no cooperó.,1,cooking,label1
"el bajista de la banda es buenisimo, hay que verlo en vivo",0,music,label0
"Quedó trabada la inscripción en el sistema y me tiró error de servidor, clásico del primer día jaja",0,university,label0
Hace tiempo que ya no busco a mis amigos porque siento que no tengo fuerzas para socializar.,2,friends,label2
"Me acaban de despedir de la startup, siento que fracasé como programador y como persona, ya no tiene sentido seguir acá",3,programming,label3
me becaron para el intercambio del año que viene,0,university,label0
Estoy de mochilera pero por dentro solo quiero desaparecer.,3,travel,label3
"Manejar de noche me da muchísima depresión, veo la ruta vacía y siento que mi vida es igual de oscura, ya no quiero seguir",3,transportation,label3
Mi cachorro tiene demasiada energía y termino agotado.,1,pets,label1
el perro se hizo amigo del gato del vecino,0,pets,label0
preparando el mate mientras cocino el almuerzo,0,cooking,label0
El traslado diario me consume tanto que hasta los fines de semana sigo cansado.,2,transportation,label2
Me dio mucha impotencia ver cómo nos empataron en la última jugada de pelota parada por una distracción,1,sports,label1
me anote para la carrera de diez kilometros del mes que viene,0,sports,label0
"Quería terminar temprano, pero la receta llevaba más pasos de los que imaginaba.",1,cooking,label1
No respetaron la reservación que habíamos hecho.,1,restaurants,label1
la tienda tenia bastante gente hoy por las rebajas,0,shopping,label0
"Se me trabó el cinturón de seguridad trasero, voy a tener que tirar fuerte para que destrabe",0,transportation,label0
"Por fin terminó este turno interminable, mañana toca volver pero hoy no quiero escuchar nada de laburo",1,work,label1
Qué mala suerte que quitaron esa película del catálogo.,1,movies,label1
No encuentro el modelo que estaba buscando.,1,shopping,label1
"Mi interés por la astronomía se esfumó, salgo al patio de noche y solo siento una soledad y un cansancio que me hunden",2,hobbies,label2
Pedí comida por la app y el repartidor viene con retraso.,1,restaurants,label1
Tengo que leer setenta páginas de epistemología para mañana y el vocabulario que usa es infumable,1,university,label1
"La cobaya está re quieta en un rincón y casi no toma agua del bebedero, me tiene bastante intranquilo",1,pets,label1
Me desvelé anoche completando las encuestas para la tesina y hoy en clase me caía de sueño en el banco,1,university,label1
Tardaron tres años en sacar la segunda parte y la resolvieron en dos horas sin explicar nada,0,movies,label0
Vino inspección de bromatología al restaurante y nos felicitaron por la limpieza de la cámara,0,work,label0
armando la lista de compras para el super de hoy,0,shopping,label0
Cada vez que veo las bolsas de cosas que compré me dan ganas de desaparecer.,3,shopping,label3
Últimamente vivo pensando en cómo resolver los conflictos familiares y ya no descanso.,2,family,label2
El entrenador nos mandó a hacer pasadas de 400 metros en la pista de atletismo,0,sports,label0
"Siento una desconexión total con mi propia vida, desarmar y armar valijas cada cuatro días me convirtió en una sombra vacía",2,travel,label2
"Dejé el acuario que tanto amaba abandonado, no merezco vivir si ni siquiera puedo cuidar unos peces.",3,hobbies,label3
"Programar sigue siendo mi trabajo, pero desde hace mucho tiempo cada día me cuesta muchísimo más hacerlo.",2,programming,label2
"Antes hablaba todos los días con ellos, ahora pasan semanas sin que responda.",2,friends,label2
"Soy crítico de cine y ya nada me importa, prefiero desaparecer.",3,movies,label3
"Hace semanas que clavo el visto en el grupo del laburo, el solo pensar en el restaurante me genera un rechazo visceral que me deja sin aire",2,restaurants,label2
Me aíslo de mi grupo de rol de los sábados porque me da vergüenza que me vean tan apagado y sin chispa para jugar,2,hobbies,label2
"Otra vez me insultaron frente a los clientes, perdí la dignidad y las ganas de existir, adiós a todos",3,work,label3
Hace meses que escuchar a mis artistas favoritos ya no despierta lo que antes sentía.,2,music,label2
"Reprobé programación avanzada y pierdo la beca alimenticia, sin eso no soy nada, ojalá me lleve la muerte",3,university,label3
Estoy haciendo la maestría y siento que el desgaste emocional ya me alcanzó.,2,university,label2
"La lesión ya sanó, pero sigo sin recuperar la confianza para competir.",2,sports,label2
el perico canta cada vez que pongo musica,0,pets,label0
tejiendo en el sillon mientras miro una serie,0,hobbies,label0
Avisale a papá que el auto ya está listo en el lavadero para que lo retire cuando vuelva,0,family,label0
Me fue re mal en el simulacro de prueba y me da miedo defraudar a mis papás con el boletín,1,school,label1
Entre decidir qué pedir se nos fue un buen rato.,1,restaurants,label1
"Toda mi vida giraba en torno a la raqueta, sin poder jugar no sé quién soy, ojalá me duerma y no despierte más",3,sports,label3
No me deja inscribirme a la optativa de diseño porque se llenó el cupo en diez segundos,0,university,label0
Hace semanas que evito contestar los mensajes familiares por el pánico a que me pidan colaborar con una compra que no puedo pagar,2,shopping,label2
"El molde de silicona se rasgó cuando quise desmoldar el cenicero de cemento, me quiero matar",1,hobbies,label1
"La soledad me está devorando por dentro, mis viejos amigos ni se acuerdan de que existo y yo ya no quiero existir.",3,friends,label3
"Perdí todos mis ahorros en ofertas tontas, ya no tiene sentido continuar.",3,shopping,label3
Activé el modo oscuro en todas las aplicaciones para no cansar tanto la vista de noche,0,technology,label0
hoy jugamos el partido interescolar de basquet,0,school,label0
el arbitro cobro un penal re dudoso hoy,0,sports,label0
el equipo cerro el proyecto antes de la fecha limite,0,work,label0
Nos cruzamos con unos chicos en el hostel de Córdoba y pegamos re buena onda para salir hoy,0,friends,label0
Nos costó ponernos de acuerdo para la comida familiar.,1,family,label1
Entre reservar vuelos y hoteles terminé mentalmente cansado.,1,travel,label1
Estoy tratando de acostumbrar a mi gato a su nuevo rascador.,1,pets,label1
"Siento que el ajedrez me quema la cabeza, me anoto en torneos online y abandono las partidas por los ataques de ansiedad",2,hobbies,label2
"Últimamente no logro seguir el hilo de ninguna trama, mi cerebro está tan quemado por el estrés que me olvido de lo que vi a los cinco minutos",2,movies,label2
"Llevo meses sintiendo que el deporte de alta competencia me quebró el alma, sigo yendo por inercia pero estoy completamente derrotado",2,sports,label2
jugamos voley en la playa toda la tarde,0,sports,label0
El postre que quería ya se había terminado.,1,restaurants,label1
No alcancé a copiar todo el resumen del pizarrón y el viernes tenemos prueba sorpresa fija,1,school,label1
Me da bronca haber comprado otro libro en la feria sabiendo que tengo diez pendientes juntando polvo en la repisa,1,books,label1
"No puedo imaginar un futuro fuera de las competencias, ya no quiero vivir.",3,sports,label3
"Les pedí ayuda y se reyeron pensando que era broma, nadie me toma en serio, esta noche termino con esto.",3,friends,label3
"Compré dos paquetes de pañales medianos en oferta para mi sobrinita, después te los acerco",0,family,label0
Ando con los nervios de punta porque mañana sale mi primer vuelo solo y tengo miedo de perder los trámites de aduana,1,travel,label1
La carrera me consumió por completo y siento que sería mejor no estar aquí.,3,university,label3
Pedí un Uber con baúl grande para llevar la bicicleta al taller del centro,0,transportation,label0
Estoy leyendo un libro de historia y hay demasiados nombres para recordar.,1,books,label1
"Ojalá no despertara mañana, estoy agotado de fingir que la música me hace feliz.",3,music,label3
"el disco nuevo esta realmente bueno, lo escuche entero",0,music,label0
"Ayer me tuve que sentar en el piso del depósito del restaurante porque la ansiedad me estaba ahorcando, llevo meses al límite de mis fuerzas",2,restaurants,label2
me quedaron las piernas destrozadas despues del entreno de ayer,0,sports,label0
"No puedo pagar la renta ni la comida porque me la pasé comprando, ojalá pudiera desaparecer.",3,shopping,label3
Tengo que llevar la moto al taller el jueves para cambiarle el aceite y tensar la cadena,0,transportation,label0
Me dio una rabia bárbara que cancelaran la serie dejándola con un final abierto re turbio,1,movies,label1
La nube no sincroniza mis archivos y ya me desesperé un poco.,1,technology,label1
Tengo que afilar la cuchilla de chef porque para filetear el pescado crudo no corta nada,0,cooking,label0
"esta lloviendo de nuevo, que pesado",0,weather,label0
Mi aplicación consume más memoria de la que esperaba.,1,programming,label1
La película duró muchísimo y se me hizo pesada.,1,movies,label1
"Ya no entro a las tiendas con tranquilidad, siempre salgo con más preocupación.",2,shopping,label2
"El cine me enseñó que el dolor a veces no se supera, y como ya no veo salida me despido de todos.",3,movies,label3
Me satura que en cada actualización metan un bug visual nuevo que te baja los fps a 20 de la nada,1,gaming,label1
"Me tocó coordinar la guardia del fin de semana largo, al menos pagan doble la jornada",0,work,label0
"Ayer escondí las bolsas de ropa abajo de la cama para que mi pareja no las vea, no puedo frenar las compras y me odio por eso",2,shopping,label2
"Toda la plata que gané este mes la reventé en un shopping, lloro abrazado a las bolsas sabiendo que esta es mi última noche",3,shopping,label3
"Siento que armar el itinerario para tantas personas me superó, nadie se pone de acuerdo con qué visitar primero",1,travel,label1
"esta re nublado hoy, parece que va a llover",0,weather,label0
"Me saltó el aviso de poco espacio en disco, voy a tener que vaciar la carpeta de descargas",0,technology,label0
"Todo mi círculo literario me dio la espalda por una crítica, me dejaron solo y tomé la firme decisión de acabar con todo",3,books,label3
"los servers estan caidos otra vez, no puedo entrar",0,gaming,label0
"La cantidad de lecturas de la maestría me sobrepasó, vivo con un nudo en el estómago y ataques de ansiedad al ver los apuntes",2,books,label2
Me cuesta muchísimo empezar la tarea aunque sé que tengo que hacerla.,2,school,label2
armando los mocks para probar el modulo sin el server real,0,programming,label0
Una amiga se molestó por un mensaje que entendió mal.,1,friends,label1
"Me la paso llorando de camino a la oficina en el colectivo, siento que la exigencia de este lugar me sobrepasó hace rato",2,work,label2
el paquete llega mañana segun el seguimiento,0,shopping,label0
"Otra vez se cayó el sistema por mi culpa y nos costó miles, ojalá un accidente me lleve hoy",3,technology,label3
"Le pido perdón a mi esposa pero no soporto la depresión posparto, ella y el bebé estarán mejor sin esta loca.",3,family,label3
aprendiendo a hacer jabones caseros,0,hobbies,label0
"Arruiné el despliegue del servidor y le costé millones a la empresa, no merezco vivir con esta culpa",3,technology,label3
cambiando de proveedor de delivery porque el otro tardaba mucho,0,shopping,label0
"Me cuesta horrores mantener la atención en las reuniones con clientes, me siento totalmente desconectado de la realidad",2,work,label2
Waze me mandó por una calle empedrada para esquivar el corte de la avenida y me ahorré 15 minutos,0,transportation,label0
"Ya no recuerdo lo que era disfrutar una partida con amigos, ahora todo se volvió una obligación amarga que me agota mentalmente",2,gaming,label2
"El paquete llegó hoy, pero le falta un accesorio.",1,shopping,label1
"Me echaron de la pizzería por llegar tarde debido a la depresión, no sirvo para trabajar ni para vivir, adiós.",3,restaurants,label3
"Soy extra en películas y nadie nota que existo, mejor desaparezco.",3,movies,label3
Perdí a mi gato por una enfermedad y siento que ya no tiene sentido levantarme.,3,pets,label3
practicando guitarra acustica en el patio,0,hobbies,label0
"Llevo semanas en la carretera y ya no aguanto, solo quiero que todo termine.",3,travel,label3
"Me encierro con el aire acondicionado todo el fin de semana porque salir con este sol me da fobia, me estoy aislando por completo",2,weather,label2
se me olvido bajar el fuego y casi se quema la salsa,0,cooking,label0
"Qué manera de reírnos con las anécdotas del viaje a la costa, nos faltó filmar eso",0,friends,label0
Hoy la clase de spinning estuvo pesadísima.,1,sports,label1
"Antes disfrutaba pasar tiempo en casa, ahora casi siempre termino con mucha tensión.",2,family,label2
"Llego a casa y sigo pensando en las cosas que dejé pendientes en el taller, no logro desconectar",1,work,label1
Me faltó un ingrediente y tuve que cambiar la receta sobre la marcha.,1,cooking,label1
Ando con la cabeza quemada de calcular conversiones de divisas cada vez que tengo que comprar una botella de agua,1,travel,label1
Últimamente cierro la laptop y sigo pensando en los errores durante horas.,2,technology,label2
"Todos avanzan menos yo, siento que mi ausencia sería un alivio.",3,university,label3
Cada competencia me genera tanta presión que después paso días dándole vueltas.,2,sports,label2
mi perro espera en la puerta todos los dias a que vuelva,0,pets,label0
"Estoy cansado de fingir que puedo con todo, ya no quiero seguir viviendo.",3,programming,label3
Me angustia un poco ver a mi mamá tan sobrecargada de trabajo y sentir que no puedo ayudarla más,1,family,label1
"Me mandaron el talle equivocado por segunda vez consecutiva en la misma tienda, parecen joda de verdad",1,shopping,label1
"Leo para no pensar en el suicidio, pero cada vez pienso más en desaparecer.",3,books,label3
Perdí mi oportunidad olímpica y creo que ya no tiene sentido vivir.,3,sports,label3
Mi familia quiere salir el domingo y todavía no nos ponemos de acuerdo.,1,family,label1
"Quedó lista la paginación basada en cursor para el feed, ahora carga al toque sin saltos de contenido",0,programming,label0
"Me regalaron acuarelas nuevas para ver si me animaba, pero la depresión me tiene tan mal que ni siquiera abrí la caja",2,hobbies,label2
Pasá por el pet shop a comprar piedritas sanitarias aglomerantes antes de que cierren,0,pets,label0
"La frustración de arruinar otra escultura me hizo dar cuenta de que soy un desperdicio de oxígeno, me voy de este mundo.",3,hobbies,label3
El aire acondicionado del aula 402 no anda y con 35 grados es inhumano estar acá adentro 🥵,0,university,label0
La lluvia hizo que llegara tarde al trabajo.,1,weather,label1
"No me acostumbro a las zapatillas nuevas para correr, me sacaron ampollas y me duele cada zancada",1,sports,label1
"No entiendo cómo hacen mis compañeros para seguir el ritmo, yo siento que me estoy ahogando entre tantas materias",2,school,label2
"Llevo dos meses con taquicardia cada vez que tengo que ir al súper, ver los precios por las nubes me revuelve el estómago",2,shopping,label2
Cada directo termino completamente exhausto aunque haya salido bien.,2,gaming,label2
practicando surf los fines de semana en la playa,0,hobbies,label0
"Criar a un adolescente problemático me consumió el alma, fracasé como madre y mi única paz será morir.",3,family,label3
"Mis amigos hicieron planes sin mí otra vez, mejor desaparezco para siempre.",3,friends,label3
No logro cumplir con los clientes y quisiera desaparecer.,3,programming,label3
Esta semana me ha tocado ayudar más con las tareas de la casa.,1,family,label1
"Leo en voz alta para no llorar, pero ya no le veo sentido a seguir.",3,books,label3
"Siento una opresión en el pecho constante cada vez que veo los precios remarcarse en las góndolas, siento que me estoy ahogando",2,shopping,label2
El veterinario me recomendó ponerle gotas limpiadoras en las orejas caídas una vez por semana,0,pets,label0
"El insomnio me obliga a ver tres películas seguidas por noche, soy un zombi al día siguiente y el agotamiento ya me está afectando el trabajo",2,movies,label2
mi papa me pregunto como usar el traductor del celular,0,technology,label0
"Me da pánico quemar las cosas porque tengo la cabeza en cualquier lado, hace meses que no me puedo concentrar ni para hacer un huevo frito",2,cooking,label2
Pasame la foto del cuadro sinóptico de la pizarra que se me acabó la tinta de la lapicera azul,0,school,label0
"Terminé el triatlón vomitando sangre y sentí que ojalá hubiera sido letal, estoy harto de exigirme al límite por nada",3,sports,label3
Hoy desperté con mucho sueño para ir a clases.,1,school,label1
Me frustra no poder plasmar en el papel exactamente la idea que tengo en la cabeza para la historieta,1,hobbies,label1
"Tuve que devolver la comida en el mostrador porque no me pasaba la tarjeta, perdí la poca dignidad que me quedaba y me quiero matar",3,shopping,label3
Le cambié la pasta térmica a la consola vieja porque parecía una turbina de avión prendida,0,gaming,label0
"Ya ni disfruto cuando llega un pedido, solo pienso en cuánto falta por pagar.",2,shopping,label2
"No compren la versión deluxe que el dlc que trae dura media hora nomás, no vale la pena",0,gaming,label0
"Trabajo en un bar y el ruido ya no me deja pensar, solo quiero morir.",3,restaurants,label3
Estoy repasando una obra para la clase de literatura y sí está pesada.,1,books,label1
"El pasaje subió de nuevo y ya no puedo mandar a mis hijos a la escuela, fracasé como madre y me voy a quitar la vida",3,transportation,label3
"El ciberacoso que sufro en redes me arruinó la vida, ya tomé la decisión de no seguir sufriendo, adiós a todos",3,technology,label3
La edición que compré tiene la letra muy pequeña.,1,books,label1
Compré un adaptador múltiple con tres puertos USB y lector de tarjetas para la notebook,0,technology,label0
"Cada día es peor con las deudas, ojalá pudiera no despertar.",3,shopping,label3
"Ayer me dio una crisis de angustia en el supermercado pensando en las deudas de mi familia, esta presión me está asfixiando",2,family,label2
Avisen a qué hora arranca la función para encontrarnos diez minutos antes en la boletería,0,movies,label0
Tengo el hombro medio cargado del saque de tenis y me da miedo forzarlo antes del interclubes,1,sports,label1
la clase de anatomia tiene un monton de contenido nuevo,0,university,label0
"Hice lasaña para mis padres como despedida disimulada, espero que al menos la disfruten",3,cooking,label3
"perdi la final por poco, la proxima la saco seguro",0,gaming,label0
Me da miedo contar cómo me siento porque creo que nadie entendería que ya no quiero vivir.,3,school,label3
"Hace un mes que los problemas económicos de la casa me generan un insomnio terrible, paso las noches en vela haciendo cuentas que no cierran",2,family,label2
"mi hermana se enoja si le toco sus cosas jaja, siempre igual",0,family,label0
Ya son meses de sentirme agotado cada vez que hago cuentas antes de salir a comprar.,2,shopping,label2
Averigüé precios de placas de captura de video para transmitir las partidas en directo,0,technology,label0
Avisale a tu mamá que la reunión de padres se pasó para las 18 hs en el zoom,0,school,label0
Qué impotencia pagar propina por compromiso cuando la atención fue un desastre de principio a fin,1,restaurants,label1
"me compre un teclado mecanico nuevo, hace bastante ruido pero me gusta",0,technology,label0
La combi que va al parque industrial sale puntual a las 6:15 desde la plaza central,0,transportation,label0
"Siento que la industria tech es una máquina que me trituró y me tiró, renuncio a esta vida de una vez por todas",3,technology,label3
"El silencio de la casa me recuerda que ella ya no está, ojalá no despertara.",3,pets,label3
tengo que armar el power para la exposicion del jueves,0,university,label0
Hoy me quedé en la biblioteca hasta tarde terminando un informe.,1,university,label1
"Llevo un mes sin poder concentrarme en los subtítulos, leo las palabras pero no entiendo qué está pasando en la pantalla",2,movies,label2
Hace meses intento disfrutar una noche de películas y nunca lo consigo.,2,movies,label2
Tengo que renovar el préstamo del manual de patología antes de que me bloqueen en la biblio,0,university,label0
El café que sirven ahí está muy rico.,0,restaurants,label0
"Volví a vaciar mi cuenta de madrugada, soy un fraude y mi única paz será dejar este mundo",3,shopping,label3
"Intento concentrarme, pero solo pienso que ya no vale la pena continuar.",3,university,label3
Llevo meses sin poder salir por las lluvias y ya no le veo sentido a nada.,3,weather,label3
probando pytorch para el modelo de clasificacion,0,programming,label0
Paso días comiendo cualquier cosa porque cocinar me deja completamente agotado.,2,cooking,label2
"El estrés acumulado por los sprints me está provocando migrañas crónicas, ya no tengo energía para razonar la lógica del sistema",2,programming,label2
El programa tarda demasiado en abrir archivos grandes.,1,technology,label1
"El frío polar congeló mis últimas esperanzas, les dejo este mensaje porque ya no voy a seguir.",3,weather,label3
Me da mucha bronca que el seguro de viaje no me quiera cubrir la consulta médica por una gastroenteritis básica,1,travel,label1
el servicio estuvo un poco lento pero la comida valio la pena,0,restaurants,label0
Nos tomó un buen rato decidir quién hacía cada pendiente de la casa.,1,family,label1
Se equivocaron de mesa y le entregaron nuestro pedido a otra gente que se dio cuenta después de tocar la comida,1,restaurants,label1
Pensé que el producto era más grande según las fotos.,1,shopping,label1
"Siento que no llego con la maqueta de geografía, se me despegó todo el relieve con la plasticola",1,school,label1
El invierno me tiene tan deprimido que ya no quiero seguir.,3,weather,label3
El olor de la cocina me da náuseas y ganas de no estar más.,3,restaurants,label3
"Me despidieron por un fallo de seguridad que dejé pasar, no me quedan motivos para levantarme y lo mejor es dejar de existir",3,technology,label3
"mi perro durmio en mi cama toda la noche, ocupo todo el espacio",0,pets,label0
Ver comer a parejas felices desde la barra mientras yo estoy destrozado me confirma que ya no tengo lugar aquí.,3,restaurants,label3
llegue al aeropuerto con tiempo de sobra hoy,0,transportation,label0
"La música en vivo me da ansiedad, ya no quiero estar en ningún escenario ni en el mundo.",3,music,label3
"llegue tarde otra vez, ya es mi marca registrada",0,friends,label0
Qué bronca cuando ponés un producto en el carrito a un precio y cuando vas a pagar te clavan un costo de envío ridículo,1,shopping,label1
cambie de ropa porque hace mas calor de lo que pensaba,0,weather,label0
armamos el grupo para el viaje de egresados,0,friends,label0
el chat no para de sonar desde la mañana,0,friends,label0
"El miedo a manejar en ruta de noche me tiene con un estrés constante, se me nubla la vista y siento que en cualquier momento pierdo el control",2,transportation,label2
esta soleado pero corre un viento bastante fresco,0,weather,label0
"Me desmayé en medio del servicio por no comer y se burlaron de mí, mi vida es un chiste cruel y quiero terminarla.",3,restaurants,label3
"No logro aceptar que nunca volveré a competir, ya no veo salida.",3,sports,label3
No sabía que esa librería había cambiado tanto en la nueva versión.,1,programming,label1
asando verduras a la parrilla para el asado del domingo,0,cooking,label0
"esta nevando en las sierras, dicen que va a durar unos dias",0,weather,label0
"Lloro frente al monitor todas las madrugadas, este código es un desastre igual que mi vida y ojalá un accidente me lleve hoy",3,programming,label3
Ayer cometí errores graves en el informe de viaje por estar con la cabeza destruida de tantas horas de vuelo sin dormir,2,travel,label2
se me acabó la sal justo a la mitad de la receta,0,cooking,label0
armamos un viaje corto para el finde largo,0,friends,label0
Me siento constantemente presionado por mejorar y eso ya me quitó la diversión.,2,gaming,label2
me anote para rendir el final en la primera fecha,0,university,label0
Tengo que ir a la reunión familiar obligatoria del domingo y la verdad no tengo energía para caretear simpatía,1,family,label1
"La apatía me ganó por completo, dejé todo en pausa porque ver una película me detona una fatiga mental que me tumba en la cama",2,movies,label2
"fui al karaoke con mis amigas, nos reimos un monton",0,music,label0
"Perdí mi empleo de albañil por las lluvias continuas y ya no puedo alimentar a mis hijos, mejor me voy.",3,weather,label3
Qué impotencia pagar una entrada de cine carísima para fumarme a dos pendejos hablando a los gritos toda la función,1,movies,label1
"Ya ni siquiera celebro cuando mejoro un poco, sigo sintiéndome agotado.",2,sports,label2
"Siento que mi amistad con él se volvió re tóxica y dependiente, pero me da tanto pánico quedarme solo que aguanto sus maltratos",2,friends,label2
Nomás termino una tarea y ya aparecen tres más 😅,1,work,label1
Cada vez que veo la cuenta de la renta del local pienso en no despertar.,3,restaurants,label3
"El vuelo salió puntual a las 6:40 am, ahora a disfrutar diez días de desconexión completa 🎉",0,travel,label0
El chef me dijo que no sirvo y ahora solo quiero desaparecer.,3,restaurants,label3
"Tuve que viajar parado todo el viaje interurbano en el pasillo apretado entre valijas, terminé con la espalda rota",1,transportation,label1
Llevo meses sintiéndome demasiado cansado para cocinar después del trabajo.,2,cooking,label2
"Evito salir a comer con mis papás porque sé que mi amargura les va a arruinar la salida, la verdad es que ya nada me da placer",2,restaurants,label2
Avisen si alguno tiene experiencia configurando Nginx como reverse proxy para balanceo de carga,0,programming,label0
quiero conocer oaxaca el año que viene,0,travel,label0
Ya quiero escuchar el nuevo sencillo que anunciaron.,1,music,label1
cambiando la app de notas porque la anterior se puso lenta,0,technology,label0
"Vendí mi cámara de cine para poder comer, perdí mi pasión y mi única salida es la muerte.",3,movies,label3
Me da mucha bronca que las plataformas obliguen a cambiar la clave cada tres meses con requisitos imposibles,1,technology,label1
"discutimos sobre que pelicula ver en familia, ganamos los chicos",0,family,label0
"Compré un jean online guiándome por la tabla de medidas y me quedó gigantesco de cintura, qué fastidio",1,shopping,label1
Me cuesta muchísimo concentrarme durante el turno por el cansancio acumulado.,2,restaurants,label2
El chat del grupo está lleno de mensajes y ya me perdí 😂,1,friends,label1
"Siento que el transporte público me robó la dignidad, viajar hacinado como ganado todos los días me dejó sin ganas de arreglarme ni de salir",2,transportation,label2
Siento una fatiga crónica tan pesada de lidiar con los cuidados paliativos de mi perro que ya no tengo energía para hablar con nadie,2,pets,label2
"Coseché los primeros tomates cherry de la huerta del balcón, salieron dulces y re jugosos",0,hobbies,label0
"Llevo semanas viviendo con mi ex por los chicos porque no tenemos plata para mudarnos, el ambiente es tan tóxico que no puedo respirar",2,family,label2
El ampli de la viola me empezó a tirar una descarga con ruido blanco insoportable y tengo toque el fin de semana,1,music,label1
Cada vez que veo el calendario de entregas me entra una ansiedad horrible.,2,university,label2
Se me hace pesado levantarme tan temprano todos los días.,1,school,label1
Las ofertas se terminaron muy rápido.,1,shopping,label1
"Siento que mi vida se reduce a ser explotado en el taller, estoy harto y hoy decidí que no voy a seguir sufriendo",3,work,label3
Mi tía siempre hace comentarios re desubicados sobre mi cuerpo en las cenas y me deja re bajón,1,family,label1
Desde hace meses cocinar dejó de ser un gusto y se volvió otra carga.,2,cooking,label2
"Reparar el auto me cuesta más de lo que gano en un mes, estoy en la ruina total y lo mejor es que ya no esté acá",3,transportation,label3
El cuchillo ya no corta bien y todo tarda más.,1,cooking,label1
Me cuesta horrores volver a tomar confianza para saltar después del esguince de tobillo que tuve el mes pasado,1,sports,label1
Me tiene agotado tener que desparasitar a los cuatro perros al mismo tiempo y desinfectar todo el patio,1,pets,label1
Todo lo relacionado con la escuela me hace pensar que rendirme sería más fácil.,3,school,label3
Llevo meses sintiendo que la música dejó de emocionarme.,2,music,label2
Mi perrita requiere tantos cuidados que siento que ya no tengo tiempo para recuperarme yo.,2,pets,label2
Mi mejor amiga se fue al extranjero y siento que ya no tengo razones para vivir.,3,friends,label3
"Mi perro era lo único que me ataba a este mundo, sin él ya no tiene sentido seguir acá",3,pets,label3
Estoy tan agotado por todo esto que ojalá no despertara mañana.,3,work,label3
"Mañana me toca día de descanso activo, salgo a caminar tranqui por el parque nomás",0,sports,label0
Cambié de lugar las estanterías de la biblioteca para ordenar los libros por orden alfabético,0,books,label0
"Pido delivery porque hace meses que no tengo fuerza anímica para sentarme en un restaurante, me siento expuesto y miserable",2,restaurants,label2
Paso tantas horas trasladándome que llego sin fuerzas para trabajar.,2,travel,label2
Hace semanas que la comida local me cae pésimo de la pura angustia que cargo por estar tan lejos de mi casa y de mis afectos,2,travel,label2
"No me puedo concentrar en la oficina con esta sensación térmica de 41 grados, siento la cabeza embotada 🥵",1,weather,label1
Se me dio vuelta el paraguas con una ráfaga de viento en la esquina y me empapé de pies a cabeza 😩,1,weather,label1
"mi sobrino cumple años la semana que viene, hay que organizar algo",0,family,label0
"Ni siquiera los poemas de Pizarnik logran abrazar la tristeza que tengo, voy a dejar de respirar",3,books,label3
Ya ni los fines de semana tengo energía para cocinar algo especial.,2,cooking,label2
La ópera era mi sueño y ahora solo quiero que todo termine.,3,music,label3
"Me dieron el alta médica pero mi cabeza sigue rota, ya no disfruto jugar y el vacío es tan grande que me voy a quitar la vida",3,sports,label3
"Viajar antes era emocionante, ahora solo me provoca cansancio constante.",2,travel,label2
Ya casi no respondo los mensajes de mis amigos porque no tengo energía para conversar.,2,friends,label2
"Trabajo todo el día para pagar deudas que no bajan, siento que estar muerto es la única forma de encontrar descanso real",3,work,label3
"Se me pegó el caramelo al fondo de la flanera, tuve que dejarla remojando con agua hirviendo",0,cooking,label0
"Ya ni estudiar puedo, siento que mi vida perdió el sentido por completo.",3,school,label3
"Al fin encontré el bug, tenía un punto y coma adentro de una condición en el script de bash",0,programming,label0
Terminé con dolor de cabeza del vapor y el encierro de la cocina después de preparar el almuerzo familiar,1,cooking,label1
Cada derrota me convence más de que ya no vale la pena continuar.,3,gaming,label3
Mi moto necesita servicio y ya lo estoy notando.,1,transportation,label1
La cuenta salió más barata de lo que esperaba.,0,restaurants,label0
"Siento que llegué al epílogo de mi vida a mis 20 años, ya no hay nada más que contar, adiós",3,books,label3
Soy baterista y ya no tengo ritmo ni razones para seguir.,3,music,label3
El semáforo de la rotonda está titilando en amarillo hace tres días y cruzar ahí es jugarse la vida cada mañana,1,transportation,label1
"Siento que estoy fallando en todo en la oficina pero mi cabeza simplemente no retiene datos nuevos, estoy colapsado",2,work,label2
"Dejaron abierto el final para una tercera parte fija, no cerraron casi ningún arco argumental",0,movies,label0
Desde hace tiempo siento que vivir conectado me está consumiendo la energía.,2,technology,label2
Me frustra que cuando salimos siempre tenga que pagar yo de más porque alguno se hace el distraído con la propina,1,friends,label1
Estoy tardando muchísimo en terminar tareas simples porque mi concentración desapareció.,2,programming,label2
Me cuesta dormir porque sigo pensando en todo lo que quedó pendiente en la computadora.,2,technology,label2
"Antes podía pasar horas hablando con mis amigos, ahora apenas respondo unas palabras.",2,friends,label2
Cada plato que sirvo me recuerda que no merezco estar aquí.,3,restaurants,label3
esperando que lleguen todos para arrancar,0,friends,label0
Me equivoqué al elegir la medida del producto.,1,shopping,label1
"nos encontramos por casualidad en el super, tanto tiempo",0,friends,label0
Se me olvidó hacer una actividad y ahora toca entregarla tarde.,1,school,label1
"El acoso de mi jefe me quitó las ganas de vivir, ya no soporto un día más existiendo así",3,work,label3
No me sale clavar el beatmatching a oído en las bandejas nuevas y me frustra depender del botón de sync,1,music,label1
"Cuidar una mascota da mucho trabajo, pero poco a poco vamos encontrando la rutina.",1,pets,label1
"Viajo tanto que ya no disfruto conocer lugares nuevos, solo quiero dormir.",2,travel,label2
"Ya no puedo soportar la presión de competir, no veo salida.",3,sports,label3
Estoy algo cansado de levantarme temprano para sacar al perro.,1,pets,label1
Qué desgaste pasarse toda la tarde dando vueltas por el shopping buscando un regalo y volverse con las manos vacías,1,shopping,label1
Ando con un dolor de cabeza tremendo de tanto renegar con el fuego de la hornalla que se apaga solo,1,cooking,label1
Mi tablet ya responde muy lento.,1,technology,label1
Hice todas las actividades del libro de inglés mientras esperaba que abriera la puerta,0,school,label0
"El viento fuerte rompió las ventanas y el alma, estoy harto de luchar contra elementos y contra mí mismo.",3,weather,label3
Dejé reposar el flan casero en la heladera toda la noche para que el caramelo líquido baje bien,0,cooking,label0
El metro venía tan lleno que tuve que esperar el siguiente.,1,transportation,label1
configurando las variables de entorno para el nuevo servidor,0,programming,label0
Hace tiempo que siento que perdí la conexión con mi grupo de amigos.,2,friends,label2
"Llevo semanas sintiendo náuseas antes de entrar a cualquier almacén, la incertidumbre del ticket final me tiene destruido anímicamente",2,shopping,label2
descubriendo artistas nuevos gracias a las recomendaciones del playlist,0,music,label0
"manejando bajo la lluvia, hay que ir despacio",0,transportation,label0
"Terminé el fondo de ciclismo con calambres en los dos cuádriceps, el viento en contra me liquidó la cabeza",1,sports,label1
Los pacientes no dejaron de llegar en todo el turno.,1,work,label1
Qué bronca cuando tirás una propuesta re linda para el finde largo y te clavan el visto en el grupo sin responder,1,friends,label1
"Paso semanas enteras arriba del camión cruzando provincias solo, la tristeza y el encierro me están comiendo la cabeza 😔",2,travel,label2
El profe de crossfit metió 50 burpees al final del WOD y quedamos todos tirados en el piso jaja,0,sports,label0
"Siento que el cine ya no me salva como antes, llevo semanas intentando encontrar consuelo en mis pelis de confort y me siento igual de roto",2,movies,label2
Compré unos monitores de estudio chicos para mezclar las pistas en la compu,0,music,label0
"Pusieron una sección de saldos con descuento en la librería de la terminal, pasá a chusmear",0,books,label0
"Me amenazaron con demandarme por el fallo de seguridad que dejé en la API, estoy aterrorizado y siento que mi única escapatoria es morirme",3,programming,label3
me confirmaron el aumento para el proximo mes,0,work,label0
El e-reader se me tildó en medio de una escena re intrigante y encima no me guarda la última página leída,1,books,label1
"Soy guionista y ya no puedo escribir ni una línea, prefiero desaparecer.",3,movies,label3
Me da ansiedad mirar el reloj y darme cuenta de que son las dos de la mañana y todavía me faltan dos episodios para cerrar,1,movies,label1
El viento zonda no para de soplar hace días y me detona unas migrañas y una angustia tan fuerte que tengo que encerrarme a oscuras sin hablar,2,weather,label2
"Siento un rencor y una tristeza enorme porque cuando yo estuve mal ninguno de mis amigos apareció, me dejaron hundirme solo",2,friends,label2
Hace meses que ni mi música favorita logra hacerme sentir mejor.,2,music,label2
Fijate si en la farmacia de guardia tienen protector solar factor 50 en aerosol porfa,0,shopping,label0
empece a leer comics de nuevo despues de mucho tiempo,0,books,label0
terminando de armar el reporte semanal antes de las 6,0,work,label0
El gato me pisó el teclado de la compu y mandó tres mensajes sin sentido al grupo de la facu 🤦‍♂️,0,pets,label0
el mozo nos recomendo el vino que mejor acompañaba la cena,0,restaurants,label0
Hoy el tráfico estuvo peor por la lluvia.,1,weather,label1
No encontraba estacionamiento para hacer las compras.,1,shopping,label1
"Mi pareja me dejó por una película que ni vimos juntos, ya no quiero estar aquí.",3,movies,label3
"Mi novela favorita habla de rendirse y siento que es una señal, ya no quiero vivir.",3,books,label3
"Llevo semanas despertándome con dolor de estómago antes de salir para el colegio, ya no puedo con estos nervios",2,school,label2
"Se me quedó la billetera con las tarjetas en la caja fuerte de la habitación, tuve que volver corriendo",0,travel,label0
"Ayer cometí un error básico en el laboratorio de química por estar con la cabeza totalmente embotada de fatiga, me siento un inútil",2,university,label2
Me siento emocionalmente agotado tratando de sostener a mi familia todos los días.,2,family,label2
"Leo en voz alta para ver si así me concentro pero escucho mi propia voz y no entiendo el significado de las palabras, estoy colapsado",2,books,label2
"El maltrato psicológico en el centro de entrenamiento me rompió, ya no quiero competir ni seguir viviendo",3,sports,label3
Últimamente olvido lo que estudio casi de inmediato y eso me desespera.,2,school,label2
Mi restaurante favorito cerró y siento que mi vida también debería terminar.,3,restaurants,label3
"Llevo un mes entero funcionando por pura inercia en la escuela, con un vacío y un cansancio que no se me van",2,school,label2
Se bugueó la misión y tuve que empezar otra vez.,1,gaming,label1
Últimamente hasta los libros cortos se me hacen eternos.,2,books,label2
"Me quedé dormido viendo una película de acción y soñé que me moría, sentí tanta paz que decidí hacerlo realidad.",3,movies,label3
"La práctica profesional terminó de destruirme, ya no quiero vivir.",3,university,label3
Se me descargó el celular justo cuando necesitaba el mapa.,1,travel,label1
probando el nuevo shooter que salio esta semana,0,gaming,label0
"Son las 4 am y sigo mirando fijamente el libro abierto, no duermo hace semanas y el cansancio mental me está destruyendo",2,books,label2
"mi celular se reinicio solo, raro pero ya funciona bien",0,technology,label0
"Viajar es divertido, pero organizar todos los detalles a veces sí cansa.",1,travel,label1
"Antes hacer rompecabezas me relajaba, ahora pierdo la paciencia enseguida.",2,hobbies,label2
el profe corrio la fecha de entrega para el viernes,0,university,label0
"Me engañé pensando que estudiar cine me salvaría de la depresión, mi mente colapsó y la única paz será la muerte.",3,movies,label3
Está haciendo tanto viento que mejor dejé la bicicleta en casa.,1,weather,label1
"Paso noches enteras escuchando canciones tristes, ya no quiero seguir.",3,music,label3
"Llevo un mes sin poder corregir las lecturas de mis alumnos, la apatía que siento es tan grande que me cuesta horrores trabajar",2,books,label2
Últimamente siento que el clima controla mi estado de ánimo más de lo normal.,2,weather,label2
revisando el codigo antes de mergear a main,0,programming,label0
Hoy empiezo mi turno en el restaurante a las cuatro.,0,restaurants,label0
Hasta las películas que esperaba con emoción se sienten pesadas ahora.,2,movies,label2
Estar lejos de mi pareja durante tanto tiempo me tiene emocionalmente agotado.,2,travel,label2
No me digas que compraste las entradas para la fecha equivocada 🤦‍♂️ decime que es joda,0,friends,label0
terminando de leer el libro que me recomendo mi profesora,0,books,label0
"Mis amigos y yo intentamos organizar algo cada mes, aunque no siempre se puede.",1,friends,label1
"Llevo dos meses viviendo con miedo constante a las evaluaciones de desempeño, el insomnio me está dejando destruido",2,work,label2
Qué base de datos documental recomiendan para guardar eventos en tiempo real sin perder consistencia?,0,programming,label0
"Llevo tres horas esperando un bus bajo la lluvia, siento un vacío enorme y solo deseo que la tierra me trague para siempre",3,transportation,label3
"El plot twist del medio cambia toda la perspectiva de lo que viste antes, brillante ejecución",0,movies,label0
La combinación de trabajar en la oficina y venir derecho a la cursada presencial me está dejando sin nafta,1,university,label1
"Me compré un shakir para la proteína que no deja grumos, un viaje de ida",0,sports,label0
"Cada entrenamiento se siente vacío, quisiera desaparecer.",3,sports,label3
Miro las fotos de mi barrio viejo y me invade un dolor tan punzante que no tengo fuerzas ni para levantarme a desayunar,2,travel,label2
Me fue re flojo en el primer parcial de microeconomía y ahora estoy obligado a meter un 8 en el recuperatorio,1,university,label1
"Qué partidazo de tenis de casi tres horas bajo el sol, terminamos fundidos los dos",0,sports,label0
vamos a la cancha a alentar al equipo esta noche,0,sports,label0
todavia me falta armar la valija,0,travel,label0
Hace semanas que evito los domingos familiares porque me toca cocinar y la ansiedad social mezclada con el cansancio me están quebrando,2,cooking,label2
Me pesa mucho que hasta preparar el desayuno se me haga difícil.,2,cooking,label2
"Ya ni pintar me calma, solo pienso en desaparecer.",3,hobbies,label3
"Rompí el monitor de la frustración y ahora me doy cuenta del monstruo en el que me convertí, estarían mucho mejor sin mí",3,gaming,label3
El matchmaking estuvo rarísimo esta noche.,1,gaming,label1
"Desde el accidente no puedo volver a manejar, perdí mi independencia y soy un estorbo, quiero que esto termine ya",3,transportation,label3
cruzando la ciudad en bici para evitar el trafico de la tarde,0,transportation,label0
Desde hace meses vivo con una tensión constante por todo lo relacionado con mi empleo.,2,work,label2
"Me da vergüenza sentarme a la mesa con mi familia sabiendo que soy un fracasado, prefiero desaparecer",3,cooking,label3
Mi hermano tomó mis cosas sin avisar y sí me molestó.,1,family,label1
"Mañana arranco a cursar a las 7 de la mañana, voy a necesitar dos termos de café encima",0,university,label0
"Esperé dos años la segunda temporada para que la resuelvan en seis capítulos apurados y sin sentido, qué bronca",1,movies,label1
Cada parcial me deja más cansado que el anterior y esto lleva meses así.,2,university,label2
Me preocupa seguir bajando de promedio porque ya no rindo igual.,2,school,label2
Desde que tuve que despedirme de mi gato ya no veo ninguna salida.,3,pets,label3
mi jefa me pidio que lidere el proyecto nuevo,0,work,label0
"Conducir diario ya me deja mentalmente drenado, incluso los fines de semana sigo pensando en el tráfico.",2,transportation,label2
jugando en equipo con mis amigos de siempre,0,gaming,label0
"La presión de ser el primer universitario de la familia me asfixió, les fallé y prefiero morirme antes que darles la cara",3,university,label3
"La deuda del carro de alquiler me está ahogando, mi familia estaría mucho mejor si yo me muero y cobran el seguro",3,transportation,label3
Ayer puse un vinilo para intentar sentir algo de paz y a la mitad del lado A tuve que frenarlo porque sentía que me faltaba el aire,2,music,label2
Ya quiero que deje de hacer tanto calor 😅,1,weather,label1
Hoy practiqué baile y todavía no me sale bien la coreografía.,1,hobbies,label1
probando el modo historia antes de meterme al online,0,gaming,label0
papa por fin arreglo el lavarropas,0,family,label0
"Antes esperaba todo el día para jugar, ahora me pesa solo pensar en conectarme.",2,gaming,label2
"Mi mamá está enferma y no tengo dinero para ayudarla, ya no quiero seguir.",3,family,label3
Reprobé otra vez y ya no le encuentro sentido a seguir.,3,school,label3
armando la build nueva para el personaje de rpg,0,gaming,label0
"Tener que depender de mi familia para que me lleven a todos lados me destruye por dentro, estarían más tranquilos sin mí",3,transportation,label3
Revertí el último commit con git reset soft para no perder los cambios locales que no commitié,0,programming,label0
Los libros siguen en mi mesa esperando y eso ya lleva meses.,2,books,label2
"Me cancelaron el intercambio por mis notas, soy la decepción de la casa y lo mejor es que ya no esté",3,university,label3
El camión siempre viene lleno y llevo semanas sintiéndome saturado antes de empezar el día.,2,transportation,label2
Después de tantas noches sin dormir por este proyecto ya no veo ninguna salida.,3,programming,label3
Estoy algo preocupado porque mi papá anda muy ocupado últimamente.,1,family,label1
"Me duele ver cómo mis amigos de la infancia se juntan sin mí, siento que me descartaron como basura y no puedo salir de este pozo",2,friends,label2
tejiendo amigurumis para regalar en navidad,0,hobbies,label0
conoces algun lugar de comida italiana por aca?,0,restaurants,label0
Me tiene re estresado coordinar los viajes del equipo para el campeonato regional sin sponsors,1,sports,label1
El viaje por carretera duró más de lo planeado.,1,travel,label1
"Se me desafiló la gubia justo cuando estaba tallando la parte más fina del relieve en madera, qué fastidio",1,hobbies,label1
"El ritmo de vuelos de la aerolínea me arruinó el ciclo del sueño por completo, vivo con náuseas y mareos de puro agotamiento",2,travel,label2
Estoy convencido de que el equipo estaría mejor sin mí después de tantos errores.,3,programming,label3
"tengo que refactorizar esta funcion, quedo un desastre",0,programming,label0
"Me pesa el cuerpo toneladas por el bochorno sostenido, hace semanas que abandoné el gimnasio y la dieta por puro agotamiento emocional",2,weather,label2
"Ojo si les llega un correo de Netflix pidiendo actualizar los datos de pago, tiene pinta de falso",0,technology,label0
"Mi clan me echó y eran los únicos amigos que tenía, me quedé totalmente solo y prefiero morir a seguir así",3,gaming,label3
Cada vez que oigo nuestra canción me dan ganas de desaparecer.,3,music,label3
El exceso de tiempo frente a la pantalla ya me está afectando hasta para dormir.,2,technology,label2
Cada rechazo laboral me convence de que no hay lugar para mí en este mundo.,3,work,label3
"Mi gato era mi hijo y me lo envenenaron, el odio y el dolor me consumieron por completo y me voy de este mundo hoy",3,pets,label3
Me da mucha impotencia practicar tantas horas con la mira y sentir que en el mano a mano me tiembla el pulso,1,gaming,label1
Che quién me pasa la receta de la masa para empanadas caseras? Quiero hacer fritas hoy,0,cooking,label0
"Ser la mayor y criar a mis hermanos me robó la vida, estoy totalmente vacía y hoy decido apagarme por completo.",3,family,label3
la playa estaba menos concurrida de lo que esperaba,0,travel,label0
"No me aceptan en ningún trabajo por mi edad, me siento un estorbo y prefiero desaparecer de una buena vez",3,work,label3
"Ni la fotografía me salva de esta depresión tan oscura, ojalá un accidente me lleve pronto.",3,hobbies,label3
Qué desgaste levantarse tres veces por noche para limpiar cuando el perro tiene diarrea,1,pets,label1
"Las guardias de soporte las 24 horas me destruyeron por dentro, ya no quiero solucionar problemas de nadie ni seguir con mi vida",3,programming,label3
Compré una mochila impermeable re espaciosa para llevar la notebook y los tuppers al trabajo,0,shopping,label0
"Me satura tener que correr todos los días para no perder el primer transporte de la mañana, vivo acelerado",1,transportation,label1
"Al fin terminé el tocho de mil páginas de fantasía épica, qué finalazo metió el autor",0,books,label0
"Estudié cine toda mi vida y ahora siento que fracasé, ya no quiero seguir.",3,movies,label3
Avisale al proveedor que la factura de los insumos vino con el cuit mal cargado,0,work,label0
Me cuesta concentrarme tanto que tengo que regresar escenas una y otra vez.,2,movies,label2
El capítulo estuvo intenso y ahora quiero saber qué sigue.,1,movies,label1
Siento que por más que le dedique horas a los planos de instalaciones siempre le encuentran un error nuevo,1,university,label1
Entre clases y planeaciones ya acabé bien cansado.,1,work,label1
Viajar por trabajo me alejó de todos y ahora siento que no merezco seguir.,3,travel,label3
"Renuncié a la empresa de transporte porque el estrés me mataba, pero ahora me doy cuenta de que prefiero dejar de existir",3,transportation,label3
"No encajo en ningún grupo, soy el bicho raro al que todos toleran por lástima, prefiero estar muerto.",3,friends,label3
No me dejaba finalizar la compra online porque faltaba cargar el código postal de facturación,0,shopping,label0
Alguien me presta corrector que me equivoqué de fecha en el encabezado de la hoja?,0,school,label0
Paso horas frente a la computadora y casi no avanzo con la tesis.,2,university,label2
Me está costando mucho recuperar las ganas de jugar como antes.,2,gaming,label2
"Este invierno me quitó las ganas de interactuar con la gente, hace semanas que no respondo mensajes y solo quiero estar tapado en la cama",2,weather,label2
"Llevo seis meses desarrollando una plataforma y a nadie le importó, todo mi esfuerzo fue basura y prefiero morir",3,technology,label3
Ayer me bajé del colectivo tres paradas antes porque la angustia de estar apretado entre tanta gente me estaba provocando arcadas,2,transportation,label2
Ese jefe ya me ganó como diez veces seguidas.,1,gaming,label1
Estuve media hora revolviendo percheros desordenados en la liquidación para no encontrar absolutamente nada que me sirva,1,shopping,label1
Hoy el equipo no logró coordinarse muy bien.,1,sports,label1
El lag me hizo fallar el último disparo 😩,1,gaming,label1
"Me trajeron la hamburguesa con cebolla cuando aclaré dos veces que soy alérgico, ahora tengo que esperar que la hagan de nuevo",1,restaurants,label1
Me cuesta muchísimo mantener la concentración desde que mi perro empezó con sus problemas.,2,pets,label2
Hoy desafiné varias veces y me dio un poco de pena.,1,music,label1
"Me dio bastante tristeza la escena de despedida entre los dos hermanos, estuve moqueando media hora después de que terminó",1,movies,label1
"Siento una vergüenza terrible de haber sido tan dependiente de mis amigos, prefiero terminar con mi sufrimiento.",3,friends,label3
conoci a un amigo de un amigo en la fiesta de ayer,0,friends,label0
"Desde que me mudé de provincia perdí el contacto con todos, la soledad me está carcomiendo la cabeza y ya ni duermo bien",2,friends,label2
"Tengo el baúl lleno de cosas pesadas del súper y el ascensor del edificio está fuera de servicio, me muero",1,shopping,label1
me encanta este clima fresco de otoño,0,weather,label0
"Siento que perdí los mejores años de mi vida persiguiendo un campeonato que nunca llegó, esta es mi última noche acá",3,sports,label3
Me frustra no tener con quién debatir el final de la película coreana porque ninguno de mis amigos la quiso ver,1,movies,label1
toda la familia fue a la casa de campo del abuelo,0,family,label0
El parche cambió las armas y ahora siento raro el juego.,1,gaming,label1
"Hace semanas que funciono en piloto automático durante las carreras, corro sin ganas, con el pecho oprimido y sintiéndome miserable",2,sports,label2
Me dio mucha impotencia que la protagonista tomara las peores decisiones posibles durante toda la película,1,movies,label1
"Llevo semanas llorando de camino al trabajo, tener que lidiar con la adicción de mi hermano me dejó el sistema nervioso destrozado",2,family,label2
La gatita recién nacida no se prende a la mamadera y tengo miedo de que se me deshidrate en cualquier momento,1,pets,label1
"Me siento una carga para mi squad, estarían mejor sin mí.",3,gaming,label3
recorriendo el centro historico a pie todo el dia,0,travel,label0
El transportador estresa mucho a mi gato cada vez que salimos.,1,pets,label1
Desde hace semanas llego tan cansado del traslado que ya ni hago ejercicio.,2,transportation,label2
"Me quedé sin levadura seca en medio de la receta y tuve que improvisar con polvo de hornear, quedó un desastre",1,cooking,label1
"Llevo semanas mirando la terminal en blanco sin poder tirar una sola línea coherente, me da pánico que descubran que ya no rindo",2,programming,label2
"El estrés de la cocina me quitó las ganas de comer, de dormir y de seguir respirando, me despido.",3,restaurants,label3
"Las peleas por dinero en esta casa me destrozaron los nervios, no veo otra salida más que la muerte.",3,family,label3
Qué desgaste bancarse dos horas de ida y dos de vuelta todos los días solo para llegar a la oficina 😩,1,transportation,label1
La película estaba tan oscura que casi no se veía nada.,1,movies,label1
Armé un hook personalizado para manejar el estado global del carrito sin meter Redux al proyecto,0,programming,label0
Tengo que pasar por la verdulería a comprar albahaca fresca para armar un pesto casero,0,cooking,label0
"jugando en modo casual hoy, no tengo ganas de rankeada",0,gaming,label0
"Paso todo el día viendo películas para no pensar, pero cada vez quiero desaparecer más.",3,movies,label3
"el cliente aprobo la propuesta, buena noticia para cerrar la semana",0,work,label0
Ando con dolor de cuello de estar encorvado pegando baldositas diminutas en el mosaico veneciano,1,hobbies,label1
nos dejaron trabajo practico en parejas para el jueves,0,school,label0
El proyector del cine tenía una mancha oscura en la esquina superior que me distrajo durante toda la función,1,movies,label1
"Agarré un libro cualquiera en la librería y me largué a llorar en el pasillo, el agotamiento emocional que cargo me hace quebrar por todo",2,books,label2
Espero que el pedido llegue pronto porque ya tengo hambre.,1,restaurants,label1
Apenas es martes y siento que ya gasté la batería de toda la semana laboral,1,work,label1
Cada vez que la computadora se congela siento que todo el cansancio vuelve de golpe.,2,technology,label2
El paquete de Mercado Libre llegó con la caja media abollada pero lo de adentro intacto por suerte,0,shopping,label0
"Coleccionar figuras ya no me hace feliz, siento que todos estarían mejor sin mí.",3,hobbies,label3
Se siente raro cuando el grupo se divide para hacer cosas distintas.,1,friends,label1
"Mis amigos no entienden por qué nunca quiero salir a comer, no puedo explicarles que el ruido de los cubiertos y la gente me detona ataques de ansiedad",2,restaurants,label2
"Ver pelis era lo único que me quedaba y ya ni eso me calma, ya no quiero estar aquí.",3,movies,label3
"Pongo música clásica a la madrugada para intentar calmar los nervios, pero la cabeza me sigue a mil por hora y no pego un ojo",2,music,label2
"mi gato ama dormir en cajas de carton, no importa el tamaño",0,pets,label0
El prólogo era larguísimo y medio pesado pero a partir del capítulo tres no pude parar,0,books,label0
"Cada día empieza igual, revisando cómo amaneció mi mascota y con la preocupación encima.",2,pets,label2
"Ya no disfruto jugar, solo pienso que no quiero vivir.",3,gaming,label3
"Ver mis maquetas incompletas me confirma que nunca termino nada, mi vida es igual y es hora de cerrarla.",3,hobbies,label3
"No importa cuánto estudie, siento que todo terminó para mí.",3,school,label3
Hoy hice rollback porque la última actualización rompió varias cosas.,1,programming,label1
Ando con dolor de cabeza de escuchar el televisor del comedor al máximo volumen todo el día,1,family,label1
El mozo nos atendió de pésima gana y prácticamente nos revoleó los cubiertos arriba de la mesa,1,restaurants,label1
"El trabajo me consumió por completo, quisiera simplemente desaparecer.",3,work,label3
"Fue un verdadero honor jugar con ustedes estos años, cierro sesión para siempre, decidí que no voy a seguir en este mundo",3,gaming,label3
"Terminé mi turno de infraestructura totalmente quebrado, siento que los sistemas me apagaron la luz y mi única paz será la muerte",3,technology,label3
Cada punto que tejo es un pensamiento de que no merezco vivir.,3,hobbies,label3
"Subí 5 kilos en press de banca plano hoy, de a poco vamos recuperando la fuerza",0,sports,label0
Siento que estoy defraudando a todos con mis calificaciones pero de verdad no me da más la capacidad mental,2,school,label2
"Terminé la semana totalmente colapsado anímicamente por culpa de los viajes diarios, siento que el caos de la calle me destruyó por completo",2,transportation,label2
"Salir a esperar el colectivo a las 5 am con esta helada me está destruyendo la voluntad, hace semanas que lloro en la parada de la pura impotencia",2,weather,label2
La música que amaba ahora me suena a despedida.,3,music,label3
Me aíslo de mi familia en las cenas porque la cabeza me zumba de la estática y los pitidos de los dispositivos que no paran,2,technology,label2
"Ayer cometí tres errores gravísimos en la caja por estar con la cabeza embotada, me tiembla el cuerpo de la impotencia",2,work,label2
Me cuesta dormir porque sigo haciendo cuentas de todo lo que compré.,2,shopping,label2
Qué buena costumbre leer veinte minutos con una taza de té antes de apagar la luz,0,books,label0
Cruzá por la senda peatonal que doblan re rápido los que bajan de la rampa,0,transportation,label0
"Siento que perdí el sabor de la vida, literal nada de lo que cocino me gusta, mastico por pura obligación biológica con un nudo en la garganta",2,cooking,label2
Estoy intentando enseñarle comandos básicos a mi perro.,1,pets,label1
El secreto de mi abuela para la tortilla de papas es pochar las cebollas bien despacito antes de mezclar,0,cooking,label0
Llevo varias semanas sintiéndome rebasado con mis clases y ya hasta preparar material me cuesta.,2,work,label2
El episodio terminó justo cuando se puso interesante.,1,movies,label1
Me encantó cómo recrearon la ambientación de los años ochenta con el vestuario y los autos,0,movies,label0
"Ni dormir bien puedo con este calor, llevo meses acumulando cansancio.",2,weather,label2
"Llevo seis meses intentando crear mi app y no funciona nada, todo mi esfuerzo fue basura y prefiero morir antes que volver a intentar",3,programming,label3
"Preparé un café filtrado con granos recién molidos de Colombia, el aroma inundó todo el departamento",0,cooking,label0
Mi playlist mezcló canciones rarísimas hoy 😂,1,music,label1
"No soporto los ataques de pánico antes de cada code review, esta angustia no es vida y ya decidí terminarla hoy mismo",3,programming,label3
"Llevo un mes sintiendo náuseas cada vez que veo comentarios nuevos en mi pull request, la crítica constante me destruyó el autoestima",2,programming,label2
se me lleno el almacenamiento del celular otra vez,0,technology,label0
Se llenó la sala de chicos disfrazados de los personajes para el estreno de la de superhéroes,0,movies,label0
mi mama nos organizo una sorpresa por el aniversario,0,family,label0
"Servir mesas con una sonrisa fingida mientras por dentro me estoy muriendo me agotó por completo, adiós.",3,restaurants,label3
El Bluetooth no encuentra mis audífonos otra vez.,1,technology,label1
"Pensé que cambiar de género ayudaría, pero sigo sin poder engancharme.",2,books,label2
"Fui al cine solo y me di cuenta de que mi vida está totalmente vacía, tomé la decisión de no despertar mañana.",3,movies,label3
"No puedo parar de llorar antes de cada prueba escrita, siento que por más que estudie me voy a quedar en blanco",2,school,label2
ese libro me parecio bastante aburrido la verdad,0,books,label0
El cielo se veía tranquilo y de repente empezó a llover.,1,weather,label1
El calor dentro del camión estaba pesado.,1,weather,label1
"El examen práctico de circuito impreso fue larguísimo, no llegué a soldar las últimas resistencias",1,university,label1
La nieve nos dejó aislados semanas y el encierro me detonó una claustrofobia y una tristeza tan pesada que me cuesta horrores respirar hondo,2,weather,label2
la caja del super tenia solo dos cajeras hoy,0,shopping,label0
"Salí del examen de álgebra, el múltiple choice estaba bastante tramposo pero creo que llego al 4",0,university,label0
Ayer quise amasar unas pizzas para salir del bajón y me agarró una taquicardia tan fuerte que tuve que dejar la masa tirada,2,cooking,label2
Che a qué hora caen a casa? Yo ya puse a enfriar las bebidas en la heladera,0,friends,label0
"Antes una buena canción cambiaba mi día, ahora ya no noto diferencia.",2,music,label2
"Me duelen las manos de tanto jugar para no pensar en mis problemas, pero el dolor del alma es peor y hoy voy a pararlo definitivamente",3,gaming,label3
"pedi el libro por internet, deberia llegar la otra semana",0,books,label0
"el asado de ayer estuvo buenisimo, hay que repetir",0,friends,label0
Qué bronca cuando tirás el stun perfecto y el enemigo se zafa por un microcorte de internet,1,gaming,label1
"Quise meterme en una saga re larga para olvidarme de mis problemas, pero el peso que siento en el pecho no me deja avanzar",2,books,label2
Llegué al final del misterio policial y la resolución fue tan absurda que me dio bronca haber perdido tantas horas leyéndolo,1,books,label1
"Hace un mes que no canto en la ducha, esa tontería era mi momento de alegría y ahora solo me baño rápido sintiendo un cansancio tremendo",2,music,label2
el tren panoramico tiene vistas hermosas de la montaña,0,travel,label0
Ya no logro conectar con los personajes aunque la historia sea buena.,2,movies,label2
Qué desgaste ensayar cuatro horas seguidas en una sala calurosa y que el tecladista llegue una hora tarde sin avisar,1,music,label1
"Llevo un mes cancelando cada salida que me proponen, la ansiedad social me paraliza y no puedo salir de mi cuarto",2,friends,label2
Desde hace tiempo siento que no puedo seguir el ritmo de las clases.,2,school,label2
"Me olvidé la campera térmica en el ropero de casa y acá en el sur la temperatura está bajo cero, me congelo",1,travel,label1
Llevo semanas sintiéndome la persona más irresponsable del mundo por no poder frenar los gastos hormiga que me están arruinando,2,shopping,label2
"No tengo para los pañales de mi bebé, me siento la peor madre del mundo y sinceramente creo que mi hija estaría mejor si me muero",3,shopping,label3
Llevo semanas con el mismo libro y todavía no lo termino.,1,books,label1
"Criar a mis nietos a esta edad me está costando la salud, los amo pero el cuerpo me duele entero y la cabeza no me da para más",2,family,label2
Desde hace meses siento que entreno en automático.,2,sports,label2
Últimamente cualquier error del software me sobrepasa más de lo normal.,2,technology,label2
Ya no puedo dejar de pensar en las partidas malas aunque cierre el juego.,2,gaming,label2
Estoy en ingeniería y llevo meses sintiendo que no doy el ancho.,2,university,label2
"tengo cursada de dos materias que se superponen, hay que resolverlo",0,university,label0
Trabajar con tanto ruido y presión todos los días ya me está afectando.,2,restaurants,label2
"Este clima gris permanente me chupó las últimas fuerzas que tenía, me despido definitivamente.",3,weather,label3
"El agotamiento de calcular cada centavo en el mercado me hizo tocar fondo, les escribo para despedirme",3,shopping,label3
Se cortó la lluvia y salió un arcoíris doble gigante cruzando toda la avenida,0,weather,label0
"Me echaron por reducción de personal, soy una carga para todos y lo mejor es que deje de existir",3,work,label3
practicando ajedrez online con desconocidos,0,hobbies,label0
"El protocolo de tesis ya me lo rebotaron dos veces con observaciones de metodología, me tiene re quemado",1,university,label1
Últimamente cualquier cambio de clima me deja sin concentración por horas.,2,weather,label2
"Estoy gastando lo poco que gano en pastillas para la migraña, el ruido del bar me tiene colapsado mentalmente hace más de un mes",2,restaurants,label2
"El cansancio mental me impide hacer mis álbumes de recortes, mi historia se acabó acá y no pienso escribir más.",3,hobbies,label3
"esta helado hoy, hay que abrigarse bien",0,weather,label0
"Mi socio me robó el dinero del restaurante y huyó, me dejó en la ruina total y no pienso seguir aquí.",3,restaurants,label3
"Siento que estudio hasta la madrugada todos los días y aun así no logro aprobar, me siento súper incapaz",2,school,label2
"Llevo meses sintiendo que la tecnología me tiene atrapado como un esclavo, no tengo un solo momento de silencio mental en todo el día",2,technology,label2
Avisen si van a la charla sobre inteligencia artificial en el aula magna que empieza a las cinco,0,university,label0
"Fui a comprar los útiles de los chicos y tuve que dejar la mitad en la caja por falta de fondos, me siento tan miserable que ya no quiero luchar más",3,shopping,label3
"Pusieron aire acondicionado nuevo en el taller, por fin no nos vamos a cocinar en verano",0,work,label0
Ya llevo varias horas leyendo la documentación oficial.,1,programming,label1
Este calor no da tregua desde hace meses y ya no tengo energía para hacer nada.,2,weather,label2
El posnet del negocio no leía mi tarjeta de débito y tuve que salir a buscar un cajero a las apuradas con la compra armada,1,shopping,label1
"Me da terror abrir el correo de la agencia y ver qué rompí ahora, estoy tan desesperado que me voy a matar",3,technology,label3
Últimamente cualquier comida sencilla se siente complicada de preparar.,2,cooking,label2
El perro se tiró a dormir en la única baldosa donde pegaba el rayito de sol en el comedor,0,pets,label0
Terminé con la espalda re contracturada de estar cuatro horas doblando alambres de bonsái sin descansar,1,hobbies,label1
"La ansiedad que me da pisar la secundaria me asfixia, siento que la única salida es irme de este mundo",3,school,label3
"El desgaste de cuidar a un animalito con problemas neurológicos crónicos me liquidó las defensas, vivo enfermo y sin fuerzas",2,pets,label2
Alquilamos un auto chico para recorrer los pueblitos de la costa con total libertad de horarios,0,travel,label0
"Nos fue re bien en la feria de ciencias, a la directora le encantó nuestro volcán con bicarbonato",0,school,label0
"Antes disfrutaba los fines de semana con ellos, ahora casi siempre los evito.",2,friends,label2
"Siento una opresión en el pecho constante desde que me cambiaron al proyecto legacy, la deuda técnica me está ahogando",2,programming,label2
El calor extremo me tiene agotado y ya no quiero estar aquí.,3,weather,label3
Estoy practicando para cocinar mejor el fin de semana.,1,cooking,label1
Trabajar en el restaurante me deja tan cansado que ya abandoné varios hobbies.,2,restaurants,label2
Mi hija no quiere verme y siento que todos estarían mejor sin mí.,3,family,label3
"El desgaste psicológico que me provocó este juego me dejó sin defensas, vivo con contracturas severas y migrañas constantes",2,gaming,label2
"El invierno siempre me pega, pero este año llevo meses sintiéndome peor.",2,weather,label2
"Comer se volvió un trámite horrible, me preparo ensaladas sin lavar bien las cosas por la falta de energía que me consume el alma",2,cooking,label2
"Fracasé en la universidad y en el trabajo de QA, ya no me quedan motivos para levantarme y lo mejor es dejar de existir",3,programming,label3
Qué bronca cuando ponés a transferir una carpeta enorme y al 99% te tira error de redundancia cíclica,1,technology,label1
"Ayer intenté cantar una canción que me encanta y se me quebró la voz de la nada, llevo semanas con un nudo constante",2,music,label2
Me cuesta un montón organizarme con las lecturas semanales cuando son tres materias teóricas juntas,1,university,label1
tengo que responder como veinte mails todavia,0,work,label0
discutimos por quien lavaba los platos pero ya se soluciono,0,family,label0
Me cuesta picar las verduras tan rápido como en las recetas.,1,cooking,label1
"Mis amistades siguen invitándome a salir, pero ya casi nunca acepto.",2,friends,label2
Pudieron sacar fotos del eclipse de luna ayer? A mí me quedó un halo violeta re loco en la imagen,0,hobbies,label0
"organizando la biblioteca de casa, tengo demasiados libros sin leer",0,books,label0
Me armé una carpeta con canciones de salsa y cumbia para limpiar la casa a full,0,music,label0
"Mi autor favorito se suicidó y a veces entiendo por qué, ya no quiero estar aquí.",3,books,label3
"El inspector de tránsito me pidió los papeles del seguro y la VTV, todo en regla por suerte",0,transportation,label0
"El CGI en la pelea final se notaba medio trucho, pero la historia en general entretiene bastante",0,movies,label0
"El soporte técnico me consumió todas las ganas de interactuar con el mundo, ya no quiero vivir",3,technology,label3
Releo mis cuentos favoritos de la infancia buscando consuelo y solo encuentro un recuerdo amargo de cuando las cosas no dolían,2,books,label2
"Mi perro aprendió a dar la pata cuando le muestro una galletita, re obediente salió",0,pets,label0
fuimos a comer algo rapido entre reuniones,0,restaurants,label0
"Siento una opresión constante en el pecho cuando trato de restaurar los muebles viejos, la falta de ganas me paraliza por completo",2,hobbies,label2
"Perdí la partida promocional y sentí cómo se me apagaba el alma, no tengo fuerzas para intentarlo de nuevo ni en el juego ni en la vida",3,gaming,label3
"El trauma del choque me persigue todas las noches, no puedo dormir y tomé la firme decisión de no seguir en este mundo",3,transportation,label3
La inscripción fue un caos y perdí bastante tiempo.,1,university,label1
Estoy esperando que respondan para confirmar la salida.,1,friends,label1
La tensión entre mis padres ya me afecta incluso cuando estoy fuera de casa.,2,family,label2
Mi sobrino tiene muchísima energía y terminé agotado de jugar con él.,1,family,label1
"No puedo con esta ansiedad de deber tanto por comprar, ya no quiero seguir.",3,shopping,label3
"Hice panqueques para el desayuno con dulce de leche y rodajas de banana, arranque de diez",0,cooking,label0
Las notificaciones no paran nunca y ya me cuesta muchísimo concentrarme.,2,technology,label2
"Siento que mi única utilidad era proveer y como ya no puedo comprar ni lo básico para la casa, mi vida no vale nada",3,shopping,label3
Avisale a mamá que ya pasé por la fiambrería a buscar el queso cremoso y el jamón cocido,0,shopping,label0
la beta del juego nuevo se ve prometedora,0,gaming,label0
"Pensé que terminaría el libro hoy, pero solo avancé unas páginas.",1,books,label1
"Cada noche intento retomar mi libro, pero cierro los ojos sin haber avanzado nada.",2,books,label2
"Mi mejor amigo murió y cada canción me lo recuerda, ya no quiero seguir.",3,music,label3
Terminé mareado de tantas teorías y citas académicas que tuve que contrastar para el marco teórico de la monografía,1,books,label1
terminando de armar el esquema de la base de datos,0,programming,label0
"Me encierro a cocinar para no hablar con mi familia, pero lloro sobre la mesada mientras revuelvo las ollas, el dolor no se me pasa nunca",2,cooking,label2
"Antes leía todas las noches, ahora abro un libro y mi cabeza se va a otro lado.",2,books,label2
"El matchmaking de este juego es cualquier cosa, me emparejan contra tipos nivel 500 jajaja",0,gaming,label0
Che decile a Martín que conteste el grupo que estamos decidiendo qué carpa llevar al camping,0,friends,label0
Me noto mucho más irritable desde que empecé esta racha tan larga de frustración en el juego.,2,gaming,label2
"Pensé que llegaría temprano, pero hubo demasiado tráfico.",1,transportation,label1
Quién dejó la campera del uniforme colgada en el respaldo del banco de atrás?,0,school,label0
Salimos a pajarear temprano por la laguna y pudimos registrar un martín pescador hermoso con el teleobjetivo,0,hobbies,label0
La secuela no estuvo tan buena como la primera.,1,movies,label1
Estoy tan saturado que abrir el IDE ya me provoca una sensación de agotamiento.,2,programming,label2
"Miro el pizarrón durante horas y no logro retener ni una sola palabra, siento la cabeza completamente nublada",2,school,label2
"Llevo semanas con una irritabilidad constante que no controlo, cualquier corrección técnica me hace hervir la sangre o ponerme a llorar",2,sports,label2
Estoy completamente agotado de preocuparme por la salud de mi perro todos los días.,2,pets,label2
Hace meses que compro materiales para pintar y siguen sin usarse.,2,hobbies,label2
"me quede jugando hasta tarde, valio la pena",0,gaming,label0
Qué bronca cuando rompés algo sin querer y tenés que pasarte la tarde haciendo git bisect para ver dónde fue,1,programming,label1
Esta semana casi no he descansado por tantas entregas.,1,university,label1
"No me acuerdo la clave de la cuenta de Google, voy a tener que pedir el código de recuperación por sms",0,technology,label0
Hace meses que casi no duermo por las preocupaciones de mi familia.,2,family,label2
"Mi mejor amigo se puso de novio hace poco y desapareció por completo del mapa, ya casi ni contesta",1,friends,label1
Cada vez que pongo una película termino viendo el celular sin prestar atención.,2,movies,label2
Me da vergüenza pedirle otra prórroga al director del proyecto de investigación pero no llego con los datos,1,university,label1
"Siento que el ritmo de la industria me quebró por dentro, no tengo momentos de calma ni desconexión real hace meses",2,programming,label2
Peleé con mi compañera de banco por el proyecto de ciencias y ahora el ambiente está re incómodo,1,school,label1
Pasame el link de tu playlist de Spotify para el viaje en ruta porfa,0,music,label0
La inundación se llevó mis recuerdos y mis ganas de vivir.,3,weather,label3
No encuentro los apuntes de la semana pasada y mañana entra todo eso en el cuestionario,1,school,label1
El ambiente en la fábrica está tan pesado que ya voy con tensión desde que despierto.,2,work,label2
"Dejé el club de tejido porque no soporto a nadie, ya no quiero vivir.",3,hobbies,label3
Cada práctica con el piano me deja mentalmente agotado.,2,music,label2
"El estrés de manejar el colectivo urbano con pasajeros agresivos me liquidó la salud, tengo gastritis nerviosa hace más de un mes",2,transportation,label2
Tengo el estómago cerrado de los nervios por la inspección de seguridad que cae mañana,1,work,label1
Probé agregarle una cucharadita de azúcar a la salsa de tomate para sacarle la acidez y quedó joya,0,cooking,label0
Me tiene con el estómago revuelto pensar en cómo decirle a mi mamá que me fue mal en una materia,1,family,label1
"Qué desgaste pelear con los estados de React, se me renderiza el componente veinte veces por segundo",1,programming,label1
"Dejé de cocinar porque siento que todo lo que hago sale mal, mejor desaparezco.",3,cooking,label3
Ya abandoné todos mis proyectos porque siento que no tiene sentido seguir.,3,programming,label3
Tengo mil hojas de fotocopias para leer de filosofía y el lenguaje que usa es re complicado,1,school,label1
El autobús pasó lleno y no pude subir.,1,transportation,label1
"Tengo el telescopio juntando polvo, antes me amanecía mirando las estrellas y hoy la apatía me tiene atrapado en la cama",2,hobbies,label2
"Ya ni escribir caligrafía me da tranquilidad, mi mente es un infierno y la única salida que veo es dejar este cuerpo.",3,hobbies,label3
"No soporto los ataques de pánico por las alertas del servidor, esta noche dejo de existir",3,technology,label3
Tengo mil películas guardadas en la lista de pendientes y nunca me queda un hueco libre para sentarme a verlas,1,movies,label1
Tengo el estribillo de ese tema pegado en la cabeza desde que me levanté,0,music,label0
"La burla constante de mis compañeros en los recreos me tiene destruido el ánimo, voy a clases con un nudo en la garganta",2,school,label2
Hace mucho tiempo que cocinar dejó de sentirse como algo que disfruto y ahora solo logro hacerlo con muchísimo esfuerzo.,2,cooking,label2
"Mi border collie no se cansa nunca de devolverme el frisbee, tengo el brazo acalambrado ya",0,pets,label0
"El asiento del micro de larga distancia no se reclinaba y me tocó viajar trece horas rígido, me duele todo el cuerpo",1,travel,label1
"Puse a descargar la actualización de 50 gigas del Call of Duty, mañana recién voy a poder entrar",0,gaming,label0
Quién lleva la pelota número 5 para el partido de fútbol 7 de las ocho?,0,sports,label0
"Mi suegra me humilla a diario y mi esposo no dice nada, no tengo a dónde ir y mi única paz será la muerte.",3,family,label3
Me siento agotado casi todos los días desde que comenzó este ciclo escolar.,2,university,label2
"Me tiró un poco el isquiotibial en el pique final, voy a ponerme hielo por las dudas",0,sports,label0
Cada parche nuevo me exige volver a aprender todo y ya no tengo la misma energía.,2,gaming,label2
"Qué mala conexión tuve hoy, casi no podía jugar.",1,gaming,label1
"La app de streaming se vive tildando y baja la calidad a 480p cada dos minutos, me saca de quicio 🤦‍♂️",1,movies,label1
Estoy cansado de sentir que nunca avanzo aunque siga entrenando.,2,sports,label2
"El pronóstico extendido da sol pleno para todo el fin de semana largo, qué golazo",0,weather,label0
Siento que últimamente si no busco yo a la gente del grupo para vernos nadie mueve un dedo,1,friends,label1
No encuentro razones para seguir estudiando ni para seguir aquí.,3,school,label3
"Hace rato que no hablamos, ojalá podamos ponernos al día pronto.",1,friends,label1
"Se me cortó la mayonesa casera lpm, le voy a tirar una yema tibia para ver si emulsiona de nuevo",0,cooking,label0
"El miedo a tener que tomar una decisión irreversible sobre la vida de mi perro me paraliza por completo, me cuesta hasta respirar hondo",2,pets,label2
"Mi comprensión bajó muchísimo, tengo que regresar varias páginas todo el tiempo.",2,books,label2
"La lluvia no para y mis lágrimas tampoco, ya no quiero vivir.",3,weather,label3
Tengo las yemas de los dedos en carne viva de tanto practicar slap en el bajo y todavía suena sucio,1,music,label1
El café salió demasiado fuerte esta mañana.,1,cooking,label1
"Estoy en un pozo por mis compras compulsivas, ya no veo ninguna salida.",3,shopping,label3
"Siento una apatía total hacia el torneo, antes contaba los días para viajar y hoy solo tengo ganas de encerrarme y no salir",2,sports,label2
Fui solo a cenar a nuestro restaurante favorito y el vacío me aplastó tanto que hoy decido terminar con todo.,3,restaurants,label3
"La película que iba a hacer con mi mejor amigo quedó en nada, ya no quiero seguir.",3,movies,label3
Llevo demasiado tiempo sintiendo que mi cabeza ya no responde igual cuando programo.,2,programming,label2
Me dio tristeza ver que el grupo con el que jugaba todas las noches online ya ni se conecta al servidor,1,friends,label1
Me angustia sentir que si no salgo de joda con ellos los findes me voy desconectando del grupo de a poco,1,friends,label1
Hoy terminé mentalmente cansado después de tanto revisar código.,1,programming,label1
Llevo semanas postergando trámites importantes porque la sola idea de lidiar con el tráfico y el transporte me deja completamente paralizado,2,transportation,label2
"el postre de este lugar es una locura, hay que pedirlo",0,restaurants,label0
Se rompieron dos platos hondos en la mudanza de mi prima pero por suerte el resto llegó sano,0,family,label0
Qué difícil está el nuevo evento del juego.,1,gaming,label1
"Se quedó sin batería el monopatín eléctrico a tres cuadras de casa, me tocó empujarlo jaja",0,transportation,label0
"tengo entrenamiento doble hoy, mañana y tarde",0,sports,label0
Cada error en producción me hace pensar que ya no quiero vivir.,3,programming,label3
"Estos días han sido pesados, pero espero que la próxima semana esté más tranquila.",1,work,label1
"Hacía velas aromáticas para bajar la ansiedad, pero el dolor en el pecho me asfixia y decidí que hoy termino con todo.",3,hobbies,label3
"Cocinaba para impresionar a todos y que me quisieran, ahora sé que a nadie le importo y me quiero morir",3,cooking,label3
Me falta terminar un dibujo para artes y ya es tarde.,1,school,label1
"Qué buena estuvo la charla anoche tomando unos mates en la vereda, había que ponerse al día",0,friends,label0
Cada comida requiere un esfuerzo enorme y eso me tiene agotado.,2,cooking,label2
Me cuesta muchísimo concentrarme incluso haciendo cosas que antes amaba.,2,hobbies,label2
"Soy estudiante de intercambio y la soledad me está consumiendo, ya no quiero estar aquí.",3,travel,label3
Dejen el celular en silencio durante la función por respeto a los demás espectadores por favor,0,movies,label0
"Mi perrita viejita cerró los ojos por última vez, me siento tan vacío que esta noche voy a hacer lo mismo",3,pets,label3
El cajero me atendió de re mala gana y me revoleó los paquetes arriba de la cinta como si fueran basura,1,shopping,label1
"El café con leche me lo trajeron hirviendo y quemado, tenía gusto amargo intomable",1,restaurants,label1
El proyecto en equipo va lento porque nadie responde en Git.,1,programming,label1
"Soy cantante y perdí la voz, ya no quiero estar aquí.",3,music,label3
"Llevo meses silenciando el grupo de WhatsApp, leerlos armar planes sin mí me genera un nudo en la garganta que no me deja ni comer",2,friends,label2
"Mi familia me dio la espalda cuando más los necesitaba, esta soledad me ahoga y voy a terminar con todo.",3,family,label3
"No puedo dejar de pensar que si hubiera hecho algo distinto ella seguiría aquí, ya no veo salida.",3,pets,label3
Ese buffet tiene muchísima variedad de comida.,0,restaurants,label0
Juego en el celular para distraerme pero termino igual de frustrado.,2,gaming,label2
Estoy aprendiendo a hacer cerámica y no es tan fácil como parece.,1,hobbies,label1
Estoy tan cansado que leo el mismo correo varias veces y aún así se me pasan cosas.,2,work,label2
"Se les cayó el sistema del posnet justo cuando íbamos a pagar y no teníamos nada de efectivo encima, qué garrón",1,restaurants,label1
"Llevo un mes sintiendo que todo lo que hago en la empresa sale mal, la culpa y la desesperación me tienen consumido",2,work,label2
Tengo tres entregas pesadísimas para este viernes y todavía no arranqué con el marco teórico,1,university,label1
Ayer intenté ver una peli romántica con mi pareja y tuve que irme a encerrar al baño porque la angustia me estaba asfixiando,2,movies,label2
Ya quiero que llegue el fin de semana para descansar de la escuela.,1,school,label1
Metí dos bandejas de milanesas al horno con un chorrito de aceite de oliva para no hacer fritura,0,cooking,label0
Pensé que comprar me haría feliz y ahora solo quiero que todo termine.,3,shopping,label3
"Ni siquiera puedo concentrarme, solo pienso que ya no quiero vivir.",3,work,label3
Mi mejor amigo está enojado conmigo y siento que ya no hay salida.,3,friends,label3
"Últimamente uso las películas como un anestésico, me encierro a oscuras a ver cualquier cosa con tal de aislarme del mundo real",2,movies,label2
Pensé que iba a ganar y me remontaron al final.,1,gaming,label1
"El restaurante se quemó anoche y con él se fue todo mi patrimonio, no tengo fuerzas para empezar de cero, adiós.",3,restaurants,label3
Me da ansiedad tener que encarar a mi amiga para decirle que me molestó un comentario que me tiró el viernes,1,friends,label1
Tengo los hombros re cargados de sostener la postura del saxo durante el ensayo general de la orquesta,1,music,label1
"El chef me acusó de robar dinero de la caja cuando fui yo quien lo puso de mis ahorros, no aguantó más esta injusticia, adiós.",3,restaurants,label3
Me desespera no encontrar una tablatura confiable de ese tema indie para sacar el arreglo de teclado,1,music,label1
"Se me cayó la tapa del salero adentro de la salsa de tomate y se me fue medio paquete, qué desastre hice",1,cooking,label1
Mi amigo me contó un spoiler sin querer.,1,movies,label1
Estoy aprendiendo a cocinar y todavía me equivoco seguido.,1,cooking,label1
"Hace semanas que siento una opresión en el pecho cada vez que le doy al botón de buscar partida, el pánico al fracaso me paraliza",2,gaming,label2
"Entró un lote enorme de repuestos al depósito, mañana vamos a estar a full clasificando",0,work,label0
"Siento que soy la mancha negra del apellido, la vergüenza de mis papás, voy a limpiar eso desapareciendo para siempre.",3,family,label3
"Cada jornada termina igual, con un agotamiento que ya no se me quita.",2,restaurants,label2
"Perdón mamá por ser un adicto a los videojuegos y no hacer nada con mi vida, prometo que desde mañana ya no vas a sufrir por mi culpa",3,gaming,label3
El build de producción sigue fallando en el pipeline y la entrega con el cliente es mañana a primera hora,1,programming,label1
"Tengo las manos lastimadas y la espalda rota de cargar a mi perro grande para que haga sus necesidades, pero lo que más me duele es el alma",2,pets,label2
Estoy intentando ajustar el presupuesto del viaje.,1,travel,label1
"La universidad me hizo sentir que nunca seré suficiente, ojalá todo acabara.",3,university,label3
"Ni cuando termino un examen logro sentir alivio, solo más agotamiento.",2,university,label2
Cada día el trayecto al trabajo se siente más largo.,1,transportation,label1
Me da mucha rabia que los conductores no respeten la ciclovía y la usen de estacionamiento para descargar mercadería,1,transportation,label1
Mi mamá anda con la presión media alta por los disgustos y eso me deja recalculando todo el día,1,family,label1
Estoy un poco frustrado porque tuve que rehacer parte del trabajo.,1,work,label1
"No me gustó nada el cambio de estilo que metieron en el último álbum, prefiero lo viejo",0,music,label0
Me quedé sin hilo de coser beige justo cuando estaba cerrando el dobladillo de la cortina,0,hobbies,label0
Llevo semanas comiendo directo de la lata de atún porque el nivel de abandono personal que tengo no me permite ni ensuciar un plato,2,cooking,label2
"El inspector cerró la cocina por negligencia mía, arruiné el negocio familiar y merezco desaparecer.",3,restaurants,label3
"Renuncié a mi trabajo para dedicarme a la carrera y me fue horrible, arruiné mi vida y es momento de decir adiós",3,university,label3
Le agregué un middleware a Node.js para medir los tiempos de respuesta de cada ruta del backend,0,programming,label0
Perdimos cuatro partidas al hilo por culpa del jungla que no vino a ningún objetivo 🤦‍♂️,0,gaming,label0
Últimamente siento que cualquier detalle en el restaurante me sobrepasa.,2,restaurants,label2
Hace dos meses que vivo con miedo constante a que me rechacen la tarjeta en el posnet frente a toda la fila del mercado,2,shopping,label2
"Ayer entregué mis botines, mi sueño se murió ayer y hoy me toca morir a mí, los voy a extrañar mucho",3,sports,label3
Le cambié la tierra y le puse abono de lombriz a los potus del rincón para que crezcan con fuerza,0,hobbies,label0
Quién se copa para jugar un pádel mixto este viernes a la tarde en las canchas techadas?,0,sports,label0
el profesor de economia dio la clase mas dinamica que las otras,0,university,label0
"Qué desesperación manejar en hora pico con la lluvia, la gente se vuelve completamente loca y no pone un giro 🤦‍♂️",1,transportation,label1
"Me echaron por negarme a volver a la oficina, me quedé sin nada y tomé la firme decisión de no seguir",3,technology,label3
La tienda estaba cerrada cuando llegué.,1,shopping,label1
Qué lindo cuando una reunión de una hora se resuelve en un mail de tres líneas jaja,0,work,label0
Ayer intenté hacer la receta que me enseñó mi abuela para animarme y terminé tirando todo a la basura por un ataque de llanto incontrolable,2,cooking,label2
"El burnout del competitivo ya me alcanzó, pero sigo entrando por costumbre.",2,gaming,label2
"Cada comentario de odio en el chat me hunde más, quisiera desaparecer.",3,gaming,label3
"Compré el volante con pedalera para los simuladores de carreras, la respuesta de fuerza es tremenda",0,gaming,label0
Me preocupa que mi periquito esté comiendo menos.,1,pets,label1
Cada noche me cuesta dormir porque sigo pensando en los pendientes familiares.,2,family,label2
"Me tiemblan las manos cada vez que tengo que configurar los servidores de la facultad, el pánico a otro fallo masivo me paraliza",2,technology,label2
Anoté las nuevas palabras en francés en fichas de colores para memorizar los géneros de los sustantivos,0,hobbies,label0
El pedal de distorsión mete un zumbido raro si no lo conecto con una fuente aislada,0,music,label0
Hoy aprendí una herramienta nueva y terminé con la cabeza llena de información.,1,work,label1
mi director de tesis me contesto el mail por fin,0,university,label0
horneando muffins para llevar al trabajo,0,cooking,label0
"Me fastidia un montón que aumenten los lácteos todas las semanas, llenar el changuito se volvió un dolor de huevos",1,shopping,label1
"El capítulo de hoy estuvo bueno, pero ahora toca esperar otra semana.",1,movies,label1
Desde hace meses vivo con la preocupación de cometer un error en el trabajo.,2,work,label2
Hace semanas que ya no encuentro ganas de convivir con nadie de mi grupo.,2,friends,label2
"Me la paso quemando la comida porque no puedo concentrarme, ya no quiero vivir.",3,cooking,label3
"La presión por llegar a los números de ventas me reventó por dentro, ya tomé la decisión de no seguir en este mundo",3,work,label3
Ese actor siempre hace exactamente el mismo personaje en todas las comedias románticas jaja,0,movies,label0
Llevo meses sintiendo una distancia enorme con mi círculo de amigos.,2,friends,label2
"Llevo meses llorando en el baño del restaurante en mis descansos, la presión de la cocina me tiene el sistema nervioso destrozado",2,restaurants,label2
Qué impotencia cuando en el aeropuerto te abren la mochila entera para revisarte un frasco de perfume chico,1,travel,label1
Casi pierdo el autobús que iba al aeropuerto.,1,travel,label1
Me tiene re estresado coordinar la entrega del colchón porque no te dan un rango de horario específico,1,shopping,label1
tengo que terminar la tarea antes de cenar,0,school,label0
"Perdón por haber gastado tanta plata en tonterías cuando más lo necesitábamos, les prometo que ya no voy a ser una carga nunca más",3,shopping,label3
Me arruinó la noche ver cómo arruinaron el cierre de una trilogía histórica con un final tan mediocre 😩,1,movies,label1
"Hace semanas que no puedo probar bocado, ver la comida me da náuseas y solo deseo desaparecer",3,cooking,label3
"La presión de la fecha de entrega del software me reventó por dentro, ya tomé la decisión de no seguir acá",3,technology,label3
"Siento un bloqueo motriz tremendo, mis dedos no coordinan las habilidades y esa pérdida de control me desespera hace semanas",2,gaming,label2
"actualizando android en la tablet, va bastante lento",0,technology,label0
fuimos a comer algo liviano despues del gimnasio,0,restaurants,label0
probando transportes distintos para moverse por la ciudad,0,travel,label0
"Tengo el sistema nervioso completamente alterado por las alertas de guardia nocturna, cualquier vibración me despierta con palpitaciones",2,technology,label2
"Paso tantas horas trabado en el tránsito todos los días que siento que se me va la vida adentro del auto, ya no tengo energía para mi familia",2,transportation,label2
"Llevo semanas sintiéndome el más tonto del curso, la frustración académica me tiene el autoestima por el piso",2,school,label2
La actualización cambió todo de lugar y ahora no encuentro nada.,1,technology,label1
Me pasé toda la mañana depurando una consulta sql que tardaba una eternidad en responder,0,work,label0
por fin compre las entradas para el recital,0,music,label0
"Prendo stream y todos me insultan en el chat, mi canal se hundió y mi vida también, ojalá no despierte mañana",3,gaming,label3
Quién se copa para ayudarme a cortar las cebollas en juliana que no paro de llorar?,0,cooking,label0
"Trabajar catorce horas diarias en la cocina me destrozó la salud mental, mi familia estaría mejor sin mí.",3,restaurants,label3
Siento el cuerpo pesado y la presión por el piso con este día tan bochornoso y nublado,1,weather,label1
Llevo semanas sintiéndome agotado por todas las responsabilidades familiares.,2,family,label2
"Mis amigos me dijeron que soy una carga tóxica, tienen toda la razón y les voy a hacer el favor de desaparecer.",3,friends,label3
Avisen si empezó a tronar por allá que acá en zona sur el cielo se puso negro de golpe,0,weather,label0
ayude a mi papa a acomodar el garage todo el sabado,0,family,label0
Ayer me temblaban tanto los dedos que no podía ni escribir en el teclado ergonómico de la pura tensión acumulada que cargo,2,technology,label2
"Ayer mis alumnos de canto me notaron mal y no pude contener las lágrimas, me siento tan sobrepasado que no logro ni disimular",2,music,label2
El chofer del remise se perdió buscando la dirección y me hizo dar mil vueltas innecesarias por el barrio,1,transportation,label1
Últimamente me cuesta muchísimo concentrarme cuando programo.,2,programming,label2
Tenía muchas ganas de ir al recital con mi grupo pero todos dijeron que no tenían plata y me dio bajón,1,friends,label1
"La presión de la tesis médica me destrozó la cabeza, ya no le veo sentido a seguir vivo si soy un inútil",3,university,label3
Me invade una tristeza enorme cada domingo a la tarde sabiendo que arranca otra semana entera de clases,2,school,label2
"Pensé que sería una lectura ligera, pero está más pesada.",1,books,label1
"Perder la final de esa forma me destruyó, siento que no valgo nada y lo mejor es que ya no esté acá",3,sports,label3
"El cajero se confundió y me cobró dos veces el mismo paquete de galletitas, ya me hizo la anulación",0,shopping,label0
Ya no puedo mirar mis medallas sin pensar que todo terminó.,3,sports,label3
Traté de ver una comedia para animarme pero sigo sintiendo que la única paz será la muerte.,3,movies,label3
Últimamente evito salir porque solo pensar en moverme me genera demasiada tensión.,2,transportation,label2
Me frustra no poder educar a mi perro para que no le salte encima a la gente cuando salimos a caminar,1,pets,label1
"Llevo meses comprando comida hecha en la rotisería de la esquina, me da vergüenza pero el estrés me sacó todas las ganas de pisar mi cocina",2,cooking,label2
"Ni hacer jardinería me conecta con la tierra, me siento un fantasma y creo que ya es hora de hacerlo realidad.",3,hobbies,label3
Qué parlante bluetooth recomiendan que sea resistente al agua para llevar a la pileta?,0,music,label0
"Soy productor y ya no encuentro sentido a nada, ni a las mezclas.",3,music,label3
"Hace meses que no tengo ganas de interactuar con nadie, me invitan a tomar algo y la sola idea me genera náuseas y pánico",2,friends,label2
Optimizamos los assets del bundle inicial y logramos bajar el tamaño de descarga a la mitad,0,programming,label0
Hoy el restaurante estuvo llenísimo desde temprano.,1,work,label1
